product_key,product_id,product_name,category,sub_category
1,OFF-TEN-10000025,"Tenex Lockers, Blue",Office Supplies,Storage
2,OFF-SU-10000618,"Acme Trimmer, High Speed",Office Supplies,Supplies
3,OFF-TEN-10001585,"Tenex Box, Single Width",Office Supplies,Storage
4,OFF-PA-10001492,"Enermax Note Cards, Premium",Office Supplies,Paper
5,FUR-FU-10003447,"Eldon Light Bulb, Duo Pack",Furniture,Furnishings
6,OFF-PA-10001968,"Eaton Computer Printout Paper, 8.5 x 11",Office Supplies,Paper
7,TEC-OKI-10002750,"Okidata Inkjet, Wireless",Technology,Machines
8,OFF-AP-10000304,"Hoover Microwave, White",Office Supplies,Appliances
9,TEC-CO-10004182,"Hewlett Wireless Fax, Laser",Technology,Copiers
10,FUR-NOV-10002791,"Novimex Swivel Stool, Set of Two",Furniture,Chairs
11,OFF-ST-10003020,"Tenex Lockers, Industrial",Office Supplies,Storage
12,FUR-TA-10002797,"Chromcraft Round Table, Adjustable Height",Furniture,Tables
13,FUR-BO-10000728,"Dania Corner Shelving, Traditional",Furniture,Bookcases
14,TEC-CO-10000594,"Hewlett Fax and Copier, Laser",Technology,Copiers
15,FUR-CH-10000214,"Hon Rocking Chair, Set of Two",Furniture,Chairs
16,TEC-PH-10002647,"Nokia Headset, VoIP",Technology,Phones
17,OFF-BRE-10003081,"Breville Coffee Grinder, Black",Office Supplies,Appliances
18,TEC-AC-10002881,"Belkin Numeric Keypad, Bluetooth",Technology,Accessories
19,FUR-CH-10000666,"SAFCO Chairmat, Black",Furniture,Chairs
20,OFF-ST-10002066,"Smead File Cart, Blue",Office Supplies,Storage
21,OFF-LA-10003396,"Avery Color Coded Labels, Laser Printer Compatible",Office Supplies,Labels
22,OFF-BIC-10000582,"BIC Sketch Pad, Water Color",Office Supplies,Art
23,OFF-ROG-10004393,"Rogers Folders, Industrial",Office Supplies,Storage
24,OFF-STI-10000388,"Stiletto Scissors, Serrated",Office Supplies,Supplies
25,OFF-CAM-10004338,"Cameo Interoffice Envelope, Set of 50",Office Supplies,Envelopes
26,OFF-FA-10002569,"Stockwell Staples, Metal",Office Supplies,Fasteners
27,OFF-ADV-10000213,"Advantus Rubber Bands, Metal",Office Supplies,Fasteners
28,FUR-BO-10001498,"Dania Classic Bookcase, Pine",Furniture,Bookcases
29,TEC-AC-10001082,"Enermax Keyboard, Bluetooth",Technology,Accessories
30,OFF-EN-10000857,"Jiffy Interoffice Envelope, Set of 50",Office Supplies,Envelopes
31,OFF-AR-10001546,"Binney & Smith Sketch Pad, Easy-Erase",Office Supplies,Art
32,OFF-SU-10003629,"Fiskars Letter Opener, Easy Grip",Office Supplies,Supplies
33,TEC-CO-10002998,"Sharp Ink, Laser",Technology,Copiers
34,OFF-EN-10004956,"Jiffy Interoffice Envelope, Set of 50",Office Supplies,Envelopes
35,FUR-CH-10004827,"SAFCO Chairmat, Black",Furniture,Chairs
36,TEC-AC-10003081,"Memorex Mouse, USB",Technology,Accessories
37,OFF-EN-10002816,"Kraft Peel and Seal, Recycled",Office Supplies,Envelopes
38,OFF-AR-10002485,"Boston Markers, Easy-Erase",Office Supplies,Art
39,OFF-PA-10000174,"Message Book, Wirebound, Four 5 1/2"" X 4"" Forms/Pg., 200 Dupl. Sets/Book",Office Supplies,Paper
40,OFF-LA-10000784,"Harbour Creations File Folder Labels, 5000 Label Set",Office Supplies,Labels
41,OFF-ST-10001426,"Eldon Folders, Single Width",Office Supplies,Storage
42,OFF-BOS-10004950,"Boston Pens, Fluorescent",Office Supplies,Art
43,OFF-AVE-10003279,"Avery Hole Reinforcements, Durable",Office Supplies,Binders
44,OFF-AP-10004245,"Hoover Stove, Black",Office Supplies,Appliances
45,OFF-AR-10001291,"Sanford Canvas, Fluorescent",Office Supplies,Art
46,OFF-AR-10000833,"Binney & Smith Pencil Sharpener, Water Color",Office Supplies,Art
47,OFF-ST-10002743,SAFCO Boltless Steel Shelving,Office Supplies,Storage
48,FUR-FU-10000394,"Rubbermaid Photo Frame, Durable",Furniture,Furnishings
49,OFF-LA-10003223,Avery 508,Office Supplies,Labels
50,OFF-BI-10004094,GBC Standard Plastic Binding Systems Combs,Office Supplies,Binders
51,FUR-FU-10000468,"Advantus Frame, Durable",Furniture,Furnishings
52,OFF-ST-10000344,"Fellowes Box, Industrial",Office Supplies,Storage
53,OFF-ST-10001631,"Tenex Trays, Blue",Office Supplies,Storage
54,OFF-FA-10000549,"Advantus Staples, Metal",Office Supplies,Fasteners
55,OFF-PA-10003407,"Enermax Memo Slips, Recycled",Office Supplies,Paper
56,TEC-LOG-10003079,"Logitech Flash Drive, Erganomic",Technology,Accessories
57,OFF-EN-10002166,"Cameo Manila Envelope, with clear poly window",Office Supplies,Envelopes
58,OFF-AR-10003478,"Avery Hi-Liter EverBold Pen Style Fluorescent Highlighters, 4/Pack",Office Supplies,Art
59,FUR-CH-10004063,Global Deluxe High-Back Manager's Chair,Furniture,Chairs
60,OFF-BI-10004632,Ibico Hi-Tech Manual Binding System,Office Supplies,Binders
61,TEC-PH-10004977,GE 30524EE4,Technology,Phones
62,OFF-ELD-10001694,"Eldon File Cart, Single Width",Office Supplies,Storage
63,TEC-MA-10000868,"Panasonic Phone, Wireless",Technology,Machines
64,TEC-AC-10003413,"Logitech Router, Programmable",Technology,Accessories
65,OFF-ST-10004855,"Smead Lockers, Industrial",Office Supplies,Storage
66,TEC-MA-10004482,"Panasonic Card Printer, White",Technology,Machines
67,TEC-HP -10000464,"HP Fax and Copier, Color",Technology,Copiers
68,TEC-PH-10004539,Wireless Extenders zBoost YX545 SOHO Signal Booster,Technology,Phones
69,OFF-STA-10004885,"Stanley Sketch Pad, Easy-Erase",Office Supplies,Art
70,OFF-FA-10002071,"Accos Thumb Tacks, Assorted Sizes",Office Supplies,Fasteners
71,FUR-BO-10000265,"Bush Floating Shelf Set, Pine",Furniture,Bookcases
72,OFF-PA-10002005,Xerox 225,Office Supplies,Paper
73,OFF-STA-10000244,"Stanley Sketch Pad, Fluorescent",Office Supplies,Art
74,OFF-FA-10001871,"Stockwell Rubber Bands, Bulk Pack",Office Supplies,Fasteners
75,OFF-BI-10000136,"Ibico Index Tab, Durable",Office Supplies,Binders
76,OFF-AR-10002399,"Dixon Prang Watercolor Pencils, 10-Color Set with Brush",Office Supplies,Art
77,OFF-AR-10003684,"BIC Sketch Pad, Fluorescent",Office Supplies,Art
78,FUR-ADV-10000847,"Advantus Stacking Tray, Black",Furniture,Furnishings
79,OFF-FA-10001883,"Alliance Super-Size Bands, Assorted Sizes",Office Supplies,Fasteners
80,OFF-PA-10000955,Southworth 25% Cotton Granite Paper & Envelopes,Office Supplies,Paper
81,OFF-LA-10002875,"Novimex Shipping Labels, Adjustable",Office Supplies,Labels
82,OFF-AR-10001662,Rogers Handheld Barrel Pencil Sharpener,Office Supplies,Art
83,OFF-AR-10000316,"Stanley Pens, Blue",Office Supplies,Art
84,FUR-IKE-10001539,"Ikea Classic Bookcase, Pine",Furniture,Bookcases
85,TEC-MA-10002468,"Panasonic Inkjet, White",Technology,Machines
86,FUR-BO-10003103,"Ikea Classic Bookcase, Metal",Furniture,Bookcases
87,OFF-ST-10002471,"Smead Lockers, Single Width",Office Supplies,Storage
88,FUR-FU-10004864,"Howard Miller 14-1/2"" Diameter Chrome Round Wall Clock",Furniture,Furnishings
89,OFF-BI-10002937,"Wilson Jones Binder Covers, Clear",Office Supplies,Binders
90,OFF-AR-10000110,"Binney & Smith Sketch Pad, Blue",Office Supplies,Art
91,OFF-AVE-10000608,"Avery Index Tab, Economy",Office Supplies,Binders
92,OFF-BI-10003708,"Acco Four Pocket Poly Ring Binder with Label Holder, Smoke, 1""",Office Supplies,Binders
93,TEC-PH-10001730,"Motorola Signal Booster, Full Size",Technology,Phones
94,TEC-AC-10000354,"Belkin Numeric Keypad, USB",Technology,Accessories
95,OFF-ST-10001342,"Fellowes Trays, Blue",Office Supplies,Storage
96,TEC-PH-10003823,"Apple Headset, Full Size",Technology,Phones
97,OFF-FA-10000577,"Stockwell Push Pins, 12 Pack",Office Supplies,Fasteners
98,OFF-LA-10000668,"Smead Removable Labels, Adjustable",Office Supplies,Labels
99,OFF-PA-10003405,"Green Bar Memo Slips, Premium",Office Supplies,Paper
100,OFF-BI-10003874,"Avery Index Tab, Clear",Office Supplies,Binders
101,TEC-PH-10004664,"Nokia Smart Phone, with Caller ID",Technology,Phones
102,FUR-IKE-10002894,"Ikea Library with Doors, Traditional",Furniture,Bookcases
103,TEC-CAN-10004354,"Canon Ink, Laser",Technology,Copiers
104,FUR-CHR-10004803,"Chromcraft Wood Table, Fully Assembled",Furniture,Tables
105,OFF-SAN-10003226,"SanDisk Message Books, Recycled",Office Supplies,Paper
106,OFF-SAN-10000874,"Sanford Pencil Sharpener, Fluorescent",Office Supplies,Art
107,TEC-EPS-10000774,"Epson Phone, Red",Technology,Machines
108,OFF-HOO-10001783,"Hoover Microwave, Red",Office Supplies,Appliances
109,TEC-CO-10001818,"Sharp Wireless Fax, Digital",Technology,Copiers
110,OFF-EAT-10002068,"Eaton Note Cards, Premium",Office Supplies,Paper
111,OFF-ST-10004695,"Fellowes File Cart, Blue",Office Supplies,Storage
112,OFF-CAM-10001249,"Cameo Mailers, with clear poly window",Office Supplies,Envelopes
113,OFF-ST-10002251,"Fellowes Shelving, Wire Frame",Office Supplies,Storage
114,OFF-SU-10003559,"Kleencut Ruler, Steel",Office Supplies,Supplies
115,OFF-LA-10000879,"Hon File Folder Labels, Alphabetical",Office Supplies,Labels
116,OFF-BI-10002853,"Avery Binder Covers, Recycled",Office Supplies,Binders
117,TEC-STA-10000546,"StarTech Calculator, Red",Technology,Machines
118,OFF-PA-10003731,"Enermax Note Cards, Premium",Office Supplies,Paper
119,OFF-SAN-10001128,"Sanford Pens, Easy-Erase",Office Supplies,Art
120,OFF-AVE-10000357,"Avery Binder Covers, Clear",Office Supplies,Binders
121,OFF-ACC-10003422,"Acco Binder, Durable",Office Supplies,Binders
122,TEC-AC-10001266,Memorex Micro Travel Drive 8 GB,Technology,Accessories
123,OFF-FA-10003615,"Stockwell Staples, Assorted Sizes",Office Supplies,Fasteners
124,OFF-SU-10003739,"Elite Scissors, Easy Grip",Office Supplies,Supplies
125,OFF-AR-10004078,Newell 312,Office Supplies,Art
126,FUR-CH-10004255,"SAFCO Executive Leather Armchair, Red",Furniture,Chairs
127,OFF-ST-10003741,"Smead Lockers, Blue",Office Supplies,Storage
128,FUR-BO-10002214,"Dania Floating Shelf Set, Traditional",Furniture,Bookcases
129,TEC-PH-10002806,"Apple Audio Dock, VoIP",Technology,Phones
130,TEC-CO-10001895,"Sharp Wireless Fax, Color",Technology,Copiers
131,TEC-PH-10002755,"Apple Headset, VoIP",Technology,Phones
132,OFF-AR-10003613,"Sanford Canvas, Easy-Erase",Office Supplies,Art
133,FUR-TA-10001693,"Bevis Training Table, with Bottom Storage",Furniture,Tables
134,OFF-AR-10001599,"Binney & Smith Canvas, Blue",Office Supplies,Art
135,FUR-FU-10001096,"Advantus Clock, Black",Furniture,Furnishings
136,FUR-FU-10001471,"Eldon Door Stop, Durable",Furniture,Furnishings
137,FUR-SAF-10003540,"Safco Floating Shelf Set, Metal",Furniture,Bookcases
138,OFF-EN-10000128,"GlobeWeis Interoffice Envelope, Set of 50",Office Supplies,Envelopes
139,OFF-ST-10003446,"Smead Trays, Single Width",Office Supplies,Storage
140,FUR-FU-10000256,"Rubbermaid Photo Frame, Duo Pack",Furniture,Furnishings
141,OFF-AP-10000569,"KitchenAid Coffee Grinder, Black",Office Supplies,Appliances
142,OFF-AR-10004519,"Boston Canvas, Fluorescent",Office Supplies,Art
143,FUR-FU-10000965,"Howard Miller 11-1/2"" Diameter Ridgewood Wall Clock",Furniture,Furnishings
144,OFF-LA-10002733,"Novimex File Folder Labels, Alphabetical",Office Supplies,Labels
145,OFF-BI-10001833,"Ibico Hole Reinforcements, Recycled",Office Supplies,Binders
146,OFF-BI-10004334,"Avery Hole Reinforcements, Durable",Office Supplies,Binders
147,OFF-LA-10004272,Avery 482,Office Supplies,Labels
148,TEC-AC-10004743,"Logitech Router, USB",Technology,Accessories
149,TEC-CO-10003142,"Hewlett Fax and Copier, Laser",Technology,Copiers
150,FUR-BO-10004080,"Ikea Stackable Bookrack, Traditional",Furniture,Bookcases
151,TEC-MA-10003078,"Epson Printer, White",Technology,Machines
152,FUR-CH-10000745,"Hon Chairmat, Adjustable",Furniture,Chairs
153,OFF-PA-10000450,"Green Bar Note Cards, Multicolor",Office Supplies,Paper
154,FUR-FU-10000010,"DAX Value U-Channel Document Frames, Easel Back",Furniture,Furnishings
155,OFF-BI-10000081,"Ibico Index Tab, Clear",Office Supplies,Binders
156,OFF-FEL-10001792,"Fellowes Folders, Wire Frame",Office Supplies,Storage
157,OFF-AVE-10000065,"Avery Removable Labels, Alphabetical",Office Supplies,Labels
158,OFF-KLE-10001317,"Kleencut Ruler, Easy Grip",Office Supplies,Supplies
159,OFF-ADV-10003030,"Advantus Staples, 12 Pack",Office Supplies,Fasteners
160,OFF-FEL-10003848,"Fellowes Trays, Industrial",Office Supplies,Storage
161,OFF-SME-10004553,"Smead Lockers, Blue",Office Supplies,Storage
162,TEC-HP -10001574,"HP Fax Machine, Laser",Technology,Copiers
163,TEC-MA-10000560,"StarTech Inkjet, Wireless",Technology,Machines
164,OFF-ST-10002506,"Smead Lockers, Blue",Office Supplies,Storage
165,OFF-FEL-10001343,"Fellowes Box, Wire Frame",Office Supplies,Storage
166,OFF-SU-10001794,"Elite Ruler, Steel",Office Supplies,Supplies
167,OFF-AR-10004884,"Sanford Pens, Fluorescent",Office Supplies,Art
168,OFF-PA-10002040,"Green Bar Cards & Envelopes, Multicolor",Office Supplies,Paper
169,OFF-LA-10002353,"Harbour Creations Legal Exhibit Labels, Laser Printer Compatible",Office Supplies,Labels
170,OFF-LA-10002765,"Harbour Creations Legal Exhibit Labels, Adjustable",Office Supplies,Labels
171,OFF-BI-10001055,"Wilson Jones Hole Reinforcements, Durable",Office Supplies,Binders
172,OFF-ST-10000078,Tennsco 6- and 18-Compartment Lockers,Office Supplies,Storage
173,OFF-ST-10000025,Fellowes Stor/Drawer Steel Plus Storage Drawers,Office Supplies,Storage
174,TEC-AC-10003174,Plantronics S12 Corded Telephone Headset System,Technology,Accessories
175,TEC-MA-10002918,"StarTech Card Printer, White",Technology,Machines
176,FUR-CH-10000422,Global Highback Leather Tilter in Burgundy,Furniture,Chairs
177,TEC-PH-10003847,"Apple Headset, with Caller ID",Technology,Phones
178,FUR-BO-10003034,"O'Sullivan Elevations Bookcase, Cherry Finish",Furniture,Bookcases
179,OFF-PA-10001650,"Xerox Message Books, Premium",Office Supplies,Paper
180,FUR-BO-10001295,"Safco Floating Shelf Set, Traditional",Furniture,Bookcases
181,OFF-EN-10004870,"Jiffy Mailers, Security-Tint",Office Supplies,Envelopes
182,OFF-EN-10001532,Brown Kraft Recycled Envelopes,Office Supplies,Envelopes
183,OFF-PA-10004155,"Eaton Computer Printout Paper, 8.5 x 11",Office Supplies,Paper
184,OFF-FEL-10001261,"Fellowes File Cart, Blue",Office Supplies,Storage
185,FUR-FU-10000944,"Tenex Door Stop, Black",Furniture,Furnishings
186,OFF-ST-10004015,"Smead Trays, Blue",Office Supplies,Storage
187,OFF-ST-10001326,"Tenex Shelving, Single Width",Office Supplies,Storage
188,OFF-ACM-10003278,"Acme Trimmer, Easy Grip",Office Supplies,Supplies
189,OFF-BI-10000185,"Cardinal Binder Covers, Recycled",Office Supplies,Binders
190,OFF-AR-10003514,4009 Highlighters by Sanford,Office Supplies,Art
191,OFF-EN-10001990,Staples,Office Supplies,Envelopes
192,OFF-PA-10002947,Xerox 1923,Office Supplies,Paper
193,OFF-BI-10004187,Staples,Office Supplies,Binders
194,OFF-STA-10000298,"Stanley Canvas, Blue",Office Supplies,Art
195,OFF-BI-10003476,Avery Metallic Poly Binders,Office Supplies,Binders
196,TEC-CO-10003228,"Hewlett Copy Machine, Laser",Technology,Copiers
197,FUR-BO-10003126,"Dania Library with Doors, Traditional",Furniture,Bookcases
198,FUR-CH-10003485,"Hon Swivel Stool, Set of Two",Furniture,Chairs
199,OFF-AR-10000989,"Binney & Smith Canvas, Blue",Office Supplies,Art
200,OFF-AR-10000251,"Stanley Markers, Fluorescent",Office Supplies,Art
201,OFF-AP-10001169,"Cuisinart Microwave, White",Office Supplies,Appliances
202,FUR-BO-10003433,Sauder Cornerstone Collection Library,Furniture,Bookcases
203,OFF-PA-10001869,"Green Bar Computer Printout Paper, 8.5 x 11",Office Supplies,Paper
204,OFF-SU-10004244,"Elite Letter Opener, Easy Grip",Office Supplies,Supplies
205,FUR-HAR-10000441,"Harbour Creations Rocking Chair, Adjustable",Furniture,Chairs
206,OFF-SAN-10004232,"Sanford Markers, Fluorescent",Office Supplies,Art
207,OFF-LA-10000134,"Harbour Creations Removable Labels, 5000 Label Set",Office Supplies,Labels
208,TEC-AC-10003628,Logitech 910-002974 M325 Wireless Mouse for Web Scrolling,Technology,Accessories
209,OFF-AR-10001230,"Binney & Smith Markers, Water Color",Office Supplies,Art
210,FUR-FU-10001095,DAX Black Cherry Wood-Tone Poster Frame,Furniture,Furnishings
211,TEC-PH-10004614,AT&T 841000 Phone,Technology,Phones
212,OFF-LA-10001074,Round Specialty Laser Printer Labels,Office Supplies,Labels
213,OFF-ST-10001646,"Fellowes Box, Wire Frame",Office Supplies,Storage
214,OFF-ST-10000988,"Fellowes Folders, Blue",Office Supplies,Storage
215,OFF-ST-10003764,"Tenex Box, Industrial",Office Supplies,Storage
216,OFF-BI-10001397,"Ibico Binder, Economy",Office Supplies,Binders
217,OFF-BI-10001575,GBC Linen Binding Covers,Office Supplies,Binders
218,OFF-AR-10004138,"Stanley Pens, Easy-Erase",Office Supplies,Art
219,OFF-LA-10001413,"Hon Shipping Labels, Laser Printer Compatible",Office Supplies,Labels
220,OFF-FEL-10004665,"Fellowes Lockers, Blue",Office Supplies,Storage
221,OFF-FA-10000856,"Stockwell Thumb Tacks, Bulk Pack",Office Supplies,Fasteners
222,OFF-FA-10002268,"OIC Clamps, 12 Pack",Office Supplies,Fasteners
223,OFF-BI-10004446,"Acco Binding Machine, Economy",Office Supplies,Binders
224,OFF-CAR-10003259,"Cardinal Binder, Recycled",Office Supplies,Binders
225,OFF-BIN-10000772,"Binney & Smith Pencil Sharpener, Water Color",Office Supplies,Art
226,OFF-BI-10004195,"Wilson Jones Binding Machine, Clear",Office Supplies,Binders
227,TEC-MA-10001859,"Okidata Printer, Wireless",Technology,Machines
228,FUR-BO-10004407,"Ikea Floating Shelf Set, Metal",Furniture,Bookcases
229,TEC-CO-10004267,"Brother Ink, Laser",Technology,Copiers
230,TEC-BEL-10000681,"Belkin Mouse, USB",Technology,Accessories
231,OFF-AP-10000692,Fellowes Mighty 8 Compact Surge Protector,Office Supplies,Appliances
232,TEC-AC-10002370,"SanDisk Flash Drive, Bluetooth",Technology,Accessories
233,OFF-EN-10004150,"GlobeWeis Business Envelopes, Recycled",Office Supplies,Envelopes
234,OFF-STO-10000347,"Stockwell Clamps, Assorted Sizes",Office Supplies,Fasteners
235,FUR-BUS-10002989,"Bush Classic Bookcase, Traditional",Furniture,Bookcases
236,OFF-AP-10002433,"Cuisinart Microwave, Silver",Office Supplies,Appliances
237,FUR-BO-10001972,O'Sullivan 4-Shelf Bookcase in Odessa Pine,Furniture,Bookcases
238,FUR-OFF-10002395,"Office Star Rocking Chair, Red",Furniture,Chairs
239,FUR-BO-10004980,"Bush Library with Doors, Mobile",Furniture,Bookcases
240,OFF-PA-10000659,"TOPS Carbonless Receipt Book, Four 2-3/4 x 7-1/4 Money Receipts per Page",Office Supplies,Paper
241,OFF-SME-10002417,"Smead Trays, Single Width",Office Supplies,Storage
242,OFF-EN-10002504,"Tyvek  Top-Opening Peel & Seel Envelopes, Plain White",Office Supplies,Envelopes
243,OFF-AR-10002094,"Boston Pencil Sharpener, Water Color",Office Supplies,Art
244,OFF-ELD-10000124,"Eldon Trays, Single Width",Office Supplies,Storage
245,OFF-GRE-10000216,"Green Bar Note Cards, Premium",Office Supplies,Paper
246,OFF-BI-10003676,"GBC Standard Recycled Report Covers, Clear Plastic Sheets",Office Supplies,Binders
247,OFF-FEL-10002399,"Fellowes Box, Blue",Office Supplies,Storage
248,OFF-NOV-10000512,"Novimex Color Coded Labels, Adjustable",Office Supplies,Labels
249,OFF-NOV-10001568,"Novimex Shipping Labels, 5000 Label Set",Office Supplies,Labels
250,FUR-TA-10001285,"Chromcraft Conference Table, Fully Assembled",Furniture,Tables
251,OFF-FEL-10002867,"Fellowes Lockers, Single Width",Office Supplies,Storage
252,FUR-CH-10002331,Hon 4700 Series Mobuis Mid-Back Task Chairs with Adjustable Arms,Furniture,Chairs
253,TEC-PH-10001061,Apple iPhone 5C,Technology,Phones
254,TEC-PH-10000990,"Cisco Signal Booster, with Caller ID",Technology,Phones
255,FUR-OFF-10003688,"Office Star Rocking Chair, Black",Furniture,Chairs
256,FUR-FU-10002918,Eldon ClusterMat Chair Mat with Cordless Antistatic Protection,Furniture,Furnishings
257,TEC-PH-10003980,"Apple Signal Booster, VoIP",Technology,Phones
258,TEC-AC-10004070,"Memorex Router, Programmable",Technology,Accessories
259,OFF-AP-10002311,"Holmes Replacement Filter for HEPA Air Cleaner, Very Large Room, HEPA Filter",Office Supplies,Appliances
260,OFF-SU-10004480,"Fiskars Box Cutter, Serrated",Office Supplies,Supplies
261,OFF-ST-10003123,Fellowes Bases and Tops For Staxonsteel/High-Stak Systems,Office Supplies,Storage
262,OFF-FIS-10001591,"Fiskars Trimmer, High Speed",Office Supplies,Supplies
263,OFF-BI-10001002,"Avery Binder Covers, Recycled",Office Supplies,Binders
264,OFF-AR-10004456,Panasonic KP-4ABK Battery-Operated Pencil Sharpener,Office Supplies,Art
265,OFF-ROG-10001101,"Rogers Shelving, Wire Frame",Office Supplies,Storage
266,OFF-BI-10003091,GBC DocuBind TL200 Manual Binding Machine,Office Supplies,Binders
267,OFF-EN-10001539,Staples,Office Supplies,Envelopes
268,FUR-FU-10003194,"Eldon Expressions Desk Accessory, Wood Pencil Holder, Oak",Furniture,Furnishings
269,OFF-AR-10003110,"Sanford Sketch Pad, Water Color",Office Supplies,Art
270,OFF-BI-10004364,Storex Dura Pro Binders,Office Supplies,Binders
271,OFF-CAM-10000497,"Cameo Manila Envelope, Set of 50",Office Supplies,Envelopes
272,OFF-BI-10002296,"Acco Binder Covers, Economy",Office Supplies,Binders
273,OFF-AR-10002375,Newell 351,Office Supplies,Art
274,OFF-BI-10000605,"Acco Pressboard Covers with Storage Hooks, 9 1/2"" x 11"", Executive Red",Office Supplies,Binders
275,OFF-ST-10000760,Eldon Fold 'N Roll Cart System,Office Supplies,Storage
276,OFF-PA-10002893,"Wirebound Service Call Books, 5 1/2"" x 4""",Office Supplies,Paper
277,FUR-FU-10002268,Ultra Door Push Plate,Furniture,Furnishings
278,OFF-AR-10003811,Newell 327,Office Supplies,Art
279,OFF-ST-10003102,"Rogers Lockers, Single Width",Office Supplies,Storage
280,FUR-BO-10003991,"Bush Classic Bookcase, Traditional",Furniture,Bookcases
281,OFF-ST-10000430,"Tenex File Cart, Blue",Office Supplies,Storage
282,OFF-AR-10000751,"Binney & Smith Highlighters, Blue",Office Supplies,Art
283,OFF-SME-10001652,"Smead Trays, Wire Frame",Office Supplies,Storage
284,OFF-BI-10000538,"Acco Binding Machine, Clear",Office Supplies,Binders
285,FUR-BO-10003112,"Sauder Floating Shelf Set, Traditional",Furniture,Bookcases
286,FUR-CH-10003392,"Novimex Steel Folding Chair, Red",Furniture,Chairs
287,TEC-AC-10003047,"SanDisk Keyboard, USB",Technology,Accessories
288,OFF-AR-10001190,"Boston Canvas, Easy-Erase",Office Supplies,Art
289,TEC-PH-10004827,"Samsung Headset, Cordless",Technology,Phones
290,FUR-FU-10001889,Ultra Door Pull Handle,Furniture,Furnishings
291,FUR-ADV-10002889,"Advantus Clock, Durable",Furniture,Furnishings
292,OFF-FA-10003816,"Stockwell Staples, Metal",Office Supplies,Fasteners
293,OFF-BI-10004722,"Avery Index Tab, Clear",Office Supplies,Binders
294,FUR-BO-10001739,"Dania Classic Bookcase, Mobile",Furniture,Bookcases
295,FUR-CH-10001490,"Novimex Executive Leather Armchair, Red",Furniture,Chairs
296,OFF-SU-10002670,"Stiletto Box Cutter, High Speed",Office Supplies,Supplies
297,OFF-LA-10001634,"Harbour Creations Color Coded Labels, Laser Printer Compatible",Office Supplies,Labels
298,OFF-PA-10001456,"Eaton Memo Slips, 8.5 x 11",Office Supplies,Paper
299,OFF-OIC-10001921,"OIC Clamps, Assorted Sizes",Office Supplies,Fasteners
300,OFF-IBI-10002486,"Ibico Index Tab, Clear",Office Supplies,Binders
301,TEC-CIS-10002344,"Cisco Smart Phone, Full Size",Technology,Phones
302,OFF-BRE-10004436,"Breville Stove, Black",Office Supplies,Appliances
303,TEC-CO-10004078,"Sharp Fax Machine, Laser",Technology,Copiers
304,FUR-CH-10004685,"Harbour Creations Swivel Stool, Set of Two",Furniture,Chairs
305,OFF-EN-10003770,"Kraft Manila Envelope, with clear poly window",Office Supplies,Envelopes
306,FUR-FU-10000702,"Tenex Frame, Black",Furniture,Furnishings
307,FUR-HON-10000722,"Hon Rocking Chair, Adjustable",Furniture,Chairs
308,FUR-CH-10003540,"Office Star Bag Chairs, Set of Two",Furniture,Chairs
309,OFF-AR-10000340,"Boston Pens, Water Color",Office Supplies,Art
310,OFF-PA-10003899,"SanDisk Memo Slips, Multicolor",Office Supplies,Paper
311,TEC-AC-10001438,"SanDisk Flash Drive, Programmable",Technology,Accessories
312,OFF-FA-10004310,"Advantus Staples, 12 Pack",Office Supplies,Fasteners
313,OFF-LA-10004007,"Harbour Creations Color Coded Labels, Adjustable",Office Supplies,Labels
314,OFF-PA-10001804,Xerox 195,Office Supplies,Paper
315,OFF-LA-10004430,"Avery Shipping Labels, Laser Printer Compatible",Office Supplies,Labels
316,OFF-AVE-10003558,"Avery Round Labels, Alphabetical",Office Supplies,Labels
317,OFF-AR-10003005,"Boston Markers, Fluorescent",Office Supplies,Art
318,OFF-BI-10002885,"Avery Hole Reinforcements, Recycled",Office Supplies,Binders
319,OFF-FA-10003467,"Alliance Big Bands Rubber Bands, 12/Pack",Office Supplies,Fasteners
320,OFF-OIC-10001056,"OIC Clamps, 12 Pack",Office Supplies,Fasteners
321,OFF-BI-10002986,"Avery Binder Covers, Recycled",Office Supplies,Binders
322,OFF-AR-10001720,"Stanley Canvas, Blue",Office Supplies,Art
323,TEC-PAN-10002454,"Panasonic Phone, Red",Technology,Machines
324,OFF-AR-10001228,"Stanley Markers, Water Color",Office Supplies,Art
325,OFF-BI-10001192,"Cardinal Binder, Clear",Office Supplies,Binders
326,OFF-AR-10002640,"Boston Pens, Blue",Office Supplies,Art
327,OFF-EN-10004525,"GlobeWeis Peel and Seal, Security-Tint",Office Supplies,Envelopes
328,OFF-PA-10000453,"Xerox Cards & Envelopes, 8.5 x 11",Office Supplies,Paper
329,OFF-PA-10001091,"Eaton Computer Printout Paper, Recycled",Office Supplies,Paper
330,FUR-FU-10004689,"Advantus Light Bulb, Duo Pack",Furniture,Furnishings
331,OFF-BIN-10001385,"Binney & Smith Pens, Fluorescent",Office Supplies,Art
332,FUR-CH-10003950,"Novimex Executive Leather Armchair, Black",Furniture,Chairs
333,FUR-SAF-10004252,"SAFCO Executive Leather Armchair, Adjustable",Furniture,Chairs
334,TEC-CO-10001926,"Hewlett Wireless Fax, Laser",Technology,Copiers
335,TEC-KON-10003211,"Konica Inkjet, White",Technology,Machines
336,OFF-KIT-10002678,"KitchenAid Coffee Grinder, Silver",Office Supplies,Appliances
337,FUR-BO-10004620,"Safco Stackable Bookrack, Mobile",Furniture,Bookcases
338,OFF-SME-10000746,"Smead Lockers, Industrial",Office Supplies,Storage
339,TEC-ENE-10004627,"Enermax Router, Erganomic",Technology,Accessories
340,TEC-HP -10001905,"HP Personal Copier, Laser",Technology,Copiers
341,OFF-PA-10000070,"Eaton Computer Printout Paper, Recycled",Office Supplies,Paper
342,OFF-AR-10002256,"BIC Sketch Pad, Easy-Erase",Office Supplies,Art
343,OFF-SU-10003072,"Elite Trimmer, Serrated",Office Supplies,Supplies
344,OFF-ST-10004365,"Fellowes Shelving, Wire Frame",Office Supplies,Storage
345,OFF-HAM-10003872,"Hamilton Beach Blender, White",Office Supplies,Appliances
346,OFF-ST-10002905,"Rogers Box, Single Width",Office Supplies,Storage
347,OFF-BI-10003277,"Ibico Binder Covers, Durable",Office Supplies,Binders
348,OFF-AR-10000091,"BIC Highlighters, Water Color",Office Supplies,Art
349,TEC-AC-10004520,"Memorex Flash Drive, Bluetooth",Technology,Accessories
350,OFF-BI-10003708,"Avery Binder, Economy",Office Supplies,Binders
351,OFF-LA-10001375,"Smead Removable Labels, 5000 Label Set",Office Supplies,Labels
352,OFF-BI-10001384,"Cardinal Binder, Economy",Office Supplies,Binders
353,FUR-NOV-10000222,"Novimex Steel Folding Chair, Adjustable",Furniture,Chairs
354,OFF-ST-10003931,"Smead Trays, Wire Frame",Office Supplies,Storage
355,OFF-EN-10000476,"Kraft Clasp Envelope, Recycled",Office Supplies,Envelopes
356,OFF-PA-10001662,"Green Bar Note Cards, Premium",Office Supplies,Paper
357,OFF-CAR-10003030,"Cardinal Index Tab, Economy",Office Supplies,Binders
358,OFF-XER-10001746,"Xerox Message Books, Premium",Office Supplies,Paper
359,OFF-BI-10002570,"Acco Binder Covers, Clear",Office Supplies,Binders
360,OFF-NOV-10004680,"Novimex Shipping Labels, Laser Printer Compatible",Office Supplies,Labels
361,FUR-FU-10002557,"Rubbermaid Stacking Tray, Erganomic",Furniture,Furnishings
362,OFF-HON-10001204,"Hon Color Coded Labels, Alphabetical",Office Supplies,Labels
363,FUR-BO-10004409,"Safco Value Mate Series Steel Bookcases, Baked Enamel Finish on Steel, Gray",Furniture,Bookcases
364,OFF-ST-10004337,"SAFCO Commercial Wire Shelving, 72h",Office Supplies,Storage
365,TEC-PH-10002103,Jabra SPEAK 410,Technology,Phones
366,TEC-MA-10002931,"Okidata Calculator, Durable",Technology,Machines
367,OFF-KLE-10004112,"Kleencut Trimmer, Serrated",Office Supplies,Supplies
368,TEC-PH-10004833,Macally Suction Cup Mount,Technology,Phones
369,OFF-FEL-10004117,"Fellowes Trays, Blue",Office Supplies,Storage
370,OFF-SU-10003719,"Stiletto Scissors, Steel",Office Supplies,Supplies
371,FUR-FU-10004587,"GE General Use Halogen Bulbs, 100 Watts, 1 Bulb per Pack",Furniture,Furnishings
372,OFF-EN-10004144,"Cameo Clasp Envelope, Security-Tint",Office Supplies,Envelopes
373,FUR-DEF-10000810,"Deflect-O Stacking Tray, Black",Furniture,Furnishings
374,OFF-BOS-10002705,"Boston Highlighters, Fluorescent",Office Supplies,Art
375,OFF-BIN-10004569,"Binney & Smith Highlighters, Blue",Office Supplies,Art
376,OFF-EN-10000328,"Kraft Business Envelopes, Set of 50",Office Supplies,Envelopes
377,OFF-FA-10000455,"Stockwell Thumb Tacks, 12 Pack",Office Supplies,Fasteners
378,OFF-PA-10003072,"Eureka Recycled Copy Paper 8 1/2"" x 11"", Ream",Office Supplies,Paper
379,OFF-BI-10001758,Wilson Jones 14 Line Acrylic Coated Pressboard Data Binders,Office Supplies,Binders
380,OFF-PA-10000380,"REDIFORM Incoming/Outgoing Call Register, 11"" X 8 1/2"", 100 Messages",Office Supplies,Paper
381,OFF-CAR-10002054,"Cardinal Hole Reinforcements, Economy",Office Supplies,Binders
382,FUR-FU-10001847,Eldon Image Series Black Desk Accessories,Furniture,Furnishings
383,TEC-CO-10002119,"Sharp Fax Machine, Digital",Technology,Copiers
384,FUR-TA-10003469,Balt Split Level Computer Training Table,Furniture,Tables
385,OFF-EN-10002472,"Cameo Interoffice Envelope, Security-Tint",Office Supplies,Envelopes
386,OFF-SU-10000375,"Kleencut Box Cutter, Steel",Office Supplies,Supplies
387,OFF-ST-10003692,Recycled Steel Personal File for Hanging File Folders,Office Supplies,Storage
388,OFF-AR-10003179,Dixon Ticonderoga Core-Lock Colored Pencils,Office Supplies,Art
389,OFF-ST-10003835,"Rogers Folders, Single Width",Office Supplies,Storage
390,FUR-TA-10003887,"Hon Conference Table, Adjustable Height",Furniture,Tables
391,FUR-TA-10004840,"Hon Conference Table, Adjustable Height",Furniture,Tables
392,OFF-FIS-10004915,"Fiskars Trimmer, Easy Grip",Office Supplies,Supplies
393,OFF-BI-10000343,"Pressboard Covers with Storage Hooks, 9 1/2"" x 11"", Light Blue",Office Supplies,Binders
394,FUR-CH-10003618,"SAFCO Rocking Chair, Red",Furniture,Chairs
395,TEC-CAN-10000030,"Canon Fax Machine, Laser",Technology,Copiers
396,OFF-EAT-10002674,"Eaton Memo Slips, Multicolor",Office Supplies,Paper
397,TEC-APP-10004469,"Apple Signal Booster, Cordless",Technology,Phones
398,OFF-IBI-10001772,"Ibico Index Tab, Clear",Office Supplies,Binders
399,OFF-WIL-10000986,"Wilson Jones Binder Covers, Economy",Office Supplies,Binders
400,OFF-AME-10000851,"Ames Mailers, with clear poly window",Office Supplies,Envelopes
401,OFF-AVE-10000543,"Avery Hole Reinforcements, Clear",Office Supplies,Binders
402,TEC-PH-10004575,"Motorola Smart Phone, Cordless",Technology,Phones
403,FUR-TA-10002341,"Barricks Computer Table, Fully Assembled",Furniture,Tables
404,TEC-MA-10002680,"Konica Inkjet, White",Technology,Machines
405,OFF-ST-10000991,Space Solutions HD Industrial Steel Shelving.,Office Supplies,Storage
406,FUR-SAU-10004653,"Sauder Classic Bookcase, Traditional",Furniture,Bookcases
407,FUR-NOV-10002655,"Novimex Swivel Stool, Adjustable",Furniture,Chairs
408,FUR-CH-10004065,"SAFCO Bag Chairs, Adjustable",Furniture,Chairs
409,OFF-PA-10001004,"Eaton Parchment Paper, 8.5 x 11",Office Supplies,Paper
410,OFF-BI-10004181,"Avery 3-Hole Punch, Clear",Office Supplies,Binders
411,OFF-BI-10003372,"Ibico Binding Machine, Durable",Office Supplies,Binders
412,OFF-KLE-10000296,"Kleencut Letter Opener, Steel",Office Supplies,Supplies
413,OFF-PA-10002976,"Xerox Computer Printout Paper, 8.5 x 11",Office Supplies,Paper
414,OFF-LA-10000757,"Harbour Creations Removable Labels, 5000 Label Set",Office Supplies,Labels
415,OFF-PA-10003232,"Eaton Parchment Paper, 8.5 x 11",Office Supplies,Paper
416,OFF-BI-10000089,"Wilson Jones 3-Hole Punch, Recycled",Office Supplies,Binders
417,OFF-ELI-10000044,"Elite Ruler, Serrated",Office Supplies,Supplies
418,OFF-GLO-10003463,"GlobeWeis Peel and Seal, Security-Tint",Office Supplies,Envelopes
419,OFF-AR-10000468,"BIC Pens, Blue",Office Supplies,Art
420,OFF-ST-10001057,"Eldon Folders, Wire Frame",Office Supplies,Storage
421,OFF-PA-10001204,Xerox 1972,Office Supplies,Paper
422,TEC-CO-10002316,"Brother Personal Copier, Laser",Technology,Copiers
423,FUR-BO-10003966,"Sauder Facets Collection Library, Sky Alder Finish",Furniture,Bookcases
424,OFF-FEL-10001541,"Fellowes Lockers, Wire Frame",Office Supplies,Storage
425,OFF-ST-10002161,"Tenex Trays, Single Width",Office Supplies,Storage
426,OFF-AP-10001254,"KitchenAid Coffee Grinder, Red",Office Supplies,Appliances
427,OFF-AP-10002317,"Hamilton Beach Refrigerator, Silver",Office Supplies,Appliances
428,FUR-ADV-10002601,"Advantus Photo Frame, Erganomic",Furniture,Furnishings
429,OFF-AR-10001529,"Binney & Smith Pencil Sharpener, Easy-Erase",Office Supplies,Art
430,OFF-SU-10000484,"Kleencut Ruler, High Speed",Office Supplies,Supplies
431,TEC-AC-10001221,"Memorex Memory Card, USB",Technology,Accessories
432,OFF-AR-10000980,"Sanford Pencil Sharpener, Water Color",Office Supplies,Art
433,OFF-BI-10003012,"Wilson Jones Hole Reinforcements, Economy",Office Supplies,Binders
434,OFF-LA-10001292,"Smead File Folder Labels, Adjustable",Office Supplies,Labels
435,OFF-EN-10004597,"GlobeWeis Peel and Seal, Set of 50",Office Supplies,Envelopes
436,OFF-BI-10001249,"Acco Hole Reinforcements, Recycled",Office Supplies,Binders
437,OFF-BI-10001717,"Avery Hole Reinforcements, Durable",Office Supplies,Binders
438,OFF-BI-10000719,"Wilson Jones Hole Reinforcements, Clear",Office Supplies,Binders
439,FUR-BO-10003913,"Safco Stackable Bookrack, Pine",Furniture,Bookcases
440,TEC-PH-10001432,"Motorola Signal Booster, Cordless",Technology,Phones
441,TEC-CO-10000660,"Hewlett Copy Machine, Color",Technology,Copiers
442,OFF-ST-10000362,"Eldon File Cart, Blue",Office Supplies,Storage
443,TEC-PH-10000800,"Cisco Smart Phone, Full Size",Technology,Phones
444,TEC-CO-10004042,"Brother Wireless Fax, Laser",Technology,Copiers
445,FUR-TA-10000665,"Bevis Computer Table, Fully Assembled",Furniture,Tables
446,TEC-AC-10001432,Enermax Aurora Lite Keyboard,Technology,Accessories
447,FUR-BO-10000967,"Ikea Library with Doors, Pine",Furniture,Bookcases
448,TEC-PH-10004614,"Cisco Headset, Full Size",Technology,Phones
449,OFF-ST-10000095,"Fellowes File Cart, Industrial",Office Supplies,Storage
450,TEC-MA-10002874,"Epson Receipt Printer, Wireless",Technology,Machines
451,FUR-CH-10000488,"SAFCO Steel Folding Chair, Black",Furniture,Chairs
452,TEC-CO-10003534,"HP Fax and Copier, Digital",Technology,Copiers
453,OFF-AR-10003554,"Stanley Canvas, Blue",Office Supplies,Art
454,TEC-MA-10003198,"Konica Phone, White",Technology,Machines
455,TEC-AC-10001564,"Logitech Numeric Keypad, Erganomic",Technology,Accessories
456,OFF-AR-10003247,"Boston Highlighters, Water Color",Office Supplies,Art
457,OFF-AR-10001461,"BIC Canvas, Water Color",Office Supplies,Art
458,OFF-AR-10000584,"Sanford Pencil Sharpener, Water Color",Office Supplies,Art
459,OFF-SU-10001657,"Acme Box Cutter, High Speed",Office Supplies,Supplies
460,OFF-AR-10000387,"Sanford Highlighters, Water Color",Office Supplies,Art
461,OFF-PA-10000908,"Xerox Note Cards, Premium",Office Supplies,Paper
462,OFF-LA-10000950,"Avery Color Coded Labels, 5000 Label Set",Office Supplies,Labels
463,FUR-FU-10001507,"Rubbermaid Light Bulb, Duo Pack",Furniture,Furnishings
464,OFF-AR-10003377,"Boston Pencil Sharpener, Easy-Erase",Office Supplies,Art
465,TEC-PH-10002890,AT&T 17929 Lendline Telephone,Technology,Phones
466,TEC-ENE-10002254,"Enermax Keyboard, Programmable",Technology,Accessories
467,OFF-FA-10002011,"OIC Push Pins, Bulk Pack",Office Supplies,Fasteners
468,OFF-BI-10000666,Surelock Post Binders,Office Supplies,Binders
469,OFF-WIL-10001889,"Wilson Jones Hole Reinforcements, Economy",Office Supplies,Binders
470,OFF-FA-10001843,Staples,Office Supplies,Fasteners
471,TEC-AC-10000212,"SanDisk Memory Card, Erganomic",Technology,Accessories
472,OFF-AP-10003524,"Breville Blender, Black",Office Supplies,Appliances
473,TEC-EPS-10002212,"Epson Receipt Printer, White",Technology,Machines
474,OFF-ST-10003414,"Tenex Shelving, Industrial",Office Supplies,Storage
475,OFF-BI-10004593,Ibico Laser Imprintable Binding System Covers,Office Supplies,Binders
476,OFF-WIL-10002772,"Wilson Jones 3-Hole Punch, Durable",Office Supplies,Binders
477,OFF-AR-10000491,"Binney & Smith Pens, Water Color",Office Supplies,Art
478,OFF-LA-10003390,"Harbour Creations File Folder Labels, 5000 Label Set",Office Supplies,Labels
479,OFF-BI-10002827,Avery Durable Poly Binders,Office Supplies,Binders
480,OFF-AVE-10004512,"Avery Hole Reinforcements, Economy",Office Supplies,Binders
481,FUR-HAR-10002223,"Harbour Creations Chairmat, Set of Two",Furniture,Chairs
482,OFF-PA-10000350,"Message Book, Standard Line ""While You Were Out"", 5 1/2"" X 4"", 200 Sets/Book",Office Supplies,Paper
483,OFF-BI-10004230,GBC Recycled Grain Textured Covers,Office Supplies,Binders
484,OFF-SME-10004247,"Smead Shelving, Single Width",Office Supplies,Storage
485,FUR-ADV-10003326,"Advantus Light Bulb, Black",Furniture,Furnishings
486,OFF-SME-10002467,"Smead Round Labels, Alphabetical",Office Supplies,Labels
487,TEC-PH-10001615,AT&T CL82213,Technology,Phones
488,OFF-ST-10004871,"Rogers Trays, Blue",Office Supplies,Storage
489,TEC-PH-10003645,Aastra 57i VoIP phone,Technology,Phones
490,OFF-AP-10003491,"Hoover Coffee Grinder, Silver",Office Supplies,Appliances
491,TEC-PH-10002443,"Cisco Signal Booster, with Caller ID",Technology,Phones
492,TEC-MA-10003986,"Konica Receipt Printer, Wireless",Technology,Machines
493,OFF-AR-10001607,"Stanley Pencil Sharpener, Water Color",Office Supplies,Art
494,OFF-BI-10000368,"Avery Binder Covers, Durable",Office Supplies,Binders
495,OFF-LA-10001672,"Avery Legal Exhibit Labels, Alphabetical",Office Supplies,Labels
496,TEC-CO-10003561,"Sharp Copy Machine, Color",Technology,Copiers
497,OFF-LA-10003969,"Novimex Legal Exhibit Labels, Laser Printer Compatible",Office Supplies,Labels
498,OFF-LA-10002787,Avery 480,Office Supplies,Labels
499,OFF-BI-10001196,"Avery Flip-Chart Easel Binder, Black",Office Supplies,Binders
500,OFF-ST-10001558,Acco Perma 4000 Stacking Storage Drawers,Office Supplies,Storage
501,OFF-BI-10000815,"Ibico 3-Hole Punch, Durable",Office Supplies,Binders
502,TEC-AC-10000710,Maxell DVD-RAM Discs,Technology,Accessories
503,OFF-FA-10000659,"Stockwell Clamps, 12 Pack",Office Supplies,Fasteners
504,OFF-BIN-10004729,"Binney & Smith Sketch Pad, Water Color",Office Supplies,Art
505,OFF-ST-10002466,"Smead Box, Blue",Office Supplies,Storage
506,FUR-FU-10000482,"Eldon Photo Frame, Duo Pack",Furniture,Furnishings
507,OFF-ACC-10000233,"Acco Binder, Economy",Office Supplies,Binders
508,FUR-SAF-10002314,"SAFCO Swivel Stool, Black",Furniture,Chairs
509,FUR-CH-10004095,"SAFCO Executive Leather Armchair, Adjustable",Furniture,Chairs
510,TEC-PH-10001264,"Cisco Signal Booster, VoIP",Technology,Phones
511,OFF-AR-10001898,"Binney & Smith Pencil Sharpener, Fluorescent",Office Supplies,Art
512,FUR-TA-10002982,"Lesro Coffee Table, Adjustable Height",Furniture,Tables
513,OFF-AP-10001682,"Hamilton Beach Blender, Black",Office Supplies,Appliances
514,FUR-CH-10004355,"Harbour Creations Rocking Chair, Set of Two",Furniture,Chairs
515,FUR-FU-10004527,"Advantus Frame, Duo Pack",Furniture,Furnishings
516,OFF-BI-10002799,"Cardinal Binder Covers, Clear",Office Supplies,Binders
517,FUR-BO-10001537,"Ikea Corner Shelving, Metal",Furniture,Bookcases
518,OFF-ST-10002263,"Rogers Trays, Wire Frame",Office Supplies,Storage
519,OFF-ST-10003306,"Eldon File Cart, Single Width",Office Supplies,Storage
520,FUR-TA-10004050,"Lesro Coffee Table, Fully Assembled",Furniture,Tables
521,FUR-FU-10002223,"Deflect-O Stacking Tray, Durable",Furniture,Furnishings
522,OFF-EN-10001993,"GlobeWeis Manila Envelope, Set of 50",Office Supplies,Envelopes
523,OFF-BI-10002570,"Cardinal 3-Hole Punch, Clear",Office Supplies,Binders
524,OFF-ST-10001142,"Smead Folders, Wire Frame",Office Supplies,Storage
525,OFF-FA-10003836,"Stockwell Rubber Bands, 12 Pack",Office Supplies,Fasteners
526,FUR-FU-10002111,"Master Caster Door Stop, Large Brown",Furniture,Furnishings
527,TEC-MA-10000684,"Okidata Calculator, White",Technology,Machines
528,OFF-BI-10002632,"Acco Binding Machine, Recycled",Office Supplies,Binders
529,TEC-PH-10000303,"Samsung Smart Phone, VoIP",Technology,Phones
530,TEC-CIS-10002544,"Cisco Headset, Full Size",Technology,Phones
531,FUR-BO-10001039,"Dania Classic Bookcase, Traditional",Furniture,Bookcases
532,OFF-ST-10001554,"Tenex File Cart, Industrial",Office Supplies,Storage
533,FUR-CH-10003354,"Novimex Bag Chairs, Black",Furniture,Chairs
534,FUR-BO-10003968,"Sauder Library with Doors, Mobile",Furniture,Bookcases
535,TEC-MA-10003101,"Panasonic Receipt Printer, Wireless",Technology,Machines
536,OFF-AP-10001941,"KitchenAid Blender, White",Office Supplies,Appliances
537,OFF-SU-10001407,"Fiskars Trimmer, Easy Grip",Office Supplies,Supplies
538,OFF-CAR-10004408,"Cardinal 3-Hole Punch, Economy",Office Supplies,Binders
539,OFF-AR-10000079,"Stanley Pencil Sharpener, Fluorescent",Office Supplies,Art
540,FUR-FU-10003198,"Rubbermaid Photo Frame, Erganomic",Furniture,Furnishings
541,OFF-SME-10003530,"Smead Lockers, Wire Frame",Office Supplies,Storage
542,OFF-EN-10003898,"Ames Peel and Seal, Set of 50",Office Supplies,Envelopes
543,OFF-BI-10000894,"Avery Binder Covers, Clear",Office Supplies,Binders
544,OFF-EN-10001202,"Kraft Clasp Envelope, with clear poly window",Office Supplies,Envelopes
545,OFF-SU-10004771,"Elite Ruler, Easy Grip",Office Supplies,Supplies
546,OFF-BIN-10003089,"Binney & Smith Highlighters, Easy-Erase",Office Supplies,Art
547,OFF-EN-10000258,"GlobeWeis Peel and Seal, with clear poly window",Office Supplies,Envelopes
548,FUR-RUB-10001310,"Rubbermaid Photo Frame, Black",Furniture,Furnishings
549,TEC-SAM-10001013,"Samsung Audio Dock, Cordless",Technology,Phones
550,OFF-ADV-10000177,"Advantus Staples, Metal",Office Supplies,Fasteners
551,OFF-ELI-10003277,"Elite Letter Opener, High Speed",Office Supplies,Supplies
552,OFF-AR-10002113,"Boston Highlighters, Easy-Erase",Office Supplies,Art
553,OFF-AR-10000444,"BIC Highlighters, Blue",Office Supplies,Art
554,OFF-SAN-10002015,"Sanford Pens, Water Color",Office Supplies,Art
555,OFF-SU-10000178,"Acme Ruler, Easy Grip",Office Supplies,Supplies
556,OFF-ACC-10002834,"Accos Thumb Tacks, 12 Pack",Office Supplies,Fasteners
557,OFF-CAR-10001911,"Cardinal Binder Covers, Clear",Office Supplies,Binders
558,TEC-HEW-10000930,"Hewlett Ink, Digital",Technology,Copiers
559,TEC-SAM-10000765,"Samsung Signal Booster, Full Size",Technology,Phones
560,TEC-CO-10001040,"Canon Personal Copier, Laser",Technology,Copiers
561,OFF-FIS-10000063,"Fiskars Box Cutter, Easy Grip",Office Supplies,Supplies
562,OFF-ROG-10003993,"Rogers File Cart, Single Width",Office Supplies,Storage
563,OFF-BI-10001659,"Cardinal Index Tab, Clear",Office Supplies,Binders
564,FUR-ADV-10004718,"Advantus Light Bulb, Duo Pack",Furniture,Furnishings
565,FUR-TA-10003715,Hon 2111 Invitation Series Corner Table,Furniture,Tables
566,FUR-SAF-10001136,"SAFCO Swivel Stool, Adjustable",Furniture,Chairs
567,FUR-FU-10002298,"Rubbermaid ClusterMat Chairmats, Mat Size- 66"" x 60"", Lip 20"" x 11"" -90 Degree Angle",Furniture,Furnishings
568,OFF-SME-10000520,"Smead Shelving, Wire Frame",Office Supplies,Storage
569,FUR-CH-10001146,"Global Value Mid-Back Manager's Chair, Gray",Furniture,Chairs
570,OFF-EAT-10002789,"Eaton Computer Printout Paper, Recycled",Office Supplies,Paper
571,OFF-ST-10002583,Fellowes Neat Ideas Storage Cubes,Office Supplies,Storage
572,OFF-BI-10004654,VariCap6 Expandable Binder,Office Supplies,Binders
573,OFF-BI-10003291,Wilson Jones Leather-Like Binders with DublLock Round Rings,Office Supplies,Binders
574,OFF-LA-10004853,Avery 483,Office Supplies,Labels
575,OFF-BI-10004440,"Cardinal Binder, Economy",Office Supplies,Binders
576,OFF-BI-10004728,Wilson Jones Turn Tabs Binder Tool for Ring Binders,Office Supplies,Binders
577,FUR-CH-10000225,"Global Geo Office Task Chair, Gray",Furniture,Chairs
578,TEC-CAN-10000932,"Canon Fax Machine, Color",Technology,Copiers
579,FUR-ELD-10004384,"Eldon Frame, Black",Furniture,Furnishings
580,TEC-BRO-10002103,"Brother Ink, Color",Technology,Copiers
581,TEC-PH-10001187,"Cisco Signal Booster, with Caller ID",Technology,Phones
582,OFF-ST-10000210,"Tenex Lockers, Wire Frame",Office Supplies,Storage
583,OFF-SAN-10001546,"SanDisk Computer Printout Paper, Recycled",Office Supplies,Paper
584,TEC-PH-10001298,"Motorola Office Telephone, VoIP",Technology,Phones
585,OFF-GLO-10002982,"GlobeWeis Mailers, Set of 50",Office Supplies,Envelopes
586,OFF-SU-10004662,"Elite Scissors, Serrated",Office Supplies,Supplies
587,FUR-FU-10002598,"Tenex Photo Frame, Durable",Furniture,Furnishings
588,OFF-ST-10001954,"Rogers Shelving, Wire Frame",Office Supplies,Storage
589,TEC-AC-10003927,"Belkin Numeric Keypad, Bluetooth",Technology,Accessories
590,OFF-SU-10000079,"Fiskars Trimmer, Serrated",Office Supplies,Supplies
591,OFF-FA-10003318,"Stockwell Clamps, Bulk Pack",Office Supplies,Fasteners
592,TEC-PH-10001640,"Motorola Office Telephone, Full Size",Technology,Phones
593,OFF-AR-10003450,"BIC Markers, Blue",Office Supplies,Art
594,OFF-BI-10004121,"Avery Index Tab, Durable",Office Supplies,Binders
595,OFF-SAN-10004881,"Sanford Pencil Sharpener, Easy-Erase",Office Supplies,Art
596,OFF-AR-10004173,"Stanley Pens, Easy-Erase",Office Supplies,Art
597,OFF-ST-10002151,"Eldon Box, Blue",Office Supplies,Storage
598,FUR-BO-10004852,"Sauder Classic Bookcase, Traditional",Furniture,Bookcases
599,TEC-PH-10001921,"Nokia Signal Booster, with Caller ID",Technology,Phones
600,TEC-CO-10000865,"Brother Fax Machine, High-Speed",Technology,Copiers
601,FUR-BO-10004129,"Sauder Classic Bookcase, Pine",Furniture,Bookcases
602,FUR-CH-10002891,"Hon Executive Leather Armchair, Adjustable",Furniture,Chairs
603,FUR-TA-10000115,"Barricks Coffee Table, Fully Assembled",Furniture,Tables
604,OFF-SU-10000157,Compact Automatic Electric Letter Opener,Office Supplies,Supplies
605,TEC-PH-10003772,"Cisco Headset, Cordless",Technology,Phones
606,TEC-OKI-10003655,"Okidata Calculator, Wireless",Technology,Machines
607,TEC-AC-10000736,Logitech G600 MMO Gaming Mouse,Technology,Accessories
608,OFF-TEN-10004194,"Tenex File Cart, Single Width",Office Supplies,Storage
609,OFF-BOS-10002340,"Boston Markers, Blue",Office Supplies,Art
610,OFF-CUI-10004536,"Cuisinart Blender, Black",Office Supplies,Appliances
611,OFF-STA-10004108,"Stanley Canvas, Easy-Erase",Office Supplies,Art
612,FUR-FU-10000388,"Rubbermaid Door Stop, Erganomic",Furniture,Furnishings
613,OFF-GRE-10002561,"Green Bar Message Books, Premium",Office Supplies,Paper
614,FUR-ELD-10003179,"Eldon Clock, Erganomic",Furniture,Furnishings
615,OFF-AP-10001293,Belkin 8 Outlet Surge Protector,Office Supplies,Appliances
616,OFF-PA-10000466,"Memo Book, 100 Message Capacity, 5 3/8 x 11",Office Supplies,Paper
617,OFF-OIC-10004999,"OIC Push Pins, Metal",Office Supplies,Fasteners
618,FUR-CH-10002203,"SAFCO Executive Leather Armchair, Black",Furniture,Chairs
619,TEC-MA-10002941,"Okidata Card Printer, Red",Technology,Machines
620,TEC-AC-10001990,"Enermax Router, USB",Technology,Accessories
621,OFF-AP-10000717,"Hoover Microwave, Black",Office Supplies,Appliances
622,TEC-MA-10002464,"Panasonic Printer, Durable",Technology,Machines
623,FUR-CH-10001913,"Office Star Swivel Stool, Adjustable",Furniture,Chairs
624,TEC-PH-10003995,"Nokia Audio Dock, VoIP",Technology,Phones
625,FUR-CH-10001664,"Novimex Swivel Stool, Black",Furniture,Chairs
626,OFF-AP-10002165,"Hamilton Beach Blender, White",Office Supplies,Appliances
627,FUR-FU-10001619,"Advantus Clock, Erganomic",Furniture,Furnishings
628,TEC-CO-10000262,"Brother Ink, Laser",Technology,Copiers
629,OFF-AR-10003521,"Stanley Highlighters, Easy-Erase",Office Supplies,Art
630,TEC-PH-10001557,"Apple Speaker Phone, VoIP",Technology,Phones
631,FUR-FU-10004013,"Tenex Stacking Tray, Erganomic",Furniture,Furnishings
632,OFF-PA-10000301,"Enermax Parchment Paper, Premium",Office Supplies,Paper
633,OFF-BI-10001031,Pressboard Data Binders by Wilson Jones,Office Supplies,Binders
634,FUR-BO-10004230,"Bush Corner Shelving, Metal",Furniture,Bookcases
635,OFF-BI-10004142,"Acco Index Tab, Clear",Office Supplies,Binders
636,TEC-PH-10004880,"Cisco Signal Booster, Cordless",Technology,Phones
637,FUR-FU-10000060,"Advantus Light Bulb, Duo Pack",Furniture,Furnishings
638,OFF-FA-10003626,"Advantus Rubber Bands, Assorted Sizes",Office Supplies,Fasteners
639,OFF-BI-10000389,"Ibico Binding Machine, Clear",Office Supplies,Binders
640,OFF-EN-10004012,"GlobeWeis Peel and Seal, Set of 50",Office Supplies,Envelopes
641,OFF-BIN-10000327,"Binney & Smith Markers, Water Color",Office Supplies,Art
642,OFF-AP-10001303,"Holmes Cool Mist Humidifier for the Whole House with 8-Gallon Output per Day, Extended Life Filter",Office Supplies,Appliances
643,OFF-HAR-10004099,"Harbour Creations Removable Labels, 5000 Label Set",Office Supplies,Labels
644,OFF-SAN-10004339,"Sanford Highlighters, Water Color",Office Supplies,Art
645,OFF-BI-10002012,Wilson Jones Easy Flow II Sheet Lifters,Office Supplies,Binders
646,TEC-PH-10002042,"Cisco Audio Dock, Full Size",Technology,Phones
647,OFF-CUI-10001965,"Cuisinart Microwave, White",Office Supplies,Appliances
648,TEC-AC-10003753,"SanDisk Router, Programmable",Technology,Accessories
649,TEC-MA-10003558,"Panasonic Calculator, Durable",Technology,Machines
650,FUR-CH-10001871,"Harbour Creations Steel Folding Chair, Set of Two",Furniture,Chairs
651,OFF-PA-10000127,"SanDisk Parchment Paper, Multicolor",Office Supplies,Paper
652,OFF-ACM-10002713,"Acme Box Cutter, Steel",Office Supplies,Supplies
653,OFF-FA-10002350,"OIC Staples, Assorted Sizes",Office Supplies,Fasteners
654,OFF-KIT-10001245,"KitchenAid Blender, Black",Office Supplies,Appliances
655,OFF-SU-10001731,"Elite Letter Opener, High Speed",Office Supplies,Supplies
656,OFF-AR-10003631,Staples,Office Supplies,Art
657,OFF-SAN-10001326,"SanDisk Note Cards, 8.5 x 11",Office Supplies,Paper
658,OFF-FA-10003463,"OIC Thumb Tacks, Assorted Sizes",Office Supplies,Fasteners
659,OFF-LA-10003644,"Novimex Removable Labels, Adjustable",Office Supplies,Labels
660,OFF-FA-10004344,"Advantus Thumb Tacks, Assorted Sizes",Office Supplies,Fasteners
661,OFF-SU-10002742,"Stiletto Trimmer, Serrated",Office Supplies,Supplies
662,FUR-FU-10002396,"DAX Copper Panel Document Frame, 5 x 7 Size",Furniture,Furnishings
663,OFF-ST-10000321,Akro Stacking Bins,Office Supplies,Storage
664,TEC-MA-10003801,"StarTech Card Printer, Red",Technology,Machines
665,FUR-TA-10003899,"Barricks Round Table, with Bottom Storage",Furniture,Tables
666,OFF-ST-10000107,"Eldon File Cart, Industrial",Office Supplies,Storage
667,TEC-CO-10004689,"Canon Ink, Color",Technology,Copiers
668,OFF-PA-10002047,"Green Bar Cards & Envelopes, 8.5 x 11",Office Supplies,Paper
669,FUR-BO-10004773,"Ikea Floating Shelf Set, Mobile",Furniture,Bookcases
670,OFF-EN-10003508,"GlobeWeis Peel and Seal, with clear poly window",Office Supplies,Envelopes
671,TEC-PH-10004300,"Apple Office Telephone, Cordless",Technology,Phones
672,FUR-CH-10000825,"SAFCO Chairmat, Red",Furniture,Chairs
673,OFF-AR-10002454,"Binney & Smith Canvas, Water Color",Office Supplies,Art
674,TEC-PH-10001805,"Nokia Speaker Phone, Full Size",Technology,Phones
675,TEC-AC-10001284,Enermax Briskie RF Wireless Keyboard and Mouse Combo,Technology,Accessories
676,OFF-FA-10001309,"Stockwell Thumb Tacks, 12 Pack",Office Supplies,Fasteners
677,OFF-LA-10000732,"Novimex Round Labels, 5000 Label Set",Office Supplies,Labels
678,TEC-MA-10003856,"Okidata Calculator, Red",Technology,Machines
679,OFF-ST-10001818,"Smead Trays, Blue",Office Supplies,Storage
680,OFF-FA-10003462,"Stockwell Thumb Tacks, Assorted Sizes",Office Supplies,Fasteners
681,OFF-ST-10000154,"Smead Box, Single Width",Office Supplies,Storage
682,OFF-LA-10004332,"Novimex File Folder Labels, Adjustable",Office Supplies,Labels
683,OFF-PA-10003363,Xerox 204,Office Supplies,Paper
684,FUR-FU-10000221,"Master Caster Door Stop, Brown",Furniture,Furnishings
685,TEC-MA-10002118,"Konica Printer, Red",Technology,Machines
686,OFF-AVE-10002079,"Avery Binding Machine, Durable",Office Supplies,Binders
687,FUR-FU-10000620,"Advantus Clock, Black",Furniture,Furnishings
688,FUR-HON-10003080,"Hon Computer Table, Adjustable Height",Furniture,Tables
689,TEC-PAN-10004651,"Panasonic Phone, White",Technology,Machines
690,TEC-PH-10003960,"Apple Speaker Phone, with Caller ID",Technology,Phones
691,OFF-STO-10001791,"Stockwell Clamps, Bulk Pack",Office Supplies,Fasteners
692,TEC-AC-10000051,"Logitech Memory Card, USB",Technology,Accessories
693,OFF-FEL-10002897,"Fellowes Shelving, Single Width",Office Supplies,Storage
694,OFF-ROG-10001372,"Rogers Trays, Blue",Office Supplies,Storage
695,OFF-BI-10001253,"Acco Binder Covers, Recycled",Office Supplies,Binders
696,OFF-BIC-10003680,"BIC Highlighters, Blue",Office Supplies,Art
697,OFF-JIF-10000981,"Jiffy Peel and Seal, with clear poly window",Office Supplies,Envelopes
698,OFF-BI-10002193,"Wilson Jones Hole Reinforcements, Recycled",Office Supplies,Binders
699,OFF-EAT-10003405,"Eaton Parchment Paper, Multicolor",Office Supplies,Paper
700,OFF-HAR-10003659,"Harbour Creations Color Coded Labels, Adjustable",Office Supplies,Labels
701,OFF-HON-10004014,"Hon Shipping Labels, Adjustable",Office Supplies,Labels
702,TEC-CO-10004997,"Hewlett Wireless Fax, Color",Technology,Copiers
703,FUR-BO-10002462,"Ikea Classic Bookcase, Pine",Furniture,Bookcases
704,FUR-CH-10001914,"Harbour Creations Bag Chairs, Black",Furniture,Chairs
705,TEC-PH-10003752,"Nokia Office Telephone, VoIP",Technology,Phones
706,OFF-WIL-10003299,"Wilson Jones Binding Machine, Recycled",Office Supplies,Binders
707,OFF-SU-10002566,"Stiletto Trimmer, Steel",Office Supplies,Supplies
708,OFF-PA-10001800,Xerox 220,Office Supplies,Paper
709,OFF-EN-10000224,"Cameo Clasp Envelope, Recycled",Office Supplies,Envelopes
710,OFF-PA-10004495,"SanDisk Note Cards, Premium",Office Supplies,Paper
711,FUR-CH-10000214,"Harbour Creations Bag Chairs, Black",Furniture,Chairs
712,FUR-BO-10000002,"Bush Classic Bookcase, Mobile",Furniture,Bookcases
713,TEC-CIS-10001717,"Cisco Smart Phone, with Caller ID",Technology,Phones
714,TEC-CO-10004589,"Canon Wireless Fax, High-Speed",Technology,Copiers
715,TEC-BEL-10003177,"Belkin Keyboard, Erganomic",Technology,Accessories
716,TEC-MA-10003390,"Okidata Printer, Durable",Technology,Machines
717,OFF-EN-10004495,"Kraft Peel and Seal, Security-Tint",Office Supplies,Envelopes
718,TEC-PH-10002292,"Cisco Signal Booster, Full Size",Technology,Phones
719,OFF-BI-10002172,"Acco Binding Machine, Recycled",Office Supplies,Binders
720,OFF-FEL-10002658,"Fellowes Shelving, Wire Frame",Office Supplies,Storage
721,TEC-MA-10002710,"Okidata Printer, Durable",Technology,Machines
722,OFF-ROG-10002818,"Rogers Trays, Industrial",Office Supplies,Storage
723,TEC-OKI-10003770,"Okidata Receipt Printer, Durable",Technology,Machines
724,OFF-ACC-10000798,"Acco Hole Reinforcements, Economy",Office Supplies,Binders
725,TEC-CO-10003597,"Brother Copy Machine, High-Speed",Technology,Copiers
726,TEC-LOG-10000368,"Logitech Flash Drive, Programmable",Technology,Accessories
727,OFF-WIL-10001069,"Wilson Jones Hole Reinforcements, Clear",Office Supplies,Binders
728,OFF-PA-10002360,"SanDisk Computer Printout Paper, 8.5 x 11",Office Supplies,Paper
729,OFF-IBI-10001494,"Ibico Index Tab, Durable",Office Supplies,Binders
730,OFF-LA-10004425,Staples,Office Supplies,Labels
731,OFF-XER-10003104,"Xerox Memo Slips, Recycled",Office Supplies,Paper
732,OFF-BI-10000320,GBC Plastic Binding Combs,Office Supplies,Binders
733,TEC-EPS-10004558,"Epson Inkjet, Durable",Technology,Machines
734,TEC-PH-10004281,"Samsung Audio Dock, Cordless",Technology,Phones
735,OFF-ELD-10000845,"Eldon Lockers, Wire Frame",Office Supplies,Storage
736,OFF-SAN-10001681,"SanDisk Computer Printout Paper, 8.5 x 11",Office Supplies,Paper
737,OFF-ADV-10004598,"Advantus Paper Clips, Metal",Office Supplies,Fasteners
738,FUR-FU-10003237,"Eldon Stacking Tray, Durable",Furniture,Furnishings
739,TEC-CO-10001177,"HP Fax and Copier, Color",Technology,Copiers
740,OFF-NOV-10003180,"Novimex Legal Exhibit Labels, Adjustable",Office Supplies,Labels
741,OFF-PA-10000069,"TOPS 4 x 6 Fluorescent Color Memo Sheets, 500 Sheets per Pack",Office Supplies,Paper
742,OFF-NOV-10004223,"Novimex Shipping Labels, Adjustable",Office Supplies,Labels
743,TEC-CO-10002063,"Sharp Fax Machine, Color",Technology,Copiers
744,FUR-BO-10003323,"Safco 3-Shelf Cabinet, Mobile",Furniture,Bookcases
745,TEC-MA-10001726,"Epson Receipt Printer, White",Technology,Machines
746,FUR-FU-10001086,"Advantus Frame, Black",Furniture,Furnishings
747,OFF-ST-10000645,"Tenex File Cart, Industrial",Office Supplies,Storage
748,OFF-SU-10003863,"Kleencut Letter Opener, High Speed",Office Supplies,Supplies
749,FUR-CH-10003354,"Harbour Creations Swivel Stool, Red",Furniture,Chairs
750,FUR-CH-10001536,"Harbour Creations Swivel Stool, Red",Furniture,Chairs
751,TEC-PH-10003254,"Samsung Office Telephone, Full Size",Technology,Phones
752,OFF-SU-10003371,"Elite Shears, Serrated",Office Supplies,Supplies
753,TEC-PH-10002079,"Motorola Headset, with Caller ID",Technology,Phones
754,TEC-AC-10000896,"Belkin Numeric Keypad, Erganomic",Technology,Accessories
755,OFF-SU-10004711,"Acme Trimmer, Serrated",Office Supplies,Supplies
756,FUR-FU-10000850,"Rubbermaid Clock, Black",Furniture,Furnishings
757,OFF-AR-10001813,"Stanley Markers, Fluorescent",Office Supplies,Art
758,TEC-AC-10004951,"Memorex Mouse, Erganomic",Technology,Accessories
759,TEC-PH-10001602,"Samsung Office Telephone, Full Size",Technology,Phones
760,OFF-SU-10001554,"Acme Trimmer, Serrated",Office Supplies,Supplies
761,TEC-AC-10004715,"Memorex Mouse, Erganomic",Technology,Accessories
762,OFF-PA-10003301,"Green Bar Parchment Paper, Recycled",Office Supplies,Paper
763,OFF-AP-10000675,"Hamilton Beach Stove, White",Office Supplies,Appliances
764,FUR-FU-10000815,"Eldon Door Stop, Black",Furniture,Furnishings
765,OFF-AP-10003275,"KitchenAid Microwave, Silver",Office Supplies,Appliances
766,FUR-FU-10004074,"Advantus Stacking Tray, Erganomic",Furniture,Furnishings
767,TEC-AC-10004081,"Logitech Keyboard, Bluetooth",Technology,Accessories
768,TEC-AC-10003668,"Belkin Memory Card, Bluetooth",Technology,Accessories
769,OFF-BI-10002243,"Wilson Jones 3-Hole Punch, Durable",Office Supplies,Binders
770,OFF-AR-10003560,Zebra Zazzle Fluorescent Highlighters,Office Supplies,Art
771,OFF-AR-10000578,"BIC Pencil Sharpener, Fluorescent",Office Supplies,Art
772,OFF-FEL-10001405,"Fellowes File Cart, Industrial",Office Supplies,Storage
773,FUR-BO-10000259,"Safco Classic Bookcase, Traditional",Furniture,Bookcases
774,TEC-LOG-10003896,"Logitech Router, Erganomic",Technology,Accessories
775,OFF-AP-10002568,"Hamilton Beach Toaster, Black",Office Supplies,Appliances
776,FUR-CH-10000863,Novimex Swivel Fabric Task Chair,Furniture,Chairs
777,FUR-HAR-10001792,"Harbour Creations Bag Chairs, Red",Furniture,Chairs
778,FUR-CH-10002830,"Office Star Rocking Chair, Red",Furniture,Chairs
779,TEC-MA-10002520,"Panasonic Receipt Printer, White",Technology,Machines
780,TEC-SHA-10004874,"Sharp Fax Machine, High-Speed",Technology,Copiers
781,FUR-TA-10001866,Bevis Round Conference Room Tables and Bases,Furniture,Tables
782,OFF-AR-10004151,"BIC Sketch Pad, Blue",Office Supplies,Art
783,FUR-CH-10001270,Harbour Creations Steel Folding Chair,Furniture,Chairs
784,FUR-HON-10002424,"Hon Steel Folding Chair, Red",Furniture,Chairs
785,TEC-APP-10004912,"Apple Speaker Phone, with Caller ID",Technology,Phones
786,OFF-AR-10001418,"BIC Markers, Easy-Erase",Office Supplies,Art
787,TEC-KON-10002194,"Konica Printer, White",Technology,Machines
788,FUR-FU-10002210,"Tenex Clock, Black",Furniture,Furnishings
789,FUR-CH-10001465,"Hon Swivel Stool, Red",Furniture,Chairs
790,TEC-AC-10004791,"Belkin Keyboard, USB",Technology,Accessories
791,TEC-PH-10001619,"Cisco Signal Booster, Full Size",Technology,Phones
792,FUR-SAF-10004530,"Safco Floating Shelf Set, Traditional",Furniture,Bookcases
793,OFF-ST-10000875,"Smead Shelving, Single Width",Office Supplies,Storage
794,OFF-ST-10001469,Fellowes Bankers Box Recycled Super Stor/Drawer,Office Supplies,Storage
795,TEC-STA-10004927,"StarTech Receipt Printer, Wireless",Technology,Machines
796,OFF-ACC-10004692,"Acco 3-Hole Punch, Recycled",Office Supplies,Binders
797,TEC-MA-10001825,"Epson Calculator, Durable",Technology,Machines
798,OFF-SU-10001770,"Acme Scissors, Easy Grip",Office Supplies,Supplies
799,OFF-PA-10000116,"Xerox Parchment Paper, Premium",Office Supplies,Paper
800,OFF-ELD-10002578,"Eldon Box, Single Width",Office Supplies,Storage
801,OFF-AR-10000505,"Binney & Smith Pens, Easy-Erase",Office Supplies,Art
802,OFF-ST-10000127,"Fellowes Shelving, Wire Frame",Office Supplies,Storage
803,OFF-OIC-10002161,"OIC Push Pins, Assorted Sizes",Office Supplies,Fasteners
804,OFF-HON-10001783,"Hon Shipping Labels, 5000 Label Set",Office Supplies,Labels
805,FUR-NOV-10004962,"Novimex Bag Chairs, Adjustable",Furniture,Chairs
806,OFF-FA-10004395,Plymouth Boxed Rubber Bands by Plymouth,Office Supplies,Fasteners
807,OFF-PA-10003036,"Black Print Carbonless 8 1/2"" x 8 1/4"" Rapid Memo Book",Office Supplies,Paper
808,OFF-HON-10000137,"Hon Round Labels, Laser Printer Compatible",Office Supplies,Labels
809,OFF-BI-10004436,"Acco Hole Reinforcements, Recycled",Office Supplies,Binders
810,OFF-BI-10000583,"Wilson Jones Hole Reinforcements, Clear",Office Supplies,Binders
811,OFF-BI-10003650,"Ibico Index Tab, Clear",Office Supplies,Binders
812,OFF-TEN-10003211,"Tenex Box, Wire Frame",Office Supplies,Storage
813,OFF-HOO-10002386,"Hoover Toaster, Silver",Office Supplies,Appliances
814,TEC-PH-10003655,Sannysis Cute Owl Design Soft Skin Case Cover for Samsung Galaxy S4,Technology,Phones
815,FUR-BO-10003384,"Ikea Corner Shelving, Traditional",Furniture,Bookcases
816,FUR-BO-10004404,"Ikea 3-Shelf Cabinet, Pine",Furniture,Bookcases
817,FUR-CH-10002250,"Office Star Executive Leather Armchair, Black",Furniture,Chairs
818,FUR-CH-10001752,"Harbour Creations Steel Folding Chair, Black",Furniture,Chairs
819,TEC-CO-10002350,"Canon Wireless Fax, Digital",Technology,Copiers
820,OFF-ROG-10000191,"Rogers Lockers, Wire Frame",Office Supplies,Storage
821,TEC-AC-10004353,Hypercom P1300 Pinpad,Technology,Accessories
822,OFF-BI-10002919,"Acco Binder Covers, Durable",Office Supplies,Binders
823,OFF-PA-10000994,"Enermax Message Books, 8.5 x 11",Office Supplies,Paper
824,OFF-PA-10000587,"Array Parchment Paper, Assorted Colors",Office Supplies,Paper
825,OFF-AR-10002340,"Stanley Markers, Water Color",Office Supplies,Art
826,OFF-PA-10000327,Xerox 1971,Office Supplies,Paper
827,TEC-STA-10002497,"StarTech Card Printer, White",Technology,Machines
828,FUR-CH-10000432,"Harbour Creations Swivel Stool, Adjustable",Furniture,Chairs
829,FUR-CH-10004572,"Office Star Executive Leather Armchair, Adjustable",Furniture,Chairs
830,TEC-PAN-10000577,"Panasonic Inkjet, White",Technology,Machines
831,TEC-STA-10000893,"StarTech Inkjet, White",Technology,Machines
832,TEC-KON-10002034,"Konica Receipt Printer, Wireless",Technology,Machines
833,TEC-CO-10002271,"Sharp Fax Machine, Laser",Technology,Copiers
834,FUR-TA-10002958,"Bevis Oval Conference Table, Walnut",Furniture,Tables
835,FUR-DAN-10001462,"Dania Stackable Bookrack, Pine",Furniture,Bookcases
836,TEC-PH-10003102,"Samsung Audio Dock, with Caller ID",Technology,Phones
837,TEC-CO-10003951,"HP Copy Machine, High-Speed",Technology,Copiers
838,OFF-KIT-10001040,"KitchenAid Coffee Grinder, Black",Office Supplies,Appliances
839,OFF-AP-10002534,3.6 Cubic Foot Counter Height Office Refrigerator,Office Supplies,Appliances
840,FUR-ELD-10003131,"Eldon Frame, Durable",Furniture,Furnishings
841,OFF-SME-10002740,"Smead Lockers, Single Width",Office Supplies,Storage
842,TEC-APP-10004049,"Apple Speaker Phone, Cordless",Technology,Phones
843,OFF-FA-10004899,"OIC Clamps, 12 Pack",Office Supplies,Fasteners
844,TEC-MEM-10004782,"Memorex Keyboard, Erganomic",Technology,Accessories
845,OFF-ST-10001576,"Tenex Folders, Blue",Office Supplies,Storage
846,OFF-BI-10000542,"Wilson Jones 3-Hole Punch, Durable",Office Supplies,Binders
847,OFF-BI-10003429,"Cardinal HOLDit! Binder Insert Strips,Extra Strips",Office Supplies,Binders
848,FUR-HON-10000191,"Hon Bag Chairs, Adjustable",Furniture,Chairs
849,OFF-ST-10002486,Eldon Shelf Savers Cubes and Bins,Office Supplies,Storage
850,OFF-FA-10003058,"Stockwell Rubber Bands, Assorted Sizes",Office Supplies,Fasteners
851,OFF-LA-10000305,Avery 495,Office Supplies,Labels
852,OFF-LA-10002782,"Hon File Folder Labels, Adjustable",Office Supplies,Labels
853,OFF-EN-10003577,"GlobeWeis Manila Envelope, with clear poly window",Office Supplies,Envelopes
854,OFF-BIN-10001274,"Binney & Smith Pens, Blue",Office Supplies,Art
855,TEC-PH-10004700,PowerGen Dual USB Car Charger,Technology,Phones
856,OFF-ADV-10000331,"Advantus Paper Clips, Assorted Sizes",Office Supplies,Fasteners
857,TEC-PH-10002217,"Cisco Audio Dock, Cordless",Technology,Phones
858,OFF-ST-10001370,Sensible Storage WireTech Storage Systems,Office Supplies,Storage
859,OFF-BI-10001507,"Ibico Binder, Durable",Office Supplies,Binders
860,OFF-SU-10004481,"Stiletto Shears, Serrated",Office Supplies,Supplies
861,TEC-PAN-10000131,"Panasonic Receipt Printer, Red",Technology,Machines
862,TEC-HEW-10004652,"Hewlett Personal Copier, Laser",Technology,Copiers
863,OFF-AR-10001374,"BIC Brite Liner Highlighters, Chisel Tip",Office Supplies,Art
864,TEC-AC-10002001,Logitech Wireless Gaming Headset G930,Technology,Accessories
865,OFF-PA-10001878,Xerox 1891,Office Supplies,Paper
866,OFF-AR-10000588,Newell 345,Office Supplies,Art
867,OFF-BI-10001617,GBC Wire Binding Combs,Office Supplies,Binders
868,OFF-IBI-10000440,"Ibico Binder Covers, Clear",Office Supplies,Binders
869,OFF-SU-10000381,Acme Forged Steel Scissors with Black Enamel Handles,Office Supplies,Supplies
870,OFF-EN-10004988,"Cameo Mailers, Set of 50",Office Supplies,Envelopes
871,OFF-BI-10000765,"Avery Hole Reinforcements, Durable",Office Supplies,Binders
872,TEC-LOG-10002018,"Logitech Memory Card, Erganomic",Technology,Accessories
873,FUR-CH-10004495,"Global Leather and Oak Executive Chair, Black",Furniture,Chairs
874,FUR-CH-10002780,Office Star - Task Chair with Contemporary Loop Arms,Furniture,Chairs
875,OFF-ST-10004976,"Rogers Lockers, Blue",Office Supplies,Storage
876,OFF-AR-10004739,"BIC Canvas, Easy-Erase",Office Supplies,Art
877,FUR-CH-10004477,"Global Push Button Manager's Chair, Indigo",Furniture,Chairs
878,OFF-ST-10000934,"Contico 72""H Heavy-Duty Storage System",Office Supplies,Storage
879,OFF-ADV-10004030,"Advantus Push Pins, Metal",Office Supplies,Fasteners
880,OFF-BI-10004224,Catalog Binders with Expanding Posts,Office Supplies,Binders
881,TEC-MOT-10002260,"Motorola Office Telephone, Cordless",Technology,Phones
882,OFF-IBI-10004959,"Ibico Binder, Economy",Office Supplies,Binders
883,OFF-AR-10001427,Newell 330,Office Supplies,Art
884,FUR-BO-10004917,"Dania Stackable Bookrack, Mobile",Furniture,Bookcases
885,OFF-ROG-10002279,"Rogers Box, Blue",Office Supplies,Storage
886,OFF-SME-10000880,"Smead Box, Blue",Office Supplies,Storage
887,OFF-ST-10002344,"Carina 42""Hx23 3/4""W Media Storage Unit",Office Supplies,Storage
888,OFF-EN-10003472,"Cameo Clasp Envelope, Security-Tint",Office Supplies,Envelopes
889,OFF-AR-10000390,Newell Chalk Holder,Office Supplies,Art
890,FUR-CH-10000932,"Harbour Creations Executive Leather Armchair, Red",Furniture,Chairs
891,TEC-PH-10003546,"Apple Signal Booster, with Caller ID",Technology,Phones
892,FUR-TA-10001786,"Chromcraft Computer Table, with Bottom Storage",Furniture,Tables
893,OFF-AP-10001548,"Hoover Toaster, Silver",Office Supplies,Appliances
894,TEC-PH-10000365,"Cisco Office Telephone, with Caller ID",Technology,Phones
895,TEC-CO-10003506,"HP Fax Machine, Laser",Technology,Copiers
896,TEC-PH-10003713,"Nokia Smart Phone, Cordless",Technology,Phones
897,TEC-CO-10004981,"Sharp Personal Copier, Laser",Technology,Copiers
898,TEC-PH-10001002,"Apple Signal Booster, Full Size",Technology,Phones
899,TEC-AC-10003640,"SanDisk Mouse, Programmable",Technology,Accessories
900,OFF-FA-10000670,"Advantus Clamps, Assorted Sizes",Office Supplies,Fasteners
901,TEC-MA-10002039,"Panasonic Calculator, Wireless",Technology,Machines
902,FUR-RUB-10002507,"Rubbermaid Stacking Tray, Black",Furniture,Furnishings
903,OFF-SU-10001848,"Kleencut Ruler, Easy Grip",Office Supplies,Supplies
904,OFF-IBI-10004074,"Ibico 3-Hole Punch, Clear",Office Supplies,Binders
905,OFF-FA-10002453,"Stockwell Thumb Tacks, Bulk Pack",Office Supplies,Fasteners
906,OFF-BI-10002708,"Acco Binder, Clear",Office Supplies,Binders
907,OFF-PA-10001835,"SanDisk Computer Printout Paper, 8.5 x 11",Office Supplies,Paper
908,OFF-ACC-10002220,"Acco Binding Machine, Economy",Office Supplies,Binders
909,OFF-STO-10001839,"Stockwell Rubber Bands, Bulk Pack",Office Supplies,Fasteners
910,OFF-SAN-10001634,"Sanford Canvas, Easy-Erase",Office Supplies,Art
911,OFF-WIL-10000164,"Wilson Jones Binding Machine, Durable",Office Supplies,Binders
912,FUR-FU-10003658,"Tenex Light Bulb, Duo Pack",Furniture,Furnishings
913,OFF-EN-10004667,"Kraft Interoffice Envelope, Set of 50",Office Supplies,Envelopes
914,OFF-AR-10001110,"BIC Pencil Sharpener, Water Color",Office Supplies,Art
915,TEC-CO-10003525,"Sharp Ink, Color",Technology,Copiers
916,OFF-OIC-10004810,"OIC Paper Clips, Metal",Office Supplies,Fasteners
917,TEC-CO-10003354,"Brother Fax Machine, Laser",Technology,Copiers
918,TEC-PH-10000309,"Motorola Audio Dock, with Caller ID",Technology,Phones
919,FUR-CH-10004009,"SAFCO Rocking Chair, Set of Two",Furniture,Chairs
920,OFF-AR-10001044,"BOSTON Ranger #55 Pencil Sharpener, Black",Office Supplies,Art
921,FUR-CH-10001044,"Harbour Creations Steel Folding Chair, Adjustable",Furniture,Chairs
922,FUR-CH-10003355,"Harbour Creations Chairmat, Adjustable",Furniture,Chairs
923,OFF-ST-10000035,"Tenex Folders, Industrial",Office Supplies,Storage
924,TEC-MOT-10002372,"Motorola Speaker Phone, Full Size",Technology,Phones
925,OFF-SAN-10002639,"Sanford Markers, Easy-Erase",Office Supplies,Art
926,OFF-FA-10001613,"OIC Thumb Tacks, Bulk Pack",Office Supplies,Fasteners
927,OFF-PA-10002259,"Geographics Note Cards, Blank, White, 8 1/2"" x 11""",Office Supplies,Paper
928,TEC-KON-10000091,"Konica Calculator, Red",Technology,Machines
929,TEC-MOT-10003348,"Motorola Smart Phone, Full Size",Technology,Phones
930,TEC-PH-10000984,Panasonic KX-TG9471B,Technology,Phones
931,TEC-AC-10002455,"Logitech Flash Drive, Programmable",Technology,Accessories
932,TEC-CO-10002759,"HP Copy Machine, Laser",Technology,Copiers
933,OFF-PA-10002137,"Southworth 100% Résumé Paper, 24lb.",Office Supplies,Paper
934,OFF-AP-10002578,"Fellowes Premier Superior Surge Suppressor, 10-Outlet, With Phone and Remote",Office Supplies,Appliances
935,FUR-FU-10001617,"Eldon Frame, Black",Furniture,Furnishings
936,OFF-EN-10000084,"Jiffy Manila Envelope, with clear poly window",Office Supplies,Envelopes
937,OFF-AR-10004772,"Boston Highlighters, Fluorescent",Office Supplies,Art
938,FUR-FU-10000885,"Eldon Light Bulb, Durable",Furniture,Furnishings
939,OFF-SU-10003582,"Elite Scissors, High Speed",Office Supplies,Supplies
940,OFF-AR-10002991,"Binney & Smith Markers, Blue",Office Supplies,Art
941,OFF-JIF-10004450,"Jiffy Mailers, Recycled",Office Supplies,Envelopes
942,TEC-PH-10004237,"Nokia Office Telephone, with Caller ID",Technology,Phones
943,OFF-PA-10000213,Xerox 198,Office Supplies,Paper
944,OFF-LA-10002319,"Smead Legal Exhibit Labels, Laser Printer Compatible",Office Supplies,Labels
945,OFF-BI-10003503,"Cardinal Index Tab, Economy",Office Supplies,Binders
946,OFF-FA-10001561,Stockwell Push Pins,Office Supplies,Fasteners
947,OFF-AR-10001770,Economy #2 Pencils,Office Supplies,Art
948,FUR-FU-10003981,Eldon Wave Desk Accessories,Furniture,Furnishings
949,OFF-BI-10002062,"Acco Hole Reinforcements, Economy",Office Supplies,Binders
950,OFF-ST-10002706,"Fellowes File Cart, Wire Frame",Office Supplies,Storage
951,TEC-AC-10004054,"Memorex Keyboard, Bluetooth",Technology,Accessories
952,OFF-AR-10003457,"Sanford Sketch Pad, Water Color",Office Supplies,Art
953,OFF-PA-10004573,"Enermax Memo Slips, Premium",Office Supplies,Paper
954,OFF-EN-10002104,"Cameo Mailers, with clear poly window",Office Supplies,Envelopes
955,OFF-AR-10003766,"BIC Sketch Pad, Easy-Erase",Office Supplies,Art
956,FUR-FU-10004283,"Tenex Door Stop, Duo Pack",Furniture,Furnishings
957,OFF-ST-10003154,"Fellowes Shelving, Industrial",Office Supplies,Storage
958,OFF-AP-10004512,"Hoover Stove, Red",Office Supplies,Appliances
959,TEC-MA-10003626,Hewlett-Packard Deskjet 6540 Color Inkjet Printer,Technology,Machines
960,OFF-ST-10003995,"Eldon File Cart, Single Width",Office Supplies,Storage
961,FUR-CH-10003379,Global Commerce Series High-Back Swivel/Tilt Chairs,Furniture,Chairs
962,TEC-AC-10004808,"Memorex Router, Erganomic",Technology,Accessories
963,OFF-SU-10001021,"Fiskars Box Cutter, Serrated",Office Supplies,Supplies
964,FUR-CH-10000891,"Harbour Creations Executive Leather Armchair, Black",Furniture,Chairs
965,OFF-AR-10001176,"Sanford Pens, Water Color",Office Supplies,Art
966,OFF-TEN-10001129,"Tenex Shelving, Blue",Office Supplies,Storage
967,OFF-FA-10000059,"Stockwell Clamps, Bulk Pack",Office Supplies,Fasteners
968,TEC-AC-10004877,Imation 30456 USB Flash Drive 8GB,Technology,Accessories
969,OFF-ELD-10004625,"Eldon Trays, Blue",Office Supplies,Storage
970,OFF-BI-10003007,"Premium Transparent Presentation Covers, No Pattern/Clear, 8 1/2"" x 11""",Office Supplies,Binders
971,OFF-PA-10000176,Xerox 1887,Office Supplies,Paper
972,OFF-ST-10000736,Carina Double Wide Media Storage Towers in Natural & Black,Office Supplies,Storage
973,OFF-SU-10003137,"Fiskars Letter Opener, Steel",Office Supplies,Supplies
974,OFF-ST-10003221,Staples,Office Supplies,Storage
975,OFF-PA-10001215,Xerox 1963,Office Supplies,Paper
976,OFF-AR-10003723,Avery Hi-Liter Fluorescent Desk Style Markers,Office Supplies,Art
977,OFF-LA-10002625,"Harbour Creations Round Labels, Adjustable",Office Supplies,Labels
978,TEC-AC-10001835,"Belkin Mouse, Programmable",Technology,Accessories
979,FUR-CH-10004491,"SAFCO Swivel Stool, Adjustable",Furniture,Chairs
980,FUR-CH-10004040,"Office Star Steel Folding Chair, Set of Two",Furniture,Chairs
981,OFF-BI-10003025,"Cardinal Binding Machine, Durable",Office Supplies,Binders
982,OFF-PA-10002120,Xerox 1889,Office Supplies,Paper
983,OFF-BI-10001804,"Avery Binder, Recycled",Office Supplies,Binders
984,OFF-ST-10001490,"Hot File 7-Pocket, Floor Stand",Office Supplies,Storage
985,OFF-BI-10004553,"Cardinal Binder, Clear",Office Supplies,Binders
986,OFF-AR-10001529,"Sanford Pens, Fluorescent",Office Supplies,Art
987,OFF-BI-10001543,GBC VeloBinder Manual Binding System,Office Supplies,Binders
988,FUR-FU-10001756,"Eldon Expressions Desk Accessory, Wood Photo Frame, Mahogany",Furniture,Furnishings
989,OFF-PA-10002011,"SanDisk Parchment Paper, Premium",Office Supplies,Paper
990,OFF-AR-10000799,"Sanford Highlighters, Easy-Erase",Office Supplies,Art
991,OFF-FA-10004233,"Stockwell Paper Clips, Metal",Office Supplies,Fasteners
992,OFF-AR-10003113,"Binney & Smith Pens, Blue",Office Supplies,Art
993,OFF-BI-10000773,Insertable Tab Post Binder Dividers,Office Supplies,Binders
994,TEC-PH-10002415,Polycom VoiceStation 500 Conference phone,Technology,Phones
995,TEC-BEL-10002678,"Belkin Memory Card, Erganomic",Technology,Accessories
996,OFF-LA-10000195,"Novimex File Folder Labels, Laser Printer Compatible",Office Supplies,Labels
997,OFF-PA-10002394,"Eaton Computer Printout Paper, Recycled",Office Supplies,Paper
998,OFF-SU-10003252,"Fiskars Trimmer, Steel",Office Supplies,Supplies
999,FUR-FU-10004730,"Rubbermaid Light Bulb, Erganomic",Furniture,Furnishings
1000,OFF-ACC-10001993,"Acco Binder Covers, Clear",Office Supplies,Binders
1001,FUR-TA-10003473,Bretford Rectangular Conference Table Tops,Furniture,Tables
1002,FUR-TA-10001950,Balt Solid Wood Round Tables,Furniture,Tables
1003,TEC-MA-10003936,"Epson Printer, White",Technology,Machines
1004,FUR-TA-10004175,"Hon 30"" x 60"" Table with Locking Drawer",Furniture,Tables
1005,OFF-PA-10003641,Xerox 1909,Office Supplies,Paper
1006,TEC-PH-10003793,"Nokia Office Telephone, VoIP",Technology,Phones
1007,TEC-NOK-10003560,"Nokia Headset, VoIP",Technology,Phones
1008,OFF-ST-10004296,"Smead Folders, Industrial",Office Supplies,Storage
1009,OFF-FA-10002085,"Stockwell Clamps, Assorted Sizes",Office Supplies,Fasteners
1010,OFF-AP-10001154,Bionaire Personal Warm Mist Humidifier/Vaporizer,Office Supplies,Appliances
1011,OFF-PA-10000919,Xerox 1918,Office Supplies,Paper
1012,OFF-PA-10002960,Xerox 1926,Office Supplies,Paper
1013,OFF-BI-10000136,Avery Non-Stick Heavy Duty View Round Locking Ring Binders,Office Supplies,Binders
1014,OFF-BI-10000309,"GBC Twin Loop Wire Binding Elements, 9/16"" Spine, Black",Office Supplies,Binders
1015,OFF-AP-10003971,Belkin 6 Outlet Metallic Surge Strip,Office Supplies,Appliances
1016,OFF-LA-10002029,"Hon Round Labels, 5000 Label Set",Office Supplies,Labels
1017,OFF-PA-10002365,Xerox 1967,Office Supplies,Paper
1018,OFF-AR-10003732,Newell 333,Office Supplies,Art
1019,OFF-PA-10003349,Xerox 1957,Office Supplies,Paper
1020,OFF-AR-10003829,Newell 35,Office Supplies,Art
1021,OFF-PA-10003063,EcoTones Memo Sheets,Office Supplies,Paper
1022,OFF-PA-10002195,Xerox 1966,Office Supplies,Paper
1023,FUR-BO-10004218,"Bush Heritage Pine Collection 5-Shelf Bookcase, Albany Pine Finish, *Special Order",Furniture,Bookcases
1024,TEC-MA-10001148,Swingline SM12-08 MicroCut Jam Free Shredder,Technology,Machines
1025,OFF-AP-10001824,"Hamilton Beach Blender, Silver",Office Supplies,Appliances
1026,FUR-BO-10001342,"Safco Corner Shelving, Metal",Furniture,Bookcases
1027,TEC-MA-10002412,Cisco TelePresence System EX90 Videoconferencing Unit,Technology,Machines
1028,OFF-BI-10004589,"Avery Binding Machine, Economy",Office Supplies,Binders
1029,OFF-ST-10001213,"Smead Shelving, Industrial",Office Supplies,Storage
1030,TEC-PH-10003927,"Nokia Audio Dock, with Caller ID",Technology,Phones
1031,FUR-FU-10001986,"Dana Fluorescent Magnifying Lamp, White, 36""",Furniture,Furnishings
1032,OFF-FA-10004878,"Stockwell Clamps, Bulk Pack",Office Supplies,Fasteners
1033,OFF-AP-10004921,"Breville Toaster, Red",Office Supplies,Appliances
1034,OFF-SU-10002775,"Fiskars Box Cutter, Steel",Office Supplies,Supplies
1035,FUR-FU-10004597,Eldon Cleatmat Chair Mats for Medium Pile Carpets,Furniture,Furnishings
1036,OFF-EN-10001975,"Kraft Business Envelopes, Security-Tint",Office Supplies,Envelopes
1037,FUR-FU-10004270,"Executive Impressions 13"" Clairmont Wall Clock",Furniture,Furnishings
1038,OFF-FA-10003112,Staples,Office Supplies,Fasteners
1039,OFF-LA-10002272,"Smead File Folder Labels, Alphabetical",Office Supplies,Labels
1040,OFF-ROG-10000332,"Rogers Box, Single Width",Office Supplies,Storage
1041,OFF-AR-10003183,Avery Fluorescent Highlighter Four-Color Set,Office Supplies,Art
1042,TEC-PH-10004667,Cisco 8x8 Inc. 6753i IP Business Phone System,Technology,Phones
1043,TEC-AC-10002647,"Logitech Wireless Boombox Speaker - portable - wireless, wired",Technology,Accessories
1044,TEC-CO-10004558,"HP Ink, High-Speed",Technology,Copiers
1045,OFF-ST-10000918,Crate-A-Files,Office Supplies,Storage
1046,FUR-FU-10002508,Document Clip Frames,Furniture,Furnishings
1047,OFF-LA-10000443,Avery 501,Office Supplies,Labels
1048,TEC-PH-10000730,Samsung Galaxy S4 Active,Technology,Phones
1049,OFF-AP-10001503,"KitchenAid Microwave, Black",Office Supplies,Appliances
1050,TEC-CO-10003992,"HP Ink, Color",Technology,Copiers
1051,FUR-CH-10000326,"SAFCO Rocking Chair, Red",Furniture,Chairs
1052,FUR-BO-10003554,"Dania 3-Shelf Cabinet, Mobile",Furniture,Bookcases
1053,TEC-CO-10001580,"HP Ink, Digital",Technology,Copiers
1054,TEC-MA-10002771,"StarTech Inkjet, White",Technology,Machines
1055,TEC-PH-10001382,"Apple Office Telephone, Cordless",Technology,Phones
1056,OFF-SU-10000255,"Elite Box Cutter, High Speed",Office Supplies,Supplies
1057,FUR-CH-10002940,"Harbour Creations Chairmat, Black",Furniture,Chairs
1058,OFF-FA-10004258,"OIC Thumb Tacks, Bulk Pack",Office Supplies,Fasteners
1059,OFF-AVE-10002892,"Avery 3-Hole Punch, Recycled",Office Supplies,Binders
1060,OFF-LA-10004544,Avery 505,Office Supplies,Labels
1061,OFF-SU-10004766,"Kleencut Shears, Easy Grip",Office Supplies,Supplies
1062,OFF-EN-10004550,"GlobeWeis Interoffice Envelope, Recycled",Office Supplies,Envelopes
1063,TEC-OKI-10001454,"Okidata Calculator, Durable",Technology,Machines
1064,TEC-HEW-10004937,"Hewlett Fax Machine, Digital",Technology,Copiers
1065,OFF-BI-10001597,"Wilson Jones Ledger-Size, Piano-Hinge Binder, 2"", Blue",Office Supplies,Binders
1066,OFF-LA-10001169,"Harbour Creations Round Labels, Laser Printer Compatible",Office Supplies,Labels
1067,FUR-FU-10000065,"Rubbermaid Frame, Black",Furniture,Furnishings
1068,OFF-PA-10000675,Xerox 1919,Office Supplies,Paper
1069,FUR-CH-10004478,"Hon Steel Folding Chair, Adjustable",Furniture,Chairs
1070,OFF-FA-10003004,"Advantus Push Pins, Metal",Office Supplies,Fasteners
1071,TEC-PH-10004242,"Apple Speaker Phone, VoIP",Technology,Phones
1072,FUR-FU-10001473,DAX Wood Document Frame,Furniture,Furnishings
1073,FUR-FU-10002017,"Rubbermaid Door Stop, Duo Pack",Furniture,Furnishings
1074,OFF-ST-10003760,"Eldon Trays, Blue",Office Supplies,Storage
1075,OFF-LA-10001867,"Avery Shipping Labels, Alphabetical",Office Supplies,Labels
1076,OFF-ST-10002301,Tennsco Commercial Shelving,Office Supplies,Storage
1077,OFF-FA-10004781,"Stockwell Thumb Tacks, Metal",Office Supplies,Fasteners
1078,OFF-AR-10003031,"Binney & Smith Pens, Fluorescent",Office Supplies,Art
1079,OFF-LA-10004409,Avery 492,Office Supplies,Labels
1080,OFF-AR-10004685,"Binney & Smith Crayola Metallic Colored Pencils, 8-Color Set",Office Supplies,Art
1081,OFF-LA-10002806,"Novimex Shipping Labels, 5000 Label Set",Office Supplies,Labels
1082,OFF-AR-10004027,"Binney & Smith inkTank Erasable Desk Highlighter, Chisel Tip, Yellow, 12/Box",Office Supplies,Art
1083,TEC-ENE-10001355,"Enermax Numeric Keypad, USB",Technology,Accessories
1084,OFF-AR-10001573,American Pencil,Office Supplies,Art
1085,OFF-SAN-10001862,"Sanford Highlighters, Easy-Erase",Office Supplies,Art
1086,TEC-PH-10000018,"Nokia Smart Phone, Full Size",Technology,Phones
1087,TEC-PH-10000841,"Nokia Signal Booster, VoIP",Technology,Phones
1088,FUR-CH-10001482,Office Star - Mesh Screen back chair with Vinyl seat,Furniture,Chairs
1089,OFF-ST-10004017,"Smead Trays, Industrial",Office Supplies,Storage
1090,FUR-BO-10000610,"Ikea Stackable Bookrack, Mobile",Furniture,Bookcases
1091,FUR-FU-10003326,"Eldon Photo Frame, Duo Pack",Furniture,Furnishings
1092,OFF-PA-10003455,"Xerox Cards & Envelopes, Premium",Office Supplies,Paper
1093,OFF-AR-10004424,"Boston Markers, Blue",Office Supplies,Art
1094,OFF-BI-10002735,GBC Prestige Therm-A-Bind Covers,Office Supplies,Binders
1095,OFF-AR-10002706,"Stanley Canvas, Fluorescent",Office Supplies,Art
1096,OFF-BI-10003058,"Acco Binder Covers, Economy",Office Supplies,Binders
1097,OFF-PA-10002581,Xerox 1951,Office Supplies,Paper
1098,OFF-PA-10001283,"Green Bar Parchment Paper, Premium",Office Supplies,Paper
1099,OFF-LA-10000707,"Avery Removable Labels, Adjustable",Office Supplies,Labels
1100,OFF-BI-10004410,"C-Line Peel & Stick Add-On Filing Pockets, 8-3/4 x 5-1/8, 10/Pack",Office Supplies,Binders
1101,TEC-PH-10003484,Ooma Telo VoIP Home Phone System,Technology,Phones
1102,FUR-HON-10001504,"Hon Rocking Chair, Black",Furniture,Chairs
1103,FUR-FU-10001438,"Rubbermaid Frame, Duo Pack",Furniture,Furnishings
1104,TEC-PH-10004618,"Motorola Signal Booster, Cordless",Technology,Phones
1105,TEC-CO-10004981,"Canon Copy Machine, High-Speed",Technology,Copiers
1106,OFF-TEN-10004270,"Tenex File Cart, Single Width",Office Supplies,Storage
1107,OFF-ST-10000585,Economy Rollaway Files,Office Supplies,Storage
1108,FUR-BO-10001646,"Safco Library with Doors, Pine",Furniture,Bookcases
1109,TEC-CO-10001407,"Canon Ink, Digital",Technology,Copiers
1110,FUR-DAN-10004940,"Dania Classic Bookcase, Metal",Furniture,Bookcases
1111,OFF-PA-10003868,"SanDisk Cards & Envelopes, Recycled",Office Supplies,Paper
1112,OFF-EN-10001136,"Kraft Interoffice Envelope, Recycled",Office Supplies,Envelopes
1113,OFF-LA-10004738,"Harbour Creations Legal Exhibit Labels, Alphabetical",Office Supplies,Labels
1114,TEC-MA-10001475,"StarTech Receipt Printer, Wireless",Technology,Machines
1115,OFF-AVE-10003504,"Avery Legal Exhibit Labels, 5000 Label Set",Office Supplies,Labels
1116,OFF-LA-10003627,"Novimex Round Labels, Adjustable",Office Supplies,Labels
1117,OFF-LA-10004484,Avery 476,Office Supplies,Labels
1118,OFF-BI-10002894,"Avery Binding Machine, Durable",Office Supplies,Binders
1119,TEC-PH-10002564,"Motorola Signal Booster, Full Size",Technology,Phones
1120,OFF-BI-10003951,"Ibico 3-Hole Punch, Economy",Office Supplies,Binders
1121,OFF-ST-10004346,"Tenex Shelving, Single Width",Office Supplies,Storage
1122,OFF-SU-10003527,"Elite Ruler, Easy Grip",Office Supplies,Supplies
1123,FUR-FU-10002813,"DAX Contemporary Wood Frame with Silver Metal Mat, Desktop, 11 x 14 Size",Furniture,Furnishings
1124,FUR-FU-10003608,"Advantus Light Bulb, Black",Furniture,Furnishings
1125,OFF-PA-10004948,Xerox 190,Office Supplies,Paper
1126,OFF-FA-10004739,"Accos Rubber Bands, Bulk Pack",Office Supplies,Fasteners
1127,TEC-PH-10004261,"Nokia Signal Booster, Full Size",Technology,Phones
1128,TEC-CO-10003784,"HP Fax Machine, Laser",Technology,Copiers
1129,OFF-AR-10000727,"Stanley Canvas, Easy-Erase",Office Supplies,Art
1130,FUR-CH-10002439,"Iceberg Nesting Folding Chair, 19w x 6d x 43h",Furniture,Chairs
1131,OFF-ST-10002967,"Rogers Folders, Blue",Office Supplies,Storage
1132,OFF-FA-10000227,"OIC Clamps, Metal",Office Supplies,Fasteners
1133,FUR-TEN-10001349,"Tenex Frame, Black",Furniture,Furnishings
1134,TEC-PH-10001937,"Nokia Audio Dock, Full Size",Technology,Phones
1135,OFF-CAM-10001177,"Cameo Manila Envelope, Recycled",Office Supplies,Envelopes
1136,OFF-ST-10004330,"Smead Folders, Single Width",Office Supplies,Storage
1137,OFF-LA-10000379,"Harbour Creations Legal Exhibit Labels, 5000 Label Set",Office Supplies,Labels
1138,OFF-AR-10000034,"BIC Brite Liner Grip Highlighters, Assorted, 5/Pack",Office Supplies,Art
1139,TEC-AC-10002558,Imation Swivel Flash Drive USB flash drive - 8 GB,Technology,Accessories
1140,OFF-AR-10002156,"Stanley Highlighters, Blue",Office Supplies,Art
1141,OFF-PA-10004910,"Eaton Message Books, Premium",Office Supplies,Paper
1142,OFF-LA-10004877,"Avery File Folder Labels, Laser Printer Compatible",Office Supplies,Labels
1143,OFF-AR-10003338,"Eberhard Faber 3 1/2"" Golf Pencils",Office Supplies,Art
1144,OFF-FA-10001054,"Advantus Thumb Tacks, Metal",Office Supplies,Fasteners
1145,OFF-LA-10002107,"Harbour Creations Removable Labels, Laser Printer Compatible",Office Supplies,Labels
1146,OFF-ST-10004191,"Tenex Lockers, Blue",Office Supplies,Storage
1147,OFF-BI-10002040,"Ibico 3-Hole Punch, Recycled",Office Supplies,Binders
1148,TEC-AC-10002323,SanDisk Ultra 32 GB MicroSDHC Class 10 Memory Card,Technology,Accessories
1149,TEC-PH-10004100,Griffin GC17055 Auxiliary Audio Cable,Technology,Phones
1150,OFF-LA-10001982,Smead Alpha-Z Color-Coded Name Labels First Letter Starter Set,Office Supplies,Labels
1151,OFF-AR-10004272,Newell 308,Office Supplies,Art
1152,OFF-LA-10004832,"Novimex Legal Exhibit Labels, Alphabetical",Office Supplies,Labels
1153,FUR-TA-10003954,Hon 94000 Series Round Tables,Furniture,Tables
1154,TEC-PH-10003273,AT&T TR1909W,Technology,Phones
1155,TEC-NOK-10001172,"Nokia Speaker Phone, VoIP",Technology,Phones
1156,TEC-CO-10003370,"HP Ink, Color",Technology,Copiers
1157,OFF-SU-10004662,"Fiskars Trimmer, Easy Grip",Office Supplies,Supplies
1158,FUR-TEN-10000525,"Tenex Clock, Black",Furniture,Furnishings
1159,FUR-OFF-10001125,"Office Star Rocking Chair, Adjustable",Furniture,Chairs
1160,FUR-TA-10000198,Chromcraft Bull-Nose Wood Oval Conference Tables & Bases,Furniture,Tables
1161,TEC-AC-10003556,"Belkin Keyboard, Bluetooth",Technology,Accessories
1162,OFF-FA-10002715,"Stockwell Clamps, 12 Pack",Office Supplies,Fasteners
1163,OFF-EN-10004788,"Cameo Manila Envelope, Recycled",Office Supplies,Envelopes
1164,OFF-ST-10004409,"Rogers Box, Industrial",Office Supplies,Storage
1165,OFF-SU-10000378,"Kleencut Scissors, High Speed",Office Supplies,Supplies
1166,OFF-FA-10004494,"Stockwell Push Pins, Metal",Office Supplies,Fasteners
1167,OFF-LA-10001778,"Smead Color Coded Labels, 5000 Label Set",Office Supplies,Labels
1168,OFF-ST-10002122,"Smead Box, Industrial",Office Supplies,Storage
1169,OFF-EN-10003636,"Jiffy Peel and Seal, Security-Tint",Office Supplies,Envelopes
1170,OFF-AME-10002949,"Ames Clasp Envelope, with clear poly window",Office Supplies,Envelopes
1171,OFF-EN-10001509,Poly String Tie Envelopes,Office Supplies,Envelopes
1172,OFF-LA-10000845,"Novimex Round Labels, Adjustable",Office Supplies,Labels
1173,OFF-BI-10002483,"Cardinal Hole Reinforcements, Clear",Office Supplies,Binders
1174,TEC-PH-10002035,"Samsung Smart Phone, Cordless",Technology,Phones
1175,FUR-TA-10001889,Bush Advantage Collection Racetrack Conference Table,Furniture,Tables
1176,FUR-BO-10002383,"Sauder Floating Shelf Set, Pine",Furniture,Bookcases
1177,OFF-AP-10001504,"Cuisinart Blender, Black",Office Supplies,Appliances
1178,FUR-FU-10004339,"Deflect-O Frame, Black",Furniture,Furnishings
1179,OFF-SU-10004230,"Kleencut Scissors, Serrated",Office Supplies,Supplies
1180,FUR-FU-10003662,"Tenex Door Stop, Erganomic",Furniture,Furnishings
1181,OFF-EN-10004892,"Ames Manila Envelope, with clear poly window",Office Supplies,Envelopes
1182,OFF-LA-10000276,"Smead File Folder Labels, 5000 Label Set",Office Supplies,Labels
1183,FUR-CH-10002610,"Novimex Swivel Stool, Black",Furniture,Chairs
1184,TEC-PH-10001819,Innergie mMini Combo Duo USB Travel Charging Kit,Technology,Phones
1185,FUR-CH-10002304,"Global Stack Chair without Arms, Black",Furniture,Chairs
1186,FUR-BO-10004423,"Ikea Corner Shelving, Pine",Furniture,Bookcases
1187,FUR-CH-10002872,"SAFCO Executive Leather Armchair, Adjustable",Furniture,Chairs
1188,OFF-EN-10002230,Airmail Envelopes,Office Supplies,Envelopes
1189,TEC-PH-10004105,"Motorola Speaker Phone, VoIP",Technology,Phones
1190,TEC-CO-10001145,"Canon Personal Copier, Digital",Technology,Copiers
1191,TEC-MA-10002701,"Konica Inkjet, Durable",Technology,Machines
1192,OFF-FEL-10001630,"Fellowes Lockers, Industrial",Office Supplies,Storage
1193,TEC-MA-10002998,"Okidata Receipt Printer, Durable",Technology,Machines
1194,FUR-BO-10001337,O'Sullivan Living Dimensions 2-Shelf Bookcases,Furniture,Bookcases
1195,TEC-CO-10002150,"Canon Fax and Copier, Digital",Technology,Copiers
1196,OFF-FA-10003745,"Accos Rubber Bands, Metal",Office Supplies,Fasteners
1197,OFF-ST-10001511,Space Solutions Commercial Steel Shelving,Office Supplies,Storage
1198,OFF-FA-10001375,"Accos Clamps, 12 Pack",Office Supplies,Fasteners
1199,OFF-SU-10004236,"Stiletto Letter Opener, Steel",Office Supplies,Supplies
1200,OFF-EN-10004590,"Ames Peel and Seal, with clear poly window",Office Supplies,Envelopes
1201,OFF-ST-10001091,"Smead Box, Industrial",Office Supplies,Storage
1202,OFF-FA-10000353,"Accos Staples, Metal",Office Supplies,Fasteners
1203,FUR-FU-10003214,"Eldon Stacking Tray, Durable",Furniture,Furnishings
1204,OFF-LA-10002312,Avery 490,Office Supplies,Labels
1205,OFF-FA-10002241,"Stockwell Clamps, Bulk Pack",Office Supplies,Fasteners
1206,OFF-SU-10002448,"Stiletto Trimmer, High Speed",Office Supplies,Supplies
1207,OFF-AR-10001915,Peel-Off China Markers,Office Supplies,Art
1208,OFF-BI-10004369,"Ibico Hole Reinforcements, Recycled",Office Supplies,Binders
1209,OFF-AR-10001231,"Sanford EarthWrite Recycled Pencils, Medium Soft, #2",Office Supplies,Art
1210,FUR-FU-10004427,"Advantus Stacking Tray, Erganomic",Furniture,Furnishings
1211,FUR-RUB-10003411,"Rubbermaid Stacking Tray, Erganomic",Furniture,Furnishings
1212,OFF-ST-10002957,Sterilite Show Offs Storage Containers,Office Supplies,Storage
1213,FUR-DAN-10002348,"Dania Classic Bookcase, Pine",Furniture,Bookcases
1214,FUR-CH-10002965,"Global Leather Highback Executive Chair with Pneumatic Height Adjustment, Black",Furniture,Chairs
1215,OFF-HOO-10004243,"Hoover Microwave, Black",Office Supplies,Appliances
1216,OFF-ST-10001758,"Rogers Lockers, Blue",Office Supplies,Storage
1217,OFF-BI-10004390,GBC DocuBind 200 Manual Binding Machine,Office Supplies,Binders
1218,TEC-PH-10000720,"Samsung Audio Dock, Full Size",Technology,Phones
1219,FUR-OFF-10004824,"Office Star Swivel Stool, Set of Two",Furniture,Chairs
1220,TEC-NOK-10003034,"Nokia Speaker Phone, Full Size",Technology,Phones
1221,TEC-AC-10004901,Kensington SlimBlade Notebook Wireless Mouse with Nano Receiver ,Technology,Accessories
1222,OFF-SAN-10001114,"SanDisk Cards & Envelopes, Multicolor",Office Supplies,Paper
1223,FUR-BO-10002032,"Ikea Stackable Bookrack, Pine",Furniture,Bookcases
1224,FUR-FU-10001252,"Eldon Clock, Erganomic",Furniture,Furnishings
1225,OFF-HAR-10001262,"Harbour Creations Removable Labels, Adjustable",Office Supplies,Labels
1226,OFF-STA-10003803,"Stanley Highlighters, Fluorescent",Office Supplies,Art
1227,OFF-AR-10003651,"Sanford Pens, Easy-Erase",Office Supplies,Art
1228,OFF-AR-10000054,"Sanford Pencil Sharpener, Water Color",Office Supplies,Art
1229,OFF-BI-10001636,Ibico Plastic and Wire Spiral Binding Combs,Office Supplies,Binders
1230,OFF-LA-10004519,"Avery Legal Exhibit Labels, 5000 Label Set",Office Supplies,Labels
1231,OFF-AP-10002765,Fellowes Advanced Computer Series Surge Protectors,Office Supplies,Appliances
1232,FUR-FU-10003046,"Advantus Photo Frame, Durable",Furniture,Furnishings
1233,OFF-AR-10002433,"Stanley Pens, Easy-Erase",Office Supplies,Art
1234,OFF-BI-10002071,Fellowes Black Plastic Comb Bindings,Office Supplies,Binders
1235,OFF-CAM-10001341,"Cameo Business Envelopes, Recycled",Office Supplies,Envelopes
1236,OFF-CAR-10003373,"Cardinal Hole Reinforcements, Durable",Office Supplies,Binders
1237,OFF-BI-10001097,Avery Hole Reinforcements,Office Supplies,Binders
1238,OFF-BI-10003529,Avery Round Ring Poly Binders,Office Supplies,Binders
1239,TEC-PH-10003963,"Apple Signal Booster, Full Size",Technology,Phones
1240,OFF-BI-10003705,"Wilson Jones Binding Machine, Recycled",Office Supplies,Binders
1241,FUR-BO-10003408,"Ikea 3-Shelf Cabinet, Metal",Furniture,Bookcases
1242,OFF-AR-10000399,"Stanley Canvas, Water Color",Office Supplies,Art
1243,TEC-PH-10002871,"Motorola Audio Dock, with Caller ID",Technology,Phones
1244,OFF-BI-10004651,"Cardinal Binding Machine, Clear",Office Supplies,Binders
1245,OFF-AP-10002753,"Cuisinart Toaster, Red",Office Supplies,Appliances
1246,TEC-AC-10004379,"SanDisk Flash Drive, Programmable",Technology,Accessories
1247,TEC-AC-10002760,"Memorex Memory Card, Erganomic",Technology,Accessories
1248,TEC-AC-10003851,"Memorex Keyboard, Bluetooth",Technology,Accessories
1249,FUR-CH-10004783,"Novimex Chairmat, Red",Furniture,Chairs
1250,OFF-ST-10001374,"Rogers Trays, Wire Frame",Office Supplies,Storage
1251,OFF-AR-10001991,"Stanley Markers, Easy-Erase",Office Supplies,Art
1252,FUR-FU-10003283,"Rubbermaid Stacking Tray, Durable",Furniture,Furnishings
1253,OFF-ST-10004857,"Smead Folders, Single Width",Office Supplies,Storage
1254,OFF-ST-10003319,"Rogers Box, Wire Frame",Office Supplies,Storage
1255,OFF-BI-10000188,"Cardinal Hole Reinforcements, Economy",Office Supplies,Binders
1256,OFF-ST-10000636,Rogers Profile Extra Capacity Storage Tub,Office Supplies,Storage
1257,OFF-BI-10004305,"Cardinal Hole Reinforcements, Durable",Office Supplies,Binders
1258,OFF-BI-10002222,"Cardinal Binder Covers, Clear",Office Supplies,Binders
1259,OFF-BI-10000042,"Pressboard Data Binder, Crimson, 12"" X 8 1/2""",Office Supplies,Binders
1260,OFF-BI-10000145,Zipper Ring Binder Pockets,Office Supplies,Binders
1261,OFF-LA-10001764,"Avery Round Labels, Adjustable",Office Supplies,Labels
1262,OFF-EN-10002226,"Jiffy Clasp Envelope, Recycled",Office Supplies,Envelopes
1263,OFF-AP-10004958,"KitchenAid Stove, Black",Office Supplies,Appliances
1264,TEC-PH-10001128,Motorola Droid Maxx,Technology,Phones
1265,TEC-PH-10001751,"Samsung Smart Phone, Cordless",Technology,Phones
1266,TEC-CO-10003982,"HP Ink, High-Speed",Technology,Copiers
1267,OFF-AP-10003308,"KitchenAid Stove, Black",Office Supplies,Appliances
1268,TEC-MA-10003351,"Okidata Card Printer, White",Technology,Machines
1269,TEC-CO-10002567,"Hewlett Fax and Copier, Laser",Technology,Copiers
1270,OFF-AP-10003842,Euro-Pro Shark Turbo Vacuum,Office Supplies,Appliances
1271,FUR-FU-10003192,Luxo Adjustable Task Clamp Lamp,Furniture,Furnishings
1272,TEC-CO-10001968,"Canon Personal Copier, Color",Technology,Copiers
1273,TEC-MOT-10001950,"Motorola Headset, Full Size",Technology,Phones
1274,OFF-PA-10003139,"SanDisk Parchment Paper, Recycled",Office Supplies,Paper
1275,OFF-AR-10003536,"Stanley Pencil Sharpener, Water Color",Office Supplies,Art
1276,TEC-CO-10001756,"Canon Personal Copier, Color",Technology,Copiers
1277,OFF-EN-10004788,"Ames Mailers, Recycled",Office Supplies,Envelopes
1278,OFF-LA-10001185,"Harbour Creations Round Labels, 5000 Label Set",Office Supplies,Labels
1279,OFF-EN-10000755,"Ames Mailers, Recycled",Office Supplies,Envelopes
1280,OFF-PA-10001593,Xerox 1947,Office Supplies,Paper
1281,OFF-PA-10004248,Xerox 1990,Office Supplies,Paper
1282,OFF-HAR-10000495,"Harbour Creations Shipping Labels, Adjustable",Office Supplies,Labels
1283,OFF-PA-10002986,Xerox 1898,Office Supplies,Paper
1284,OFF-EN-10001976,"Jiffy Interoffice Envelope, Security-Tint",Office Supplies,Envelopes
1285,OFF-SU-10004306,"Kleencut Trimmer, Steel",Office Supplies,Supplies
1286,TEC-AC-10001735,"Logitech Mouse, Bluetooth",Technology,Accessories
1287,OFF-EN-10001415,Staples,Office Supplies,Envelopes
1288,FUR-CH-10002132,"Hon Rocking Chair, Black",Furniture,Chairs
1289,TEC-CO-10002113,"Canon Ink, Digital",Technology,Copiers
1290,FUR-NOV-10001972,"Novimex Swivel Stool, Red",Furniture,Chairs
1291,TEC-CO-10000388,"Canon Fax Machine, Color",Technology,Copiers
1292,OFF-ST-10000886,"Smead Lockers, Wire Frame",Office Supplies,Storage
1293,OFF-ST-10004180,Safco Commercial Shelving,Office Supplies,Storage
1294,TEC-PH-10000960,"Samsung Headset, with Caller ID",Technology,Phones
1295,TEC-AC-10002799,"Memorex Memory Card, Programmable",Technology,Accessories
1296,OFF-AP-10000528,"Breville Blender, Black",Office Supplies,Appliances
1297,TEC-AC-10002926,Logitech Wireless Marathon Mouse M705,Technology,Accessories
1298,OFF-AR-10000724,"Boston Pens, Fluorescent",Office Supplies,Art
1299,TEC-MOT-10004136,"Motorola Signal Booster, Cordless",Technology,Phones
1300,OFF-AR-10001714,"Binney & Smith Markers, Fluorescent",Office Supplies,Art
1301,OFF-EN-10001047,"Jiffy Manila Envelope, Security-Tint",Office Supplies,Envelopes
1302,OFF-AR-10001955,Newell 319,Office Supplies,Art
1303,OFF-FA-10001051,"OIC Rubber Bands, Metal",Office Supplies,Fasteners
1304,OFF-KRA-10002789,"Kraft Peel and Seal, with clear poly window",Office Supplies,Envelopes
1305,OFF-STA-10003027,"Stanley Highlighters, Easy-Erase",Office Supplies,Art
1306,OFF-EN-10000812,"GlobeWeis Clasp Envelope, Set of 50",Office Supplies,Envelopes
1307,OFF-BI-10000542,"Ibico Binder Covers, Recycled",Office Supplies,Binders
1308,OFF-LA-10001607,"Novimex Shipping Labels, Alphabetical",Office Supplies,Labels
1309,OFF-LA-10001641,Avery 518,Office Supplies,Labels
1310,OFF-BI-10001904,"Cardinal Binder Covers, Durable",Office Supplies,Binders
1311,OFF-PA-10003797,Xerox 209,Office Supplies,Paper
1312,OFF-BI-10004140,Avery Non-Stick Binders,Office Supplies,Binders
1313,TEC-APP-10001965,"Apple Office Telephone, Full Size",Technology,Phones
1314,OFF-ACC-10000218,"Acco Hole Reinforcements, Durable",Office Supplies,Binders
1315,FUR-FU-10004020,Advantus Panel Wall Acrylic Frame,Furniture,Furnishings
1316,OFF-SU-10002881,Martin Yale Chadless Opener Electric Letter Opener,Office Supplies,Supplies
1317,OFF-AP-10002397,"Breville Microwave, White",Office Supplies,Appliances
1318,FUR-CH-10004913,"Office Star Rocking Chair, Red",Furniture,Chairs
1319,TEC-CO-10000679,"Hewlett Personal Copier, High-Speed",Technology,Copiers
1320,OFF-BI-10001621,"Cardinal Binding Machine, Economy",Office Supplies,Binders
1321,OFF-BIC-10002403,"BIC Sketch Pad, Easy-Erase",Office Supplies,Art
1322,OFF-EN-10003498,"Cameo Interoffice Envelope, Recycled",Office Supplies,Envelopes
1323,OFF-PA-10004071,"Eaton Premium Continuous-Feed Paper, 25% Cotton, Letter Size, White, 1000 Shts/Box",Office Supplies,Paper
1324,OFF-BI-10002852,Ibico Standard Transparent Covers,Office Supplies,Binders
1325,OFF-HAR-10003043,"Harbour Creations Shipping Labels, 5000 Label Set",Office Supplies,Labels
1326,OFF-ST-10001031,Adjustable Personal File Tote,Office Supplies,Storage
1327,OFF-ST-10003455,"Tenex File Box, Personal Filing Tote with Lid, Black",Office Supplies,Storage
1328,OFF-AR-10002952,Stanley Contemporary Battery Pencil Sharpeners,Office Supplies,Art
1329,OFF-BI-10000871,"Wilson Jones Binder Covers, Recycled",Office Supplies,Binders
1330,OFF-BI-10004209,"Fellowes Twister Kit, Gray/Clear, 3/pkg",Office Supplies,Binders
1331,OFF-FA-10003838,"Stockwell Rubber Bands, Assorted Sizes",Office Supplies,Fasteners
1332,OFF-AR-10004757,Crayola Colored Pencils,Office Supplies,Art
1333,OFF-BI-10004869,"Avery 3-Hole Punch, Recycled",Office Supplies,Binders
1334,OFF-FA-10001621,"OIC Rubber Bands, Bulk Pack",Office Supplies,Fasteners
1335,OFF-AR-10000127,Newell 321,Office Supplies,Art
1336,TEC-CAN-10001378,"Canon Personal Copier, High-Speed",Technology,Copiers
1337,OFF-LA-10000219,"Harbour Creations File Folder Labels, Adjustable",Office Supplies,Labels
1338,OFF-LA-10004234,"Smead File Folder Labels, 5000 Label Set",Office Supplies,Labels
1339,FUR-TA-10000688,"Chromcraft Bull-Nose Wood Round Conference Table Top, Wood Base",Furniture,Tables
1340,OFF-AP-10004869,"KitchenAid Toaster, White",Office Supplies,Appliances
1341,TEC-AC-10004171,Razer Kraken 7.1 Surround Sound Over Ear USB Gaming Headset,Technology,Accessories
1342,TEC-AC-10004659,Imation Secure+ Hardware Encrypted USB 2.0 Flash Drive; 16GB,Technology,Accessories
1343,FUR-TA-10001039,KI Adjustable-Height Table,Furniture,Tables
1344,TEC-AC-10004566,"Belkin Mouse, USB",Technology,Accessories
1345,OFF-BI-10002794,"Avery Trapezoid Ring Binder, 3"" Capacity, Black, 1040 sheets",Office Supplies,Binders
1346,OFF-EN-10003936,"Cameo Peel and Seal, with clear poly window",Office Supplies,Envelopes
1347,OFF-AR-10001725,Boston Home & Office Model 2000 Electric Pencil Sharpeners,Office Supplies,Art
1348,OFF-SU-10001892,"Elite Box Cutter, High Speed",Office Supplies,Supplies
1349,OFF-BI-10003719,Large Capacity Hanging Post Binders,Office Supplies,Binders
1350,FUR-OFF-10001798,"Office Star Steel Folding Chair, Red",Furniture,Chairs
1351,TEC-AC-10003441,Kingston Digital DataTraveler 32GB USB 2.0,Technology,Accessories
1352,FUR-FU-10001918,C-Line Cubicle Keepers Polyproplyene Holder With Velcro Backings,Furniture,Furnishings
1353,OFF-PA-10002196,"Green Bar Message Books, Recycled",Office Supplies,Paper
1354,OFF-BI-10000312,"Cardinal Binder Covers, Economy",Office Supplies,Binders
1355,OFF-TEN-10002065,"Tenex Shelving, Industrial",Office Supplies,Storage
1356,FUR-TA-10000304,"Barricks Training Table, with Bottom Storage",Furniture,Tables
1357,OFF-SU-10004498,Martin-Yale Premier Letter Opener,Office Supplies,Supplies
1358,FUR-FU-10000747,Tenex B1-RE Series Chair Mats for Low Pile Carpets,Furniture,Furnishings
1359,OFF-PA-10001977,Xerox 194,Office Supplies,Paper
1360,OFF-PA-10003309,Xerox 211,Office Supplies,Paper
1361,OFF-LA-10001284,"Smead Round Labels, 5000 Label Set",Office Supplies,Labels
1362,OFF-LA-10001677,"Avery Color Coded Labels, Adjustable",Office Supplies,Labels
1363,FUR-CH-10000343,"Hon Executive Leather Armchair, Black",Furniture,Chairs
1364,OFF-AP-10000415,"KitchenAid Toaster, Red",Office Supplies,Appliances
1365,OFF-ST-10001255,"Fellowes Trays, Single Width",Office Supplies,Storage
1366,FUR-CH-10001944,"Harbour Creations Rocking Chair, Red",Furniture,Chairs
1367,OFF-ST-10001358,"Rogers Folders, Wire Frame",Office Supplies,Storage
1368,OFF-PA-10000100,Xerox 1945,Office Supplies,Paper
1369,OFF-SU-10000877,"Acme Scissors, Easy Grip",Office Supplies,Supplies
1370,OFF-PA-10003441,Xerox 226,Office Supplies,Paper
1371,OFF-AR-10000823,"Stanley Pens, Water Color",Office Supplies,Art
1372,TEC-PH-10004922,RCA Visys Integrated PBX 8-Line Router,Technology,Phones
1373,OFF-EN-10004970,"GlobeWeis Peel and Seal, Security-Tint",Office Supplies,Envelopes
1374,OFF-EN-10004899,"Jiffy Mailers, Recycled",Office Supplies,Envelopes
1375,OFF-LA-10003459,"Avery Removable Labels, Laser Printer Compatible",Office Supplies,Labels
1376,FUR-FU-10004415,"Stacking Tray, Side-Loading, Legal, Smoke",Furniture,Furnishings
1377,TEC-EPS-10003473,"Epson Phone, Wireless",Technology,Machines
1378,OFF-AP-10003795,"Hoover Refrigerator, Red",Office Supplies,Appliances
1379,OFF-AP-10002104,"Hoover Microwave, Red",Office Supplies,Appliances
1380,OFF-KIT-10001791,"KitchenAid Refrigerator, White",Office Supplies,Appliances
1381,FUR-TA-10001086,"SAFCO PlanMaster Boards, 60w x 37-1/2d, White Melamine",Furniture,Tables
1382,TEC-PH-10002602,"Nokia Headset, Cordless",Technology,Phones
1383,TEC-AC-10001908,Logitech Wireless Headset h800,Technology,Accessories
1384,FUR-TA-10004442,Riverside Furniture Stanwyck Manor Table Series,Furniture,Tables
1385,OFF-AR-10002382,"Binney & Smith Pencil Sharpener, Water Color",Office Supplies,Art
1386,TEC-SHA-10001413,"Sharp Personal Copier, Color",Technology,Copiers
1387,FUR-TA-10003748,Bevis 36 x 72 Conference Tables,Furniture,Tables
1388,FUR-FU-10004640,"Tenex Light Bulb, Durable",Furniture,Furnishings
1389,TEC-STA-10001232,"StarTech Phone, Durable",Technology,Machines
1390,OFF-PA-10004733,Things To Do Today Spiral Book,Office Supplies,Paper
1391,OFF-FA-10000611,Binder Clips by OIC,Office Supplies,Fasteners
1392,OFF-ST-10000622,"Rogers File Cart, Single Width",Office Supplies,Storage
1393,OFF-EN-10001162,"GlobeWeis Mailers, Set of 50",Office Supplies,Envelopes
1394,OFF-EN-10000539,"Ames Clasp Envelope, with clear poly window",Office Supplies,Envelopes
1395,OFF-EN-10002013,"Cameo Business Envelopes, Security-Tint",Office Supplies,Envelopes
1396,TEC-CO-10004154,"Canon Copy Machine, Digital",Technology,Copiers
1397,TEC-PH-10001835,Jawbone JAMBOX Wireless Bluetooth Speaker,Technology,Phones
1398,OFF-ST-10004608,"Smead Shelving, Industrial",Office Supplies,Storage
1399,TEC-AC-10001874,Logitech Wireless Anywhere Mouse MX for PC and Mac,Technology,Accessories
1400,TEC-PH-10003927,"Cisco Signal Booster, Full Size",Technology,Phones
1401,TEC-AC-10003399,Memorex Mini Travel Drive 64 GB USB 2.0 Flash Drive,Technology,Accessories
1402,TEC-AC-10004586,"Belkin Flash Drive, Bluetooth",Technology,Accessories
1403,TEC-PH-10001575,"Samsung Office Telephone, VoIP",Technology,Phones
1404,OFF-ST-10000028,"Rogers Shelving, Blue",Office Supplies,Storage
1405,OFF-AR-10000719,"Boston Pencil Sharpener, Water Color",Office Supplies,Art
1406,TEC-PH-10000586,AT&T SB67148 SynJ,Technology,Phones
1407,OFF-ST-10000876,Eldon Simplefile Box Office,Office Supplies,Storage
1408,OFF-BOS-10002073,"Boston Canvas, Water Color",Office Supplies,Art
1409,OFF-PA-10000029,Xerox 224,Office Supplies,Paper
1410,OFF-LA-10000508,"Harbour Creations Round Labels, 5000 Label Set",Office Supplies,Labels
1411,OFF-FA-10001332,"Acco Banker's Clasps, 5 3/4""-Long",Office Supplies,Fasteners
1412,OFF-LA-10003140,"Harbour Creations Round Labels, Alphabetical",Office Supplies,Labels
1413,OFF-BI-10004817,GBC Personal VeloBind Strips,Office Supplies,Binders
1414,FUR-BO-10002390,"Ikea Library with Doors, Metal",Furniture,Bookcases
1415,TEC-PH-10001557,Pyle PMP37LED,Technology,Phones
1416,TEC-PH-10000810,"Nokia Headset, VoIP",Technology,Phones
1417,OFF-EN-10004793,"Ames Interoffice Envelope, Security-Tint",Office Supplies,Envelopes
1418,OFF-AR-10000307,"Binney & Smith Markers, Easy-Erase",Office Supplies,Art
1419,TEC-PH-10000576,AT&T 1080 Corded phone,Technology,Phones
1420,FUR-CH-10002085,"Novimex Steel Folding Chair, Red",Furniture,Chairs
1421,OFF-AR-10002987,Prismacolor Color Pencil Set,Office Supplies,Art
1422,OFF-AR-10000124,"Binney & Smith Highlighters, Fluorescent",Office Supplies,Art
1423,TEC-AC-10002712,"Enermax Keyboard, Erganomic",Technology,Accessories
1424,OFF-PA-10000289,Xerox 213,Office Supplies,Paper
1425,OFF-BI-10001430,"Cardinal Index Tab, Clear",Office Supplies,Binders
1426,OFF-BI-10002764,Recycled Pressboard Report Cover with Reinforced Top Hinge,Office Supplies,Binders
1427,OFF-BI-10003656,Fellowes PB200 Plastic Comb Binding Machine,Office Supplies,Binders
1428,TEC-LOG-10002589,"Logitech Memory Card, USB",Technology,Accessories
1429,TEC-CO-10002587,"Sharp Fax and Copier, Laser",Technology,Copiers
1430,TEC-BEL-10000485,"Belkin Numeric Keypad, Bluetooth",Technology,Accessories
1431,FUR-BO-10002968,"Bush Library with Doors, Metal",Furniture,Bookcases
1432,FUR-FU-10000526,"Deflect-O Frame, Durable",Furniture,Furnishings
1433,OFF-PA-10001720,"Xerox Parchment Paper, Multicolor",Office Supplies,Paper
1434,TEC-PH-10000702,"Square Credit Card Reader, 4 1/2"" x 4 1/2"" x 1"", White",Technology,Phones
1435,FUR-ADV-10000108,"Advantus Clock, Erganomic",Furniture,Furnishings
1436,FUR-CH-10001695,"Harbour Creations Chairmat, Set of Two",Furniture,Chairs
1437,FUR-CH-10002846,"Hon Steel Folding Chair, Black",Furniture,Chairs
1438,TEC-BEL-10002178,"Belkin Flash Drive, Programmable",Technology,Accessories
1439,OFF-BIC-10002722,"BIC Pens, Water Color",Office Supplies,Art
1440,OFF-SU-10004705,"Fiskars Ruler, Serrated",Office Supplies,Supplies
1441,OFF-PA-10004854,"Green Bar Cards & Envelopes, Recycled",Office Supplies,Paper
1442,FUR-CH-10002631,"Office Star Bag Chairs, Black",Furniture,Chairs
1443,OFF-BI-10003472,"Cardinal Index Tab, Clear",Office Supplies,Binders
1444,OFF-AR-10000780,"BIC Highlighters, Easy-Erase",Office Supplies,Art
1445,OFF-STO-10000924,"Stockwell Rubber Bands, Metal",Office Supplies,Fasteners
1446,OFF-JIF-10002184,"Jiffy Business Envelopes, Recycled",Office Supplies,Envelopes
1447,OFF-AR-10000122,Newell 314,Office Supplies,Art
1448,OFF-LA-10002368,Avery 479,Office Supplies,Labels
1449,OFF-FA-10002780,Staples,Office Supplies,Fasteners
1450,OFF-HON-10001508,"Hon Removable Labels, 5000 Label Set",Office Supplies,Labels
1451,OFF-BRE-10001343,"Breville Blender, Silver",Office Supplies,Appliances
1452,TEC-MA-10001494,"Okidata Inkjet, Durable",Technology,Machines
1453,FUR-BO-10002679,"Ikea Stackable Bookrack, Mobile",Furniture,Bookcases
1454,OFF-AR-10002745,"BIC Canvas, Blue",Office Supplies,Art
1455,OFF-BI-10000340,"Avery Binding Machine, Clear",Office Supplies,Binders
1456,OFF-ST-10003243,"Fellowes Folders, Blue",Office Supplies,Storage
1457,TEC-AC-10001688,"Enermax Keyboard, Programmable",Technology,Accessories
1458,OFF-SME-10002823,"Smead Trays, Blue",Office Supplies,Storage
1459,FUR-DAN-10001993,"Dania 3-Shelf Cabinet, Mobile",Furniture,Bookcases
1460,OFF-PA-10000302,"Eaton Computer Printout Paper, Multicolor",Office Supplies,Paper
1461,OFF-AVE-10004308,"Avery Binder, Durable",Office Supplies,Binders
1462,OFF-CAR-10004229,"Cardinal Index Tab, Clear",Office Supplies,Binders
1463,OFF-OIC-10002266,"OIC Staples, 12 Pack",Office Supplies,Fasteners
1464,OFF-STO-10001671,"Stockwell Staples, Assorted Sizes",Office Supplies,Fasteners
1465,OFF-FA-10003985,"Accos Staples, Assorted Sizes",Office Supplies,Fasteners
1466,OFF-ST-10003172,"Eldon Box, Wire Frame",Office Supplies,Storage
1467,OFF-SME-10004519,"Smead Removable Labels, Adjustable",Office Supplies,Labels
1468,OFF-IBI-10001951,"Ibico Hole Reinforcements, Clear",Office Supplies,Binders
1469,FUR-FU-10004091,"Howard Miller 13"" Diameter Goldtone Round Wall Clock",Furniture,Furnishings
1470,FUR-BO-10002008,"Bush Stackable Bookrack, Traditional",Furniture,Bookcases
1471,OFF-ELD-10003038,"Eldon Shelving, Blue",Office Supplies,Storage
1472,OFF-AP-10000240,Belkin F9G930V10-GRY 9 Outlet Surge,Office Supplies,Appliances
1473,FUR-CH-10003965,"Hon Rocking Chair, Red",Furniture,Chairs
1474,OFF-WIL-10003774,"Wilson Jones Index Tab, Economy",Office Supplies,Binders
1475,FUR-CH-10002653,"Office Star Rocking Chair, Adjustable",Furniture,Chairs
1476,OFF-FA-10002552,"Advantus Push Pins, Assorted Sizes",Office Supplies,Fasteners
1477,OFF-CUI-10002314,"Cuisinart Coffee Grinder, Silver",Office Supplies,Appliances
1478,OFF-PA-10002372,"SanDisk Computer Printout Paper, Recycled",Office Supplies,Paper
1479,TEC-MEM-10002524,"Memorex Mouse, USB",Technology,Accessories
1480,OFF-AR-10002939,"Stanley Highlighters, Water Color",Office Supplies,Art
1481,OFF-LA-10002015,"Hon Round Labels, Alphabetical",Office Supplies,Labels
1482,FUR-CH-10003009,"Novimex Swivel Stool, Adjustable",Furniture,Chairs
1483,TEC-AC-10003577,"Memorex Router, USB",Technology,Accessories
1484,TEC-CO-10000764,"Brother Fax Machine, Color",Technology,Copiers
1485,FUR-FU-10004876,"Eldon Frame, Erganomic",Furniture,Furnishings
1486,OFF-PA-10002520,"Green Bar Cards & Envelopes, Recycled",Office Supplies,Paper
1487,TEC-AC-10002221,"Memorex Mouse, Bluetooth",Technology,Accessories
1488,OFF-EN-10003413,"Jiffy Interoffice Envelope, with clear poly window",Office Supplies,Envelopes
1489,OFF-BOS-10001348,"Boston Pencil Sharpener, Water Color",Office Supplies,Art
1490,OFF-BI-10004868,"Wilson Jones Hole Reinforcements, Durable",Office Supplies,Binders
1491,OFF-PA-10000758,"SanDisk Computer Printout Paper, 8.5 x 11",Office Supplies,Paper
1492,OFF-PA-10001170,"Xerox Cards & Envelopes, Multicolor",Office Supplies,Paper
1493,OFF-PA-10004111,"Enermax Parchment Paper, Multicolor",Office Supplies,Paper
1494,OFF-ST-10003785,"Eldon Lockers, Blue",Office Supplies,Storage
1495,TEC-MA-10003515,"Panasonic Printer, Red",Technology,Machines
1496,TEC-AC-10003711,"Memorex Mouse, Erganomic",Technology,Accessories
1497,FUR-FU-10001246,"Advantus Frame, Durable",Furniture,Furnishings
1498,OFF-PA-10004756,"SanDisk Cards & Envelopes, Multicolor",Office Supplies,Paper
1499,FUR-CH-10002602,DMI Arturo Collection Mission-style Design Wood Chair,Furniture,Chairs
1500,OFF-ST-10000220,"Rogers Shelving, Industrial",Office Supplies,Storage
1501,TEC-MA-10002859,Ativa MDM8000 8-Sheet Micro-Cut Shredder,Technology,Machines
1502,OFF-EN-10000056,Cameo Buff Policy Envelopes,Office Supplies,Envelopes
1503,OFF-AR-10002672,"Boston Highlighters, Blue",Office Supplies,Art
1504,OFF-ST-10003305,"Rogers Box, Blue",Office Supplies,Storage
1505,OFF-AR-10000227,"BIC Sketch Pad, Fluorescent",Office Supplies,Art
1506,TEC-AC-10000474,Kensington Expert Mouse Optical USB Trackball for PC or Mac,Technology,Accessories
1507,OFF-FA-10001892,"Advantus Clamps, Metal",Office Supplies,Fasteners
1508,OFF-SU-10003211,"Acme Ruler, Steel",Office Supplies,Supplies
1509,OFF-ST-10002042,"Fellowes Folders, Industrial",Office Supplies,Storage
1510,OFF-LA-10000624,"Hon File Folder Labels, 5000 Label Set",Office Supplies,Labels
1511,OFF-BI-10000115,"Acco Hole Reinforcements, Clear",Office Supplies,Binders
1512,OFF-AR-10000657,"Binney & Smith inkTank Desk Highlighter, Chisel Tip, Yellow, 12/Box",Office Supplies,Art
1513,OFF-ACC-10004182,"Acco Index Tab, Durable",Office Supplies,Binders
1514,OFF-BI-10002287,"Acco Index Tab, Clear",Office Supplies,Binders
1515,OFF-FA-10000134,"Advantus Push Pins, Aluminum Head",Office Supplies,Fasteners
1516,OFF-AR-10001868,Prang Dustless Chalk Sticks,Office Supplies,Art
1517,FUR-FU-10001477,"Deflect-O Frame, Erganomic",Furniture,Furnishings
1518,FUR-BO-10003438,"Dania Corner Shelving, Pine",Furniture,Bookcases
1519,FUR-BO-10003880,"Dania Corner Shelving, Pine",Furniture,Bookcases
1520,OFF-ST-10004947,"Fellowes File Cart, Industrial",Office Supplies,Storage
1521,FUR-FU-10002292,"Deflect-O Door Stop, Duo Pack",Furniture,Furnishings
1522,TEC-PH-10000100,"Motorola Office Telephone, Full Size",Technology,Phones
1523,OFF-BI-10003638,GBC Durable Plastic Covers,Office Supplies,Binders
1524,OFF-AR-10000762,"BIC Pens, Water Color",Office Supplies,Art
1525,TEC-AC-10001491,"Enermax Flash Drive, Bluetooth",Technology,Accessories
1526,OFF-PA-10001569,Xerox 232,Office Supplies,Paper
1527,FUR-FU-10004017,"Executive Impressions 13"" Chairman Wall Clock",Furniture,Furnishings
1528,OFF-SU-10002032,"Stiletto Scissors, Easy Grip",Office Supplies,Supplies
1529,TEC-AC-10002048,"Enermax Flash Drive, Bluetooth",Technology,Accessories
1530,OFF-BI-10002386,"Acco Index Tab, Clear",Office Supplies,Binders
1531,OFF-SME-10001149,"Smead Folders, Single Width",Office Supplies,Storage
1532,FUR-TA-10001705,Bush Advantage Collection Round Conference Table,Furniture,Tables
1533,TEC-PH-10004271,"Cisco Speaker Phone, VoIP",Technology,Phones
1534,TEC-SAM-10000345,"Samsung Audio Dock, with Caller ID",Technology,Phones
1535,OFF-PA-10001445,"Eaton Cards & Envelopes, Multicolor",Office Supplies,Paper
1536,FUR-RUB-10003724,"Rubbermaid Frame, Duo Pack",Furniture,Furnishings
1537,OFF-ST-10004634,"Personal Folder Holder, Ebony",Office Supplies,Storage
1538,OFF-ELD-10000151,"Eldon File Cart, Industrial",Office Supplies,Storage
1539,OFF-BIC-10002440,"BIC Sketch Pad, Blue",Office Supplies,Art
1540,OFF-AR-10004348,"Boston Sketch Pad, Easy-Erase",Office Supplies,Art
1541,FUR-SAU-10002714,"Sauder Corner Shelving, Pine",Furniture,Bookcases
1542,FUR-FU-10000409,"GE 4 Foot Flourescent Tube, 40 Watt",Furniture,Furnishings
1543,OFF-AR-10003245,"Binney & Smith Canvas, Blue",Office Supplies,Art
1544,OFF-LA-10002559,"Smead File Folder Labels, Alphabetical",Office Supplies,Labels
1545,OFF-BI-10000501,"Cardinal Binder, Durable",Office Supplies,Binders
1546,TEC-AC-10001364,"Logitech Numeric Keypad, Programmable",Technology,Accessories
1547,OFF-ACC-10004322,"Acco Binder, Clear",Office Supplies,Binders
1548,OFF-SME-10001718,"Smead Box, Industrial",Office Supplies,Storage
1549,FUR-FU-10000342,"Deflect-O Light Bulb, Durable",Furniture,Furnishings
1550,OFF-CAR-10001428,"Cardinal Index Tab, Durable",Office Supplies,Binders
1551,FUR-CH-10000885,"Hon Executive Leather Armchair, Adjustable",Furniture,Chairs
1552,FUR-BO-10001646,"Safco Corner Shelving, Metal",Furniture,Bookcases
1553,OFF-ST-10002574,"SAFCO Commercial Wire Shelving, Black",Office Supplies,Storage
1554,TEC-PH-10002932,"Samsung Speaker Phone, VoIP",Technology,Phones
1555,FUR-CH-10002481,"Hon Executive Leather Armchair, Adjustable",Furniture,Chairs
1556,TEC-PH-10003560,"Cisco Audio Dock, Cordless",Technology,Phones
1557,OFF-AP-10004425,"Hoover Coffee Grinder, White",Office Supplies,Appliances
1558,OFF-ST-10002176,"Smead File Cart, Single Width",Office Supplies,Storage
1559,TEC-PH-10004680,"Samsung Speaker Phone, with Caller ID",Technology,Phones
1560,TEC-HEW-10004833,"Hewlett Ink, Color",Technology,Copiers
1561,OFF-AR-10003913,"Binney & Smith Highlighters, Blue",Office Supplies,Art
1562,OFF-SU-10000954,"Acme Scissors, High Speed",Office Supplies,Supplies
1563,OFF-BI-10000620,"Wilson Jones Index Tab, Economy",Office Supplies,Binders
1564,OFF-ST-10000752,"Fellowes File Cart, Wire Frame",Office Supplies,Storage
1565,OFF-HAR-10004896,"Harbour Creations Color Coded Labels, Laser Printer Compatible",Office Supplies,Labels
1566,OFF-LA-10002139,"Novimex Color Coded Labels, Alphabetical",Office Supplies,Labels
1567,OFF-BI-10002976,ACCOHIDE Binder by Acco,Office Supplies,Binders
1568,FUR-DEF-10002814,"Deflect-O Stacking Tray, Erganomic",Furniture,Furnishings
1569,TEC-PH-10004263,"Cisco Signal Booster, with Caller ID",Technology,Phones
1570,OFF-AP-10001621,"Hamilton Beach Refrigerator, Black",Office Supplies,Appliances
1571,OFF-EN-10004773,Staples,Office Supplies,Envelopes
1572,FUR-IKE-10000649,"Ikea Library with Doors, Pine",Furniture,Bookcases
1573,FUR-HAR-10002178,"Harbour Creations Rocking Chair, Set of Two",Furniture,Chairs
1574,OFF-AR-10004009,"Boston Highlighters, Easy-Erase",Office Supplies,Art
1575,OFF-SU-10001308,"Fiskars Trimmer, Serrated",Office Supplies,Supplies
1576,FUR-ELD-10000857,"Eldon Door Stop, Erganomic",Furniture,Furnishings
1577,OFF-EN-10004424,"GlobeWeis Interoffice Envelope, Set of 50",Office Supplies,Envelopes
1578,OFF-FEL-10000998,"Fellowes Box, Single Width",Office Supplies,Storage
1579,TEC-MA-10003185,"Epson Phone, Red",Technology,Machines
1580,FUR-FU-10001424,"Eldon Photo Frame, Durable",Furniture,Furnishings
1581,FUR-FU-10004158,"Deflect-O Frame, Black",Furniture,Furnishings
1582,FUR-CH-10004306,"SAFCO Bag Chairs, Red",Furniture,Chairs
1583,FUR-CH-10000117,"Novimex Steel Folding Chair, Black",Furniture,Chairs
1584,OFF-AR-10000539,"Boston Markers, Easy-Erase",Office Supplies,Art
1585,FUR-CH-10002793,"Office Star Bag Chairs, Adjustable",Furniture,Chairs
1586,TEC-AC-10002243,"SanDisk Keyboard, Programmable",Technology,Accessories
1587,OFF-SU-10003697,"Elite Scissors, High Speed",Office Supplies,Supplies
1588,FUR-ELD-10002511,"Eldon Photo Frame, Duo Pack",Furniture,Furnishings
1589,OFF-PA-10002974,"Enermax Note Cards, 8.5 x 11",Office Supplies,Paper
1590,OFF-BI-10000816,"Ibico 3-Hole Punch, Recycled",Office Supplies,Binders
1591,OFF-EN-10002936,"GlobeWeis Business Envelopes, with clear poly window",Office Supplies,Envelopes
1592,OFF-CAM-10004002,"Cameo Business Envelopes, Set of 50",Office Supplies,Envelopes
1593,OFF-FA-10001246,"OIC Staples, Metal",Office Supplies,Fasteners
1594,OFF-EN-10000139,"Ames Manila Envelope, Recycled",Office Supplies,Envelopes
1595,OFF-BI-10000827,"Acco Binder, Recycled",Office Supplies,Binders
1596,OFF-BI-10004970,"ACCOHIDE 3-Ring Binder, Blue, 1""",Office Supplies,Binders
1597,OFF-LA-10001618,"Hon Legal Exhibit Labels, Adjustable",Office Supplies,Labels
1598,FUR-FU-10002191,G.E. Halogen Desk Lamp Bulbs,Furniture,Furnishings
1599,OFF-BI-10004876,Wilson Jones Suede Grain Vinyl Binders,Office Supplies,Binders
1600,OFF-JIF-10004777,"Jiffy Clasp Envelope, Recycled",Office Supplies,Envelopes
1601,OFF-ACM-10002816,"Acme Letter Opener, Steel",Office Supplies,Supplies
1602,FUR-CH-10003973,GuestStacker Chair with Chrome Finish Legs,Furniture,Chairs
1603,TEC-NOK-10000784,"Nokia Speaker Phone, Cordless",Technology,Phones
1604,OFF-BOS-10002558,"Boston Pencil Sharpener, Easy-Erase",Office Supplies,Art
1605,OFF-AP-10001391,Kensington 6 Outlet MasterPiece HOMEOFFICE Power Control Center,Office Supplies,Appliances
1606,TEC-PH-10004531,AT&T CL2909,Technology,Phones
1607,TEC-AC-10002914,"Memorex Router, Programmable",Technology,Accessories
1608,OFF-ELD-10004324,"Eldon File Cart, Blue",Office Supplies,Storage
1609,OFF-IBI-10002637,"Ibico Binding Machine, Durable",Office Supplies,Binders
1610,FUR-FU-10003708,"Tenex Traditional Chairmats for Medium Pile Carpet, Standard Lip, 36"" x 48""",Furniture,Furnishings
1611,FUR-DEF-10000346,"Deflect-O Frame, Duo Pack",Furniture,Furnishings
1612,TEC-PH-10000577,"Samsung Headset, Cordless",Technology,Phones
1613,OFF-AME-10004651,"Ames Mailers, Recycled",Office Supplies,Envelopes
1614,TEC-AC-10001987,"Memorex Numeric Keypad, Bluetooth",Technology,Accessories
1615,OFF-ELD-10001037,"Eldon Trays, Wire Frame",Office Supplies,Storage
1616,TEC-PAN-10000979,"Panasonic Receipt Printer, Wireless",Technology,Machines
1617,FUR-HON-10002570,"Hon Chairmat, Set of Two",Furniture,Chairs
1618,OFF-XER-10001513,"Xerox Message Books, Recycled",Office Supplies,Paper
1619,OFF-CAR-10002375,"Cardinal Binder Covers, Durable",Office Supplies,Binders
1620,OFF-ACC-10003745,"Accos Paper Clips, Assorted Sizes",Office Supplies,Fasteners
1621,OFF-ST-10000078,"Eldon Trays, Single Width",Office Supplies,Storage
1622,FUR-DEF-10003315,"Deflect-O Clock, Erganomic",Furniture,Furnishings
1623,OFF-AME-10002697,"Ames Business Envelopes, Recycled",Office Supplies,Envelopes
1624,OFF-AR-10002221,12 Colored Short Pencils,Office Supplies,Art
1625,OFF-PA-10003543,Xerox 1985,Office Supplies,Paper
1626,OFF-STA-10003908,"Stanley Highlighters, Blue",Office Supplies,Art
1627,OFF-EAT-10001933,"Eaton Cards & Envelopes, Recycled",Office Supplies,Paper
1628,OFF-EAT-10004307,"Eaton Memo Slips, 8.5 x 11",Office Supplies,Paper
1629,TEC-PH-10000070,"Nokia Headset, with Caller ID",Technology,Phones
1630,TEC-SAN-10001506,"SanDisk Router, Programmable",Technology,Accessories
1631,FUR-CH-10004886,Bevis Steel Folding Chairs,Furniture,Chairs
1632,OFF-SU-10003556,"Fiskars Trimmer, Easy Grip",Office Supplies,Supplies
1633,OFF-ST-10000020,"Fellowes Folders, Single Width",Office Supplies,Storage
1634,OFF-LA-10002544,"Novimex Color Coded Labels, Alphabetical",Office Supplies,Labels
1635,TEC-MEM-10003743,"Memorex Numeric Keypad, Bluetooth",Technology,Accessories
1636,FUR-CH-10003062,"Novimex Chairmat, Red",Furniture,Chairs
1637,OFF-AR-10003504,Newell 347,Office Supplies,Art
1638,OFF-BI-10001525,"Acco Pressboard Covers with Storage Hooks, 14 7/8"" x 11"", Executive Red",Office Supplies,Binders
1639,OFF-STI-10000286,"Stiletto Ruler, Steel",Office Supplies,Supplies
1640,FUR-FU-10002637,"Deflect-O Stacking Tray, Erganomic",Furniture,Furnishings
1641,TEC-NOK-10004339,"Nokia Smart Phone, Cordless",Technology,Phones
1642,FUR-CH-10002477,"Harbour Creations Executive Leather Armchair, Red",Furniture,Chairs
1643,FUR-BO-10004199,"Ikea 3-Shelf Cabinet, Pine",Furniture,Bookcases
1644,FUR-CH-10002002,"Hon Rocking Chair, Black",Furniture,Chairs
1645,TEC-MA-10003779,"Konica Printer, Durable",Technology,Machines
1646,OFF-ELD-10002199,"Eldon File Cart, Single Width",Office Supplies,Storage
1647,OFF-ROG-10004646,"Rogers File Cart, Blue",Office Supplies,Storage
1648,OFF-CAM-10004269,"Cameo Business Envelopes, Security-Tint",Office Supplies,Envelopes
1649,OFF-EN-10001311,"GlobeWeis Business Envelopes, with clear poly window",Office Supplies,Envelopes
1650,OFF-EN-10000788,"Cameo Peel and Seal, Set of 50",Office Supplies,Envelopes
1651,OFF-BI-10004632,"Avery 3-Hole Punch, Recycled",Office Supplies,Binders
1652,OFF-FA-10001113,"OIC Push Pins, Assorted Sizes",Office Supplies,Fasteners
1653,OFF-PA-10001685,"Eaton Parchment Paper, Recycled",Office Supplies,Paper
1654,OFF-BI-10004712,"Cardinal Hole Reinforcements, Clear",Office Supplies,Binders
1655,TEC-PH-10001459,Samsung Galaxy Mega 6.3,Technology,Phones
1656,OFF-ST-10000877,Recycled Steel Personal File for Standard File Folders,Office Supplies,Storage
1657,TEC-PH-10003405,"Apple Office Telephone, Full Size",Technology,Phones
1658,OFF-AP-10001076,"Hamilton Beach Coffee Grinder, Red",Office Supplies,Appliances
1659,OFF-ST-10001128,"Carina Mini System Audio Rack, Model AR050B",Office Supplies,Storage
1660,FUR-CH-10001819,"Office Star Chairmat, Set of Two",Furniture,Chairs
1661,FUR-FU-10003874,"Advantus Door Stop, Erganomic",Furniture,Furnishings
1662,TEC-PH-10002332,"Motorola Audio Dock, VoIP",Technology,Phones
1663,OFF-AR-10001812,"Binney & Smith Markers, Easy-Erase",Office Supplies,Art
1664,OFF-CUI-10003670,"Cuisinart Toaster, White",Office Supplies,Appliances
1665,OFF-FA-10000467,"Stockwell Push Pins, 12 Pack",Office Supplies,Fasteners
1666,FUR-FU-10004915,"Rubbermaid Frame, Durable",Furniture,Furnishings
1667,OFF-ST-10003750,"Tenex Shelving, Wire Frame",Office Supplies,Storage
1668,OFF-FA-10004946,"Advantus Staples, Metal",Office Supplies,Fasteners
1669,OFF-ST-10002214,X-Rack File for Hanging Folders,Office Supplies,Storage
1670,OFF-KLE-10001794,"Kleencut Box Cutter, High Speed",Office Supplies,Supplies
1671,OFF-BI-10001643,"Acco Binder, Recycled",Office Supplies,Binders
1672,OFF-BI-10002681,"Ibico Binder, Clear",Office Supplies,Binders
1673,OFF-BI-10001628,"Acco Data Flex Cable Posts For Top & Bottom Load Binders, 6"" Capacity",Office Supplies,Binders
1674,OFF-WIL-10003308,"Wilson Jones Binder Covers, Recycled",Office Supplies,Binders
1675,OFF-AR-10004752,Blackstonian Pencils,Office Supplies,Art
1676,OFF-LA-10000452,Avery 488,Office Supplies,Labels
1677,OFF-IBI-10001640,"Ibico Hole Reinforcements, Economy",Office Supplies,Binders
1678,OFF-LA-10001613,Avery File Folder Labels,Office Supplies,Labels
1679,FUR-CH-10001394,Global Leather Executive Chair,Furniture,Chairs
1680,OFF-AR-10002816,"Boston Canvas, Blue",Office Supplies,Art
1681,TEC-PH-10001095,"Nokia Headset, with Caller ID",Technology,Phones
1682,OFF-ST-10000798,2300 Heavy-Duty Transfer File Systems by Perma,Office Supplies,Storage
1683,OFF-BI-10003899,"Avery 3-Hole Punch, Recycled",Office Supplies,Binders
1684,OFF-PA-10002109,"SanDisk Message Books, Premium",Office Supplies,Paper
1685,OFF-SU-10004087,"Elite Scissors, Steel",Office Supplies,Supplies
1686,OFF-AR-10001759,"Sanford Sketch Pad, Fluorescent",Office Supplies,Art
1687,OFF-BI-10003616,"Avery Binding Machine, Clear",Office Supplies,Binders
1688,OFF-AR-10003117,"BIC Pencil Sharpener, Blue",Office Supplies,Art
1689,OFF-ST-10004702,"Eldon Box, Single Width",Office Supplies,Storage
1690,OFF-AR-10004109,"Boston Sketch Pad, Fluorescent",Office Supplies,Art
1691,TEC-PH-10000376,Square Credit Card Reader,Technology,Phones
1692,FUR-FU-10001424,Dax Clear Box Frame,Furniture,Furnishings
1693,OFF-BI-10003763,"Ibico Index Tab, Economy",Office Supplies,Binders
1694,FUR-FU-10001933,"Tenex Stacking Tray, Black",Furniture,Furnishings
1695,FUR-NOV-10003053,"Novimex Bag Chairs, Set of Two",Furniture,Chairs
1696,TEC-AC-10002550,Maxell 4.7GB DVD-RW 3/Pack,Technology,Accessories
1697,OFF-AR-10004010,Hunt Boston Vacuum Mount KS Pencil Sharpener,Office Supplies,Art
1698,FUR-NOV-10004563,"Novimex Bag Chairs, Black",Furniture,Chairs
1699,FUR-CH-10000027,"SAFCO Executive Leather Armchair, Black",Furniture,Chairs
1700,OFF-AP-10002306,"KitchenAid Refrigerator, Silver",Office Supplies,Appliances
1701,TEC-CO-10004202,Brother DCP1000 Digital 3 in 1 Multifunction Machine,Technology,Copiers
1702,OFF-AP-10002361,"Hoover Microwave, Red",Office Supplies,Appliances
1703,FUR-CH-10004572,"Harbour Creations Bag Chairs, Red",Furniture,Chairs
1704,TEC-CIS-10000351,"Cisco Signal Booster, Cordless",Technology,Phones
1705,TEC-AC-10000483,"SanDisk Memory Card, Bluetooth",Technology,Accessories
1706,FUR-FU-10003939,"Tenex Photo Frame, Duo Pack",Furniture,Furnishings
1707,FUR-IKE-10003642,"Ikea 3-Shelf Cabinet, Pine",Furniture,Bookcases
1708,OFF-SU-10001731,"Acme Letter Opener, Serrated",Office Supplies,Supplies
1709,OFF-SU-10001869,"Stiletto Scissors, Steel",Office Supplies,Supplies
1710,TEC-MEM-10002005,"Memorex Router, Erganomic",Technology,Accessories
1711,TEC-MA-10000686,"Epson Phone, Wireless",Technology,Machines
1712,OFF-BOS-10001711,"Boston Sketch Pad, Easy-Erase",Office Supplies,Art
1713,OFF-BIC-10001510,"BIC Pencil Sharpener, Easy-Erase",Office Supplies,Art
1714,OFF-CAR-10000202,"Cardinal Binding Machine, Clear",Office Supplies,Binders
1715,OFF-LA-10000635,"Harbour Creations Shipping Labels, 5000 Label Set",Office Supplies,Labels
1716,OFF-FA-10001521,"Stockwell Thumb Tacks, Assorted Sizes",Office Supplies,Fasteners
1717,OFF-FA-10002015,"Stockwell Push Pins, 12 Pack",Office Supplies,Fasteners
1718,TEC-HEW-10001074,"Hewlett Fax Machine, Color",Technology,Copiers
1719,TEC-PH-10000705,"Apple Headset, Cordless",Technology,Phones
1720,OFF-ST-10004060,"Eldon Lockers, Single Width",Office Supplies,Storage
1721,TEC-STA-10004181,"StarTech Inkjet, Durable",Technology,Machines
1722,TEC-EPS-10001644,"Epson Phone, Durable",Technology,Machines
1723,OFF-TEN-10000433,"Tenex Lockers, Wire Frame",Office Supplies,Storage
1724,FUR-BO-10002308,"Safco Floating Shelf Set, Metal",Furniture,Bookcases
1725,OFF-ST-10004315,"Rogers Lockers, Blue",Office Supplies,Storage
1726,OFF-STA-10003756,"Stanley Sketch Pad, Blue",Office Supplies,Art
1727,OFF-ST-10000806,"Fellowes Shelving, Industrial",Office Supplies,Storage
1728,OFF-EN-10001771,"Kraft Mailers, Set of 50",Office Supplies,Envelopes
1729,OFF-SU-10002169,"Fiskars Letter Opener, High Speed",Office Supplies,Supplies
1730,OFF-PA-10000935,"SanDisk Computer Printout Paper, Multicolor",Office Supplies,Paper
1731,FUR-ELD-10003828,"Eldon Light Bulb, Erganomic",Furniture,Furnishings
1732,OFF-ACC-10000102,"Acco Binding Machine, Clear",Office Supplies,Binders
1733,FUR-CH-10001130,"Harbour Creations Swivel Stool, Set of Two",Furniture,Chairs
1734,OFF-IBI-10004916,"Ibico Binder Covers, Recycled",Office Supplies,Binders
1735,TEC-PH-10004578,"Nokia Office Telephone, with Caller ID",Technology,Phones
1736,OFF-AR-10000097,"BIC Sketch Pad, Blue",Office Supplies,Art
1737,OFF-BI-10004828,GBC Poly Designer Binding Covers,Office Supplies,Binders
1738,OFF-ST-10004141,"Rogers Folders, Wire Frame",Office Supplies,Storage
1739,OFF-BI-10001399,"Avery Binder Covers, Clear",Office Supplies,Binders
1740,OFF-LA-10002195,Avery 481,Office Supplies,Labels
1741,OFF-ELD-10000024,"Eldon Folders, Blue",Office Supplies,Storage
1742,OFF-BI-10003981,"Avery Durable Plastic 1"" Binders",Office Supplies,Binders
1743,OFF-BI-10000168,"Cardinal Hole Reinforcements, Recycled",Office Supplies,Binders
1744,FUR-TA-10003926,"Hon Wood Table, with Bottom Storage",Furniture,Tables
1745,FUR-BO-10000279,"Dania Classic Bookcase, Pine",Furniture,Bookcases
1746,TEC-MA-10000161,"Okidata Inkjet, Wireless",Technology,Machines
1747,TEC-CO-10000500,"Canon Fax and Copier, High-Speed",Technology,Copiers
1748,TEC-MA-10003923,"Okidata Receipt Printer, Durable",Technology,Machines
1749,OFF-AR-10001533,"Sanford Sketch Pad, Easy-Erase",Office Supplies,Art
1750,OFF-AR-10003829,"Stanley Markers, Fluorescent",Office Supplies,Art
1751,OFF-FA-10001010,"Stockwell Clamps, Metal",Office Supplies,Fasteners
1752,FUR-FU-10003651,"Deflect-O Stacking Tray, Erganomic",Furniture,Furnishings
1753,OFF-AR-10001777,"Binney & Smith Sketch Pad, Water Color",Office Supplies,Art
1754,TEC-MA-10004298,"Panasonic Calculator, Durable",Technology,Machines
1755,TEC-PH-10002586,"Nokia Office Telephone, with Caller ID",Technology,Phones
1756,OFF-AP-10002017,"Cuisinart Blender, Red",Office Supplies,Appliances
1757,OFF-AR-10000266,"BIC Markers, Fluorescent",Office Supplies,Art
1758,OFF-LA-10003210,"Harbour Creations File Folder Labels, Laser Printer Compatible",Office Supplies,Labels
1759,OFF-HOO-10003338,"Hoover Blender, Silver",Office Supplies,Appliances
1760,OFF-STA-10001636,"Stanley Markers, Water Color",Office Supplies,Art
1761,OFF-BI-10001294,Fellowes Binding Cases,Office Supplies,Binders
1762,OFF-LA-10001633,"Novimex File Folder Labels, 5000 Label Set",Office Supplies,Labels
1763,FUR-FU-10004313,"Eldon Light Bulb, Duo Pack",Furniture,Furnishings
1764,FUR-FU-10001852,"Eldon Regeneration Recycled Desk Accessories, Smoke",Furniture,Furnishings
1765,OFF-FA-10000840,OIC Thumb-Tacks,Office Supplies,Fasteners
1766,OFF-AP-10000696,Holmes Odor Grabber,Office Supplies,Appliances
1767,TEC-CO-10002601,"Brother Fax and Copier, Digital",Technology,Copiers
1768,FUR-FU-10000135,"Tenex Photo Frame, Black",Furniture,Furnishings
1769,FUR-CH-10004580,"Office Star Bag Chairs, Adjustable",Furniture,Chairs
1770,OFF-AR-10001269,"BIC Markers, Water Color",Office Supplies,Art
1771,FUR-HON-10003653,"Hon Steel Folding Chair, Black",Furniture,Chairs
1772,OFF-PA-10003994,"Eaton Note Cards, Premium",Office Supplies,Paper
1773,OFF-IBI-10000099,"Ibico Binder, Clear",Office Supplies,Binders
1774,OFF-EN-10003465,"Cameo Peel and Seal, Security-Tint",Office Supplies,Envelopes
1775,OFF-PA-10000474,Staples,Office Supplies,Paper
1776,OFF-ST-10003132,"Fellowes Box, Blue",Office Supplies,Storage
1777,OFF-PA-10001363,Xerox 1933,Office Supplies,Paper
1778,OFF-ST-10003442,Eldon Portable Mobile Manager,Office Supplies,Storage
1779,OFF-ELI-10001507,"Elite Scissors, Steel",Office Supplies,Supplies
1780,OFF-PA-10003016,"Adams ""While You Were Out"" Message Pads",Office Supplies,Paper
1781,OFF-AR-10003651,Newell 350,Office Supplies,Art
1782,TEC-CO-10002697,"Brother Wireless Fax, High-Speed",Technology,Copiers
1783,FUR-BO-10002378,"Dania 3-Shelf Cabinet, Metal",Furniture,Bookcases
1784,TEC-CO-10001560,"Hewlett Ink, Color",Technology,Copiers
1785,FUR-BO-10001155,"Dania 3-Shelf Cabinet, Traditional",Furniture,Bookcases
1786,OFF-SME-10004702,"Smead File Cart, Industrial",Office Supplies,Storage
1787,OFF-KIT-10003611,"KitchenAid Stove, Red",Office Supplies,Appliances
1788,TEC-MA-10000317,"StarTech Receipt Printer, Red",Technology,Machines
1789,OFF-AR-10000399,"Binney & Smith Highlighters, Fluorescent",Office Supplies,Art
1790,FUR-BO-10001753,"Dania Stackable Bookrack, Traditional",Furniture,Bookcases
1791,TEC-NOK-10002555,"Nokia Audio Dock, VoIP",Technology,Phones
1792,OFF-BI-10003684,Wilson Jones Legal Size Ring Binders,Office Supplies,Binders
1793,FUR-FU-10004182,"Eldon Stacking Tray, Black",Furniture,Furnishings
1794,OFF-AR-10001897,Model L Table or Wall-Mount Pencil Sharpener,Office Supplies,Art
1795,FUR-CH-10000265,"Office Star Chairmat, Adjustable",Furniture,Chairs
1796,FUR-FU-10001200,"Tenex Photo Frame, Erganomic",Furniture,Furnishings
1797,TEC-AC-10003895,"Enermax Mouse, Bluetooth",Technology,Accessories
1798,OFF-FA-10001097,"Accos Paper Clips, Assorted Sizes",Office Supplies,Fasteners
1799,OFF-BI-10002446,"Wilson Jones Binder, Economy",Office Supplies,Binders
1800,OFF-STA-10002654,"Stanley Pencil Sharpener, Fluorescent",Office Supplies,Art
1801,OFF-IBI-10001123,"Ibico 3-Hole Punch, Recycled",Office Supplies,Binders
1802,OFF-BI-10003475,"Wilson Jones Index Tab, Recycled",Office Supplies,Binders
1803,OFF-GRE-10001521,"Green Bar Message Books, Recycled",Office Supplies,Paper
1804,OFF-ST-10003808,"Eldon Box, Wire Frame",Office Supplies,Storage
1805,FUR-DEF-10002865,"Deflect-O Light Bulb, Erganomic",Furniture,Furnishings
1806,FUR-CH-10004675,"Lifetime Advantage Folding Chairs, 4/Carton",Furniture,Chairs
1807,FUR-IKE-10000521,"Ikea Classic Bookcase, Mobile",Furniture,Bookcases
1808,TEC-PH-10004810,"Samsung Speaker Phone, Full Size",Technology,Phones
1809,OFF-EN-10003360,"Kraft Mailers, with clear poly window",Office Supplies,Envelopes
1810,OFF-BI-10004328,"Wilson Jones Binding Machine, Economy",Office Supplies,Binders
1811,OFF-BI-10001078,"Acco PRESSTEX Data Binder with Storage Hooks, Dark Blue, 14 7/8"" X 11""",Office Supplies,Binders
1812,OFF-AR-10002578,Newell 335,Office Supplies,Art
1813,TEC-CO-10001449,Hewlett Packard LaserJet 3310 Copier,Technology,Copiers
1814,FUR-TA-10000073,"Lesro Coffee Table, Adjustable Height",Furniture,Tables
1815,TEC-PH-10003935,"Cisco Speaker Phone, Full Size",Technology,Phones
1816,TEC-AC-10001341,"Enermax Memory Card, USB",Technology,Accessories
1817,TEC-AC-10001765,"Enermax Memory Card, Bluetooth",Technology,Accessories
1818,OFF-ST-10002510,"Tenex Lockers, Wire Frame",Office Supplies,Storage
1819,TEC-CO-10003002,"Canon Personal Copier, Digital",Technology,Copiers
1820,TEC-EPS-10003962,"Epson Card Printer, Durable",Technology,Machines
1821,FUR-FU-10004095,"Eldon Frame, Durable",Furniture,Furnishings
1822,OFF-ST-10000107,Fellowes Super Stor/Drawer,Office Supplies,Storage
1823,TEC-NOK-10001219,"Nokia Signal Booster, Cordless",Technology,Phones
1824,OFF-SU-10001762,"Stiletto Shears, Easy Grip",Office Supplies,Supplies
1825,TEC-AC-10000109,Sony Micro Vault Click 16 GB USB 2.0 Flash Drive,Technology,Accessories
1826,OFF-AR-10004818,"Boston Markers, Easy-Erase",Office Supplies,Art
1827,FUR-CH-10004725,"Office Star Bag Chairs, Set of Two",Furniture,Chairs
1828,TEC-BRO-10000463,"Brother Copy Machine, Color",Technology,Copiers
1829,OFF-ACC-10001281,"Accos Clamps, Bulk Pack",Office Supplies,Fasteners
1830,OFF-LA-10003121,Avery 506,Office Supplies,Labels
1831,OFF-PA-10002689,Weyerhaeuser First Choice Laser/Copy Paper (20Lb. and 88 Bright),Office Supplies,Paper
1832,OFF-AR-10001578,"Sanford Pencil Sharpener, Fluorescent",Office Supplies,Art
1833,OFF-LA-10003236,"Hon Round Labels, Adjustable",Office Supplies,Labels
1834,TEC-PH-10001817,Wilson Electronics DB Pro Signal Booster,Technology,Phones
1835,OFF-ST-10002566,"Tenex Lockers, Wire Frame",Office Supplies,Storage
1836,FUR-BO-10004467,Bestar Classic Bookcase,Furniture,Bookcases
1837,TEC-AC-10004012,"Enermax Flash Drive, Erganomic",Technology,Accessories
1838,OFF-TEN-10000794,"Tenex Shelving, Wire Frame",Office Supplies,Storage
1839,TEC-MA-10003536,"Konica Calculator, Red",Technology,Machines
1840,OFF-FEL-10002158,"Fellowes Folders, Blue",Office Supplies,Storage
1841,TEC-MA-10000003,"Konica Phone, Durable",Technology,Machines
1842,FUR-CH-10002320,Hon Pagoda Stacking Chairs,Furniture,Chairs
1843,OFF-AP-10002128,"Breville Toaster, White",Office Supplies,Appliances
1844,OFF-PA-10004267,"Enermax Parchment Paper, 8.5 x 11",Office Supplies,Paper
1845,OFF-EN-10001434,"Strathmore #10 Envelopes, Ultimate White",Office Supplies,Envelopes
1846,OFF-PA-10002539,"SanDisk Cards & Envelopes, Multicolor",Office Supplies,Paper
1847,FUR-FU-10004579,"Deflect-O Door Stop, Duo Pack",Furniture,Furnishings
1848,FUR-FU-10002659,"Tenex Door Stop, Erganomic",Furniture,Furnishings
1849,OFF-AR-10003466,"Binney & Smith Highlighters, Easy-Erase",Office Supplies,Art
1850,TEC-MOT-10004111,"Motorola Office Telephone, with Caller ID",Technology,Phones
1851,OFF-BOS-10001511,"Boston Canvas, Fluorescent",Office Supplies,Art
1852,OFF-PA-10004353,Southworth 25% Cotton Premium Laser Paper and Envelopes,Office Supplies,Paper
1853,OFF-EN-10001538,"Jiffy Peel and Seal, Recycled",Office Supplies,Envelopes
1854,OFF-LA-10000869,"Harbour Creations Removable Labels, Adjustable",Office Supplies,Labels
1855,OFF-SU-10004737,Acme Design Stainless Steel Bent Scissors,Office Supplies,Supplies
1856,OFF-AR-10001043,"BIC Pens, Blue",Office Supplies,Art
1857,OFF-AR-10000716,DIXON Ticonderoga Erasable Checking Pencils,Office Supplies,Art
1858,TEC-PH-10003988,"LF Elite 3D Dazzle Designer Hard Case Cover, Lf Stylus Pen and Wiper For Apple Iphone 5c Mini Lite",Technology,Phones
1859,OFF-BI-10001892,"Ibico Hole Reinforcements, Recycled",Office Supplies,Binders
1860,OFF-LA-10001294,"Avery Shipping Labels, Adjustable",Office Supplies,Labels
1861,OFF-AR-10002783,"Stanley Pencil Sharpener, Water Color",Office Supplies,Art
1862,FUR-CH-10000015,Hon Multipurpose Stacking Arm Chairs,Furniture,Chairs
1863,OFF-ST-10001974,"Rogers File Cart, Industrial",Office Supplies,Storage
1864,FUR-BO-10004529,"Sauder 3-Shelf Cabinet, Pine",Furniture,Bookcases
1865,OFF-PA-10004145,"Xerox Message Books, 8.5 x 11",Office Supplies,Paper
1866,OFF-BI-10002026,Avery Arch Ring Binders,Office Supplies,Binders
1867,FUR-BO-10001387,"Safco Floating Shelf Set, Traditional",Furniture,Bookcases
1868,TEC-PH-10002597,Xblue XB-1670-86 X16 Small Office Telephone - Titanium,Technology,Phones
1869,OFF-ST-10001562,"Fellowes Box, Industrial",Office Supplies,Storage
1870,TEC-AC-10001013,Logitech ClearChat Comfort/USB Headset H390,Technology,Accessories
1871,OFF-FA-10001435,"Advantus Rubber Bands, Metal",Office Supplies,Fasteners
1872,OFF-SU-10001886,"Acme Box Cutter, Serrated",Office Supplies,Supplies
1873,OFF-FA-10002506,"OIC Rubber Bands, 12 Pack",Office Supplies,Fasteners
1874,OFF-AP-10003177,"Hamilton Beach Toaster, White",Office Supplies,Appliances
1875,TEC-AC-10001465,SanDisk Cruzer 64 GB USB Flash Drive,Technology,Accessories
1876,OFF-AP-10004249,Staples,Office Supplies,Appliances
1877,OFF-ST-10000355,"Eldon Box, Wire Frame",Office Supplies,Storage
1878,FUR-FU-10000723,"Deflect-o EconoMat Studded, No Bevel Mat for Low Pile Carpeting",Furniture,Furnishings
1879,OFF-LA-10001299,"Avery File Folder Labels, Adjustable",Office Supplies,Labels
1880,FUR-TA-10003527,"Chromcraft Wood Table, with Bottom Storage",Furniture,Tables
1881,FUR-TA-10002228,"Bevis Traditional Conference Table Top, Plinth Base",Furniture,Tables
1882,FUR-BO-10004399,"Bush Floating Shelf Set, Pine",Furniture,Bookcases
1883,TEC-MA-10004533,"Konica Receipt Printer, Durable",Technology,Machines
1884,FUR-TA-10003222,"Barricks Wood Table, with Bottom Storage",Furniture,Tables
1885,FUR-NOV-10002453,"Novimex Rocking Chair, Black",Furniture,Chairs
1886,TEC-MOT-10003366,"Motorola Audio Dock, Full Size",Technology,Phones
1887,OFF-PA-10004727,"Eaton Note Cards, 8.5 x 11",Office Supplies,Paper
1888,FUR-FU-10004820,"Advantus Photo Frame, Erganomic",Furniture,Furnishings
1889,FUR-CH-10004694,"Office Star Rocking Chair, Black",Furniture,Chairs
1890,OFF-BOS-10002472,"Boston Sketch Pad, Blue",Office Supplies,Art
1891,OFF-EN-10004744,"GlobeWeis Mailers, with clear poly window",Office Supplies,Envelopes
1892,OFF-SU-10004643,"Elite Trimmer, Easy Grip",Office Supplies,Supplies
1893,OFF-EN-10004503,"GlobeWeis Peel and Seal, Security-Tint",Office Supplies,Envelopes
1894,OFF-FA-10001304,"Stockwell Push Pins, Assorted Sizes",Office Supplies,Fasteners
1895,OFF-EN-10002806,"GlobeWeis Peel and Seal, Recycled",Office Supplies,Envelopes
1896,OFF-PA-10000522,"Xerox Computer Printout Paper, Recycled",Office Supplies,Paper
1897,OFF-SAN-10001237,"SanDisk Cards & Envelopes, Premium",Office Supplies,Paper
1898,OFF-SAN-10001345,"Sanford Canvas, Water Color",Office Supplies,Art
1899,OFF-JIF-10003115,"Jiffy Interoffice Envelope, Recycled",Office Supplies,Envelopes
1900,OFF-ROG-10001549,"Rogers Shelving, Blue",Office Supplies,Storage
1901,TEC-AC-10000866,"Belkin Router, Erganomic",Technology,Accessories
1902,OFF-BI-10004519,GBC DocuBind P100 Manual Binding Machine,Office Supplies,Binders
1903,TEC-AC-10000089,"SanDisk Router, Bluetooth",Technology,Accessories
1904,OFF-ST-10002598,"Tenex Shelving, Industrial",Office Supplies,Storage
1905,FUR-CH-10001647,"Novimex Swivel Stool, Black",Furniture,Chairs
1906,TEC-BEL-10001189,"Belkin Router, Erganomic",Technology,Accessories
1907,TEC-BEL-10002106,"Belkin Memory Card, Bluetooth",Technology,Accessories
1908,OFF-EN-10000714,"Ames Mailers, Set of 50",Office Supplies,Envelopes
1909,OFF-BI-10001533,"Wilson Jones Binding Machine, Recycled",Office Supplies,Binders
1910,TEC-AC-10002800,Plantronics Audio 478 Stereo USB Headset,Technology,Accessories
1911,TEC-ENE-10003873,"Enermax Numeric Keypad, Bluetooth",Technology,Accessories
1912,TEC-SHA-10001231,"Sharp Wireless Fax, Color",Technology,Copiers
1913,OFF-EAT-10002463,"Eaton Computer Printout Paper, Premium",Office Supplies,Paper
1914,OFF-FA-10002815,Staples,Office Supplies,Fasteners
1915,FUR-DEF-10000349,"Deflect-O Stacking Tray, Durable",Furniture,Furnishings
1916,OFF-SAN-10002441,"Sanford Highlighters, Blue",Office Supplies,Art
1917,FUR-CH-10001559,"SAFCO Executive Leather Armchair, Black",Furniture,Chairs
1918,FUR-DAN-10003065,"Dania Library with Doors, Traditional",Furniture,Bookcases
1919,OFF-ST-10003929,"Tenex Lockers, Blue",Office Supplies,Storage
1920,FUR-FU-10004306,Electrix Halogen Magnifier Lamp,Furniture,Furnishings
1921,FUR-SAF-10002557,"SAFCO Steel Folding Chair, Red",Furniture,Chairs
1922,FUR-FU-10001843,"Advantus Door Stop, Durable",Furniture,Furnishings
1923,FUR-CH-10001810,"Harbour Creations Chairmat, Red",Furniture,Chairs
1924,OFF-CAR-10004886,"Cardinal Binder, Economy",Office Supplies,Binders
1925,OFF-PA-10001878,"Enermax Cards & Envelopes, Premium",Office Supplies,Paper
1926,TEC-AC-10002257,"Enermax Router, Bluetooth",Technology,Accessories
1927,OFF-AP-10001847,"Breville Toaster, Red",Office Supplies,Appliances
1928,OFF-ST-10003164,"Fellowes Box, Wire Frame",Office Supplies,Storage
1929,OFF-AP-10003610,"Hamilton Beach Coffee Grinder, Silver",Office Supplies,Appliances
1930,OFF-FA-10002719,"OIC Rubber Bands, Bulk Pack",Office Supplies,Fasteners
1931,TEC-AC-10002217,Imation Clip USB flash drive - 8 GB,Technology,Accessories
1932,OFF-FEL-10004974,"Fellowes Folders, Industrial",Office Supplies,Storage
1933,TEC-PH-10001146,"Nokia Smart Phone, Full Size",Technology,Phones
1934,OFF-ROG-10000566,"Rogers Trays, Single Width",Office Supplies,Storage
1935,TEC-HEW-10002435,"Hewlett Personal Copier, Digital",Technology,Copiers
1936,OFF-ST-10004412,"Smead Shelving, Wire Frame",Office Supplies,Storage
1937,OFF-PA-10004589,"Green Bar Computer Printout Paper, Multicolor",Office Supplies,Paper
1938,TEC-ENE-10003801,"Enermax Flash Drive, USB",Technology,Accessories
1939,OFF-BIN-10000711,"Binney & Smith Markers, Fluorescent",Office Supplies,Art
1940,OFF-BI-10000289,"Wilson Jones Binder Covers, Recycled",Office Supplies,Binders
1941,OFF-HAR-10003514,"Harbour Creations Removable Labels, Laser Printer Compatible",Office Supplies,Labels
1942,TEC-CO-10003777,"Hewlett Copy Machine, Color",Technology,Copiers
1943,FUR-CH-10003362,"Office Star Swivel Stool, Adjustable",Furniture,Chairs
1944,OFF-AP-10000751,"Breville Refrigerator, Black",Office Supplies,Appliances
1945,FUR-BO-10000567,"Sauder Classic Bookcase, Traditional",Furniture,Bookcases
1946,TEC-PH-10002885,Apple iPhone 5,Technology,Phones
1947,FUR-FU-10000308,Deflect-o Glass Clear Studded Chair Mats,Furniture,Furnishings
1948,TEC-PH-10004235,"Nokia Signal Booster, VoIP",Technology,Phones
1949,OFF-EN-10003780,"Jiffy Peel and Seal, Recycled",Office Supplies,Envelopes
1950,OFF-PA-10004027,"Xerox Cards & Envelopes, Recycled",Office Supplies,Paper
1951,FUR-CH-10002188,"SAFCO Steel Folding Chair, Set of Two",Furniture,Chairs
1952,OFF-AR-10002605,"Sanford Sketch Pad, Fluorescent",Office Supplies,Art
1953,FUR-TA-10001935,"Hon Coffee Table, Fully Assembled",Furniture,Tables
1954,FUR-BO-10001358,"Bush 3-Shelf Cabinet, Traditional",Furniture,Bookcases
1955,FUR-FU-10004608,"Advantus Door Stop, Erganomic",Furniture,Furnishings
1956,TEC-LOG-10004419,"Logitech Flash Drive, USB",Technology,Accessories
1957,TEC-STA-10001487,"StarTech Calculator, White",Technology,Machines
1958,TEC-NOK-10001319,"Nokia Headset, Full Size",Technology,Phones
1959,OFF-FIS-10000063,"Fiskars Shears, High Speed",Office Supplies,Supplies
1960,OFF-PA-10001526,Xerox 1949,Office Supplies,Paper
1961,OFF-ST-10001366,"Rogers Folders, Wire Frame",Office Supplies,Storage
1962,OFF-ELI-10000711,"Elite Scissors, Serrated",Office Supplies,Supplies
1963,OFF-SME-10001745,"Smead Shelving, Blue",Office Supplies,Storage
1964,OFF-LA-10003327,"Hon Legal Exhibit Labels, Adjustable",Office Supplies,Labels
1965,FUR-BO-10004633,"Safco Stackable Bookrack, Traditional",Furniture,Bookcases
1966,TEC-CO-10001703,"Brother Copy Machine, Laser",Technology,Copiers
1967,OFF-SU-10003665,"Kleencut Trimmer, Serrated",Office Supplies,Supplies
1968,OFF-AR-10000409,"Sanford Canvas, Easy-Erase",Office Supplies,Art
1969,OFF-SU-10004524,"Kleencut Box Cutter, High Speed",Office Supplies,Supplies
1970,FUR-CH-10004312,"Hon Bag Chairs, Set of Two",Furniture,Chairs
1971,OFF-EN-10003623,"GlobeWeis Interoffice Envelope, Set of 50",Office Supplies,Envelopes
1972,OFF-LA-10001731,"Avery Removable Labels, Alphabetical",Office Supplies,Labels
1973,OFF-SU-10001709,"Kleencut Scissors, High Speed",Office Supplies,Supplies
1974,OFF-BI-10001249,Avery Heavy-Duty EZD View Binder with Locking Rings,Office Supplies,Binders
1975,OFF-EN-10002679,"Kraft Mailers, with clear poly window",Office Supplies,Envelopes
1976,OFF-BI-10003856,"Ibico Index Tab, Clear",Office Supplies,Binders
1977,OFF-LA-10003505,"Avery Legal Exhibit Labels, Laser Printer Compatible",Office Supplies,Labels
1978,OFF-PA-10004923,"Xerox Memo Slips, Multicolor",Office Supplies,Paper
1979,OFF-ST-10002371,"Rogers File Cart, Industrial",Office Supplies,Storage
1980,FUR-FU-10000076,24-Hour Round Wall Clock,Furniture,Furnishings
1981,OFF-SU-10002466,"Elite Shears, Easy Grip",Office Supplies,Supplies
1982,OFF-AR-10004511,"Sanford Colorific Scented Colored Pencils, 12/Pack",Office Supplies,Art
1983,OFF-AP-10000124,Acco 6 Outlet Guardian Basic Surge Suppressor,Office Supplies,Appliances
1984,OFF-PA-10003718,"Xerox Memo Slips, Recycled",Office Supplies,Paper
1985,FUR-DEF-10003676,"Deflect-O Stacking Tray, Erganomic",Furniture,Furnishings
1986,FUR-FU-10002928,"Rubbermaid Clock, Durable",Furniture,Furnishings
1987,OFF-AR-10002847,"Stanley Pens, Water Color",Office Supplies,Art
1988,OFF-SU-10002215,"Elite Ruler, High Speed",Office Supplies,Supplies
1989,TEC-AC-10004227,SanDisk Ultra 16 GB MicroSDHC Class 10 Memory Card,Technology,Accessories
1990,OFF-BI-10000517,"Acco Binder, Durable",Office Supplies,Binders
1991,FUR-FU-10003489,Contemporary Borderless Frame,Furniture,Furnishings
1992,FUR-BO-10002444,"Sauder Library with Doors, Mobile",Furniture,Bookcases
1993,OFF-BI-10003925,Fellowes PB300 Plastic Comb Binding Machine,Office Supplies,Binders
1994,FUR-BO-10003028,"Sauder 3-Shelf Cabinet, Mobile",Furniture,Bookcases
1995,TEC-PH-10001530,Plantronics Voyager Pro Legend,Technology,Phones
1996,OFF-AP-10003588,"Hoover Refrigerator, Silver",Office Supplies,Appliances
1997,OFF-BI-10001071,GBC ProClick Punch Binding System,Office Supplies,Binders
1998,OFF-SU-10004316,"Elite Shears, High Speed",Office Supplies,Supplies
1999,TEC-AC-10003857,"Memorex Keyboard, Programmable",Technology,Accessories
2000,FUR-CH-10003396,Global Deluxe Steno Chair,Furniture,Chairs
2001,OFF-EN-10003134,Staples,Office Supplies,Envelopes
2002,TEC-MA-10003338,"Panasonic Phone, Red",Technology,Machines
2003,FUR-FU-10004797,"Tenex Stacking Tray, Erganomic",Furniture,Furnishings
2004,TEC-BEL-10003985,"Belkin Router, USB",Technology,Accessories
2005,FUR-CH-10003077,"SAFCO Bag Chairs, Adjustable",Furniture,Chairs
2006,OFF-BI-10004491,"Avery Binder Covers, Durable",Office Supplies,Binders
2007,OFF-ST-10002463,"Eldon Trays, Single Width",Office Supplies,Storage
2008,FUR-CH-10004387,"Hon Chairmat, Red",Furniture,Chairs
2009,OFF-BI-10000977,Ibico Plastic Spiral Binding Combs,Office Supplies,Binders
2010,OFF-BI-10002083,"Acco Hole Reinforcements, Economy",Office Supplies,Binders
2011,TEC-MOT-10001535,"Motorola Headset, VoIP",Technology,Phones
2012,OFF-FA-10001724,"Advantus Paper Clips, Assorted Sizes",Office Supplies,Fasteners
2013,OFF-PA-10003022,Xerox 1992,Office Supplies,Paper
2014,OFF-SAN-10002484,"Sanford Canvas, Blue",Office Supplies,Art
2015,OFF-PA-10001560,"Adams Telephone Message Books, 5 1/4 x 11",Office Supplies,Paper
2016,OFF-BI-10000844,"Wilson Jones Hole Reinforcements, Economy",Office Supplies,Binders
2017,OFF-AR-10003816,"Binney & Smith Highlighters, Easy-Erase",Office Supplies,Art
2018,TEC-PH-10002660,Nortel Networks T7316 E Nt8 B27,Technology,Phones
2019,TEC-PH-10003171,Plantronics Encore H101 Dual Earpieces Headset,Technology,Phones
2020,TEC-PH-10002320,"Samsung Speaker Phone, Full Size",Technology,Phones
2021,TEC-CO-10001196,"Brother Fax Machine, Color",Technology,Copiers
2022,TEC-PH-10000036,"Nokia Smart Phone, Full Size",Technology,Phones
2023,FUR-CH-10002117,"Hon Steel Folding Chair, Red",Furniture,Chairs
2024,FUR-BO-10004681,"Ikea Stackable Bookrack, Metal",Furniture,Bookcases
2025,OFF-AR-10001850,"Boston Sketch Pad, Water Color",Office Supplies,Art
2026,OFF-AP-10002118,"1.7 Cubic Foot Compact ""Cube"" Office Refrigerators",Office Supplies,Appliances
2027,TEC-MA-10001731,"Okidata Card Printer, White",Technology,Machines
2028,TEC-MA-10001305,"Okidata Card Printer, White",Technology,Machines
2029,TEC-PH-10003092,Motorola L804,Technology,Phones
2030,OFF-LA-10000436,"Novimex File Folder Labels, 5000 Label Set",Office Supplies,Labels
2031,OFF-LA-10003674,"Hon Legal Exhibit Labels, Alphabetical",Office Supplies,Labels
2032,OFF-BI-10000829,Avery Non-Stick Binders,Office Supplies,Binders
2033,OFF-PA-10003177,Xerox 1999,Office Supplies,Paper
2034,OFF-BI-10000287,"Wilson Jones Index Tab, Recycled",Office Supplies,Binders
2035,TEC-MA-10000122,"Okidata Calculator, Red",Technology,Machines
2036,OFF-AR-10001246,Newell 317,Office Supplies,Art
2037,OFF-EN-10000219,"Jiffy Clasp Envelope, Recycled",Office Supplies,Envelopes
2038,OFF-BI-10000848,Angle-D Ring Binders,Office Supplies,Binders
2039,OFF-SU-10003002,Letter Slitter,Office Supplies,Supplies
2040,OFF-AP-10000647,"Hoover Refrigerator, White",Office Supplies,Appliances
2041,FUR-TA-10001360,"Bevis Round Table, Rectangular",Furniture,Tables
2042,TEC-PH-10000106,"Apple Smart Phone, Full Size",Technology,Phones
2043,FUR-SAU-10002255,"Sauder Classic Bookcase, Pine",Furniture,Bookcases
2044,TEC-CO-10003759,"Canon Fax Machine, Laser",Technology,Copiers
2045,TEC-PH-10001321,"Cisco Speaker Phone, Full Size",Technology,Phones
2046,OFF-ST-10004228,"Tenex Shelving, Industrial",Office Supplies,Storage
2047,TEC-AC-10002883,"Logitech Keyboard, Erganomic",Technology,Accessories
2048,OFF-FA-10000581,"Stockwell Thumb Tacks, Metal",Office Supplies,Fasteners
2049,OFF-PA-10003906,"Eaton Memo Slips, Premium",Office Supplies,Paper
2050,TEC-CO-10000778,"Sharp Fax and Copier, Color",Technology,Copiers
2051,OFF-AR-10001278,"Binney & Smith Pens, Water Color",Office Supplies,Art
2052,TEC-AC-10004051,"Enermax Flash Drive, Programmable",Technology,Accessories
2053,OFF-PA-10002319,Xerox 1944,Office Supplies,Paper
2054,OFF-SU-10004791,"Fiskars Letter Opener, Easy Grip",Office Supplies,Supplies
2055,TEC-AC-10000860,"Enermax Numeric Keypad, USB",Technology,Accessories
2056,OFF-LA-10003297,"Avery Removable Labels, 5000 Label Set",Office Supplies,Labels
2057,OFF-PA-10001733,"Xerox Memo Slips, Recycled",Office Supplies,Paper
2058,OFF-AVE-10004909,"Avery 3-Hole Punch, Durable",Office Supplies,Binders
2059,TEC-AC-10002738,"Belkin Memory Card, Programmable",Technology,Accessories
2060,FUR-CH-10004054,"Hon Rocking Chair, Set of Two",Furniture,Chairs
2061,OFF-FEL-10001865,"Fellowes File Cart, Wire Frame",Office Supplies,Storage
2062,TEC-PH-10002312,"Samsung Audio Dock, with Caller ID",Technology,Phones
2063,OFF-ST-10000085,"Rogers File Cart, Single Width",Office Supplies,Storage
2064,OFF-TEN-10002835,"Tenex Lockers, Industrial",Office Supplies,Storage
2065,FUR-TA-10004353,"Chromcraft Wood Table, with Bottom Storage",Furniture,Tables
2066,OFF-KRA-10001807,"Kraft Manila Envelope, Security-Tint",Office Supplies,Envelopes
2067,OFF-BIN-10000712,"Binney & Smith Canvas, Blue",Office Supplies,Art
2068,OFF-AP-10001394,Harmony Air Purifier,Office Supplies,Appliances
2069,FUR-FU-10002553,"Electrix Incandescent Magnifying Lamp, Black",Furniture,Furnishings
2070,OFF-PA-10001471,Strathmore Photo Frame Cards,Office Supplies,Paper
2071,OFF-ST-10004020,"Tenex Lockers, Single Width",Office Supplies,Storage
2072,FUR-BO-10001287,"Dania Floating Shelf Set, Metal",Furniture,Bookcases
2073,FUR-CH-10003981,Global Commerce Series Low-Back Swivel/Tilt Chairs,Furniture,Chairs
2074,TEC-PH-10000441,VTech DS6151,Technology,Phones
2075,OFF-ST-10004377,"Rogers File Cart, Single Width",Office Supplies,Storage
2076,FUR-BO-10000362,Sauder Inglewood Library Bookcases,Furniture,Bookcases
2077,TEC-AC-10004016,"Memorex Flash Drive, Programmable",Technology,Accessories
2078,TEC-PH-10002726,netTALK DUO VoIP Telephone Service,Technology,Phones
2079,FUR-CH-10000988,Hon Olson Stacker Stools,Furniture,Chairs
2080,OFF-BI-10002511,"Avery 3-Hole Punch, Clear",Office Supplies,Binders
2081,OFF-ST-10001837,"SAFCO Mobile Desk Side File, Wire Frame",Office Supplies,Storage
2082,OFF-SU-10002379,"Fiskars Letter Opener, High Speed",Office Supplies,Supplies
2083,OFF-BI-10003265,"Wilson Jones Binder, Clear",Office Supplies,Binders
2084,TEC-PH-10000486,Plantronics HL10 Handset Lifter,Technology,Phones
2085,OFF-ST-10001809,Fellowes Officeware Wire Shelving,Office Supplies,Storage
2086,FUR-BO-10002182,"Safco Floating Shelf Set, Pine",Furniture,Bookcases
2087,TEC-PH-10004358,"Samsung Office Telephone, Cordless",Technology,Phones
2088,OFF-AP-10003717,"Breville Coffee Grinder, White",Office Supplies,Appliances
2089,FUR-TA-10004132,"Bevis Coffee Table, with Bottom Storage",Furniture,Tables
2090,FUR-TA-10002607,KI Conference Tables,Furniture,Tables
2091,TEC-AC-10000398,"SanDisk Memory Card, Programmable",Technology,Accessories
2092,FUR-FU-10003066,"Deflect-O Frame, Duo Pack",Furniture,Furnishings
2093,OFF-FA-10004734,"Advantus Rubber Bands, Bulk Pack",Office Supplies,Fasteners
2094,FUR-FU-10004823,"Advantus Clock, Erganomic",Furniture,Furnishings
2095,OFF-ST-10001051,"Eldon Shelving, Industrial",Office Supplies,Storage
2096,TEC-AC-10001606,Logitech Wireless Performance Mouse MX for PC and Mac,Technology,Accessories
2097,OFF-BI-10004139,Fellowes Presentation Covers for Comb Binding Machines,Office Supplies,Binders
2098,FUR-TEN-10003349,"Tenex Photo Frame, Durable",Furniture,Furnishings
2099,OFF-EN-10002674,"Cameo Interoffice Envelope, Set of 50",Office Supplies,Envelopes
2100,OFF-PA-10000745,"Green Bar Memo Slips, Recycled",Office Supplies,Paper
2101,OFF-SU-10003040,"Stiletto Box Cutter, Serrated",Office Supplies,Supplies
2102,OFF-LA-10001484,"Harbour Creations Legal Exhibit Labels, Adjustable",Office Supplies,Labels
2103,OFF-STO-10003098,"Stockwell Thumb Tacks, Metal",Office Supplies,Fasteners
2104,OFF-EN-10003977,"Cameo Clasp Envelope, Recycled",Office Supplies,Envelopes
2105,TEC-PH-10002127,"Cisco Smart Phone, Cordless",Technology,Phones
2106,FUR-BO-10003301,"Dania Floating Shelf Set, Metal",Furniture,Bookcases
2107,OFF-BI-10003876,"Green Canvas Binder for 8-1/2"" x 14"" Sheets",Office Supplies,Binders
2108,TEC-AC-10002670,"Logitech Mouse, Erganomic",Technology,Accessories
2109,TEC-PH-10001552,I Need's 3d Hello Kitty Hybrid Silicone Case Cover for HTC One X 4g with 3d Hello Kitty Stylus Pen Green/pink,Technology,Phones
2110,TEC-AC-10004713,"Logitech Mouse, Erganomic",Technology,Accessories
2111,FUR-TA-10000347,"Hon Computer Table, Adjustable Height",Furniture,Tables
2112,TEC-PH-10003505,Geemarc AmpliPOWER60,Technology,Phones
2113,TEC-PH-10003488,"Nokia Signal Booster, VoIP",Technology,Phones
2114,OFF-AP-10001005,Honeywell Quietcare HEPA Air Cleaner,Office Supplies,Appliances
2115,TEC-CO-10003262,"HP Wireless Fax, Laser",Technology,Copiers
2116,FUR-TA-10001539,Chromcraft Rectangular Conference Tables,Furniture,Tables
2117,FUR-BO-10002352,"Ikea 3-Shelf Cabinet, Mobile",Furniture,Bookcases
2118,OFF-PA-10001142,"Green Bar Note Cards, Multicolor",Office Supplies,Paper
2119,OFF-PA-10001712,Xerox 1948,Office Supplies,Paper
2120,OFF-BI-10004233,"GBC Pre-Punched Binding Paper, Plastic, White, 8-1/2"" x 11""",Office Supplies,Binders
2121,OFF-FA-10000038,"Stockwell Clamps, Assorted Sizes",Office Supplies,Fasteners
2122,OFF-EN-10001044,"Kraft Manila Envelope, Set of 50",Office Supplies,Envelopes
2123,OFF-FA-10000353,"Stockwell Clamps, Assorted Sizes",Office Supplies,Fasteners
2124,OFF-BIN-10002236,"Binney & Smith Pencil Sharpener, Water Color",Office Supplies,Art
2125,OFF-SU-10001368,"Fiskars Ruler, Serrated",Office Supplies,Supplies
2126,OFF-BI-10003340,"Acco Index Tab, Durable",Office Supplies,Binders
2127,OFF-PA-10001622,"Ampad Poly Cover Wirebound Steno Book, 6"" x 9"" Assorted Colors, Gregg Ruled",Office Supplies,Paper
2128,TEC-CO-10003048,"Hewlett Wireless Fax, Color",Technology,Copiers
2129,TEC-NOK-10003562,"Nokia Audio Dock, Full Size",Technology,Phones
2130,OFF-AP-10000108,"Breville Refrigerator, Black",Office Supplies,Appliances
2131,TEC-AC-10001463,"Logitech Numeric Keypad, Programmable",Technology,Accessories
2132,TEC-CO-10001567,"Brother Copy Machine, Laser",Technology,Copiers
2133,FUR-TA-10003497,"Bevis Training Table, Adjustable Height",Furniture,Tables
2134,TEC-PH-10002680,Samsung Galaxy Note 3,Technology,Phones
2135,FUR-BEV-10002369,"Bevis Training Table, Fully Assembled",Furniture,Tables
2136,TEC-OKI-10002736,"Okidata Card Printer, Red",Technology,Machines
2137,TEC-CO-10001978,"Hewlett Fax and Copier, High-Speed",Technology,Copiers
2138,TEC-CO-10004409,"Hewlett Fax and Copier, High-Speed",Technology,Copiers
2139,OFF-BI-10003132,"Cardinal Binding Machine, Clear",Office Supplies,Binders
2140,FUR-FU-10002800,"Tenex Photo Frame, Erganomic",Furniture,Furnishings
2141,TEC-PH-10002121,"Apple Headset, with Caller ID",Technology,Phones
2142,FUR-FU-10001260,"Rubbermaid Light Bulb, Erganomic",Furniture,Furnishings
2143,OFF-FIS-10004067,"Fiskars Ruler, Steel",Office Supplies,Supplies
2144,OFF-ST-10003641,"Fellowes Trays, Wire Frame",Office Supplies,Storage
2145,OFF-LA-10000438,"Novimex Legal Exhibit Labels, 5000 Label Set",Office Supplies,Labels
2146,FUR-TEN-10000407,"Tenex Door Stop, Erganomic",Furniture,Furnishings
2147,TEC-PH-10002538,Grandstream GXP1160 VoIP phone,Technology,Phones
2148,OFF-STA-10004163,"Stanley Markers, Fluorescent",Office Supplies,Art
2149,OFF-FA-10004698,"Stockwell Staples, Metal",Office Supplies,Fasteners
2150,OFF-PA-10004385,"Eaton Parchment Paper, Premium",Office Supplies,Paper
2151,OFF-PA-10000601,"Eaton Parchment Paper, Premium",Office Supplies,Paper
2152,FUR-CH-10003841,"Harbour Creations Swivel Stool, Black",Furniture,Chairs
2153,FUR-BO-10004254,"Ikea Classic Bookcase, Traditional",Furniture,Bookcases
2154,OFF-AP-10002945,Honeywell Enviracaire Portable HEPA Air Cleaner for 17' x 22' Room,Office Supplies,Appliances
2155,TEC-PH-10002563,Adtran 1202752G1,Technology,Phones
2156,TEC-AC-10000140,"Enermax Numeric Keypad, Bluetooth",Technology,Accessories
2157,FUR-BO-10002084,"Dania Library with Doors, Metal",Furniture,Bookcases
2158,TEC-AC-10002263,"SanDisk Memory Card, Bluetooth",Technology,Accessories
2159,TEC-PH-10004888,"Samsung Audio Dock, VoIP",Technology,Phones
2160,OFF-AR-10003336,"Sanford Pencil Sharpener, Easy-Erase",Office Supplies,Art
2161,TEC-PH-10003770,"Apple Speaker Phone, Full Size",Technology,Phones
2162,TEC-AC-10003738,"Enermax Mouse, Erganomic",Technology,Accessories
2163,OFF-AR-10002135,Boston Heavy-Duty Trimline Electric Pencil Sharpeners,Office Supplies,Art
2164,OFF-BI-10002225,"Cardinal Binding Machine, Durable",Office Supplies,Binders
2165,OFF-BI-10001765,Wilson Jones Heavy-Duty Casebound Ring Binders with Metal Hinges,Office Supplies,Binders
2166,OFF-ST-10004972,"Eldon Shelving, Blue",Office Supplies,Storage
2167,OFF-BI-10004924,"Cardinal 3-Hole Punch, Economy",Office Supplies,Binders
2168,OFF-ST-10002276,Safco Steel Mobile File Cart,Office Supplies,Storage
2169,TEC-ENE-10002686,"Enermax Numeric Keypad, Erganomic",Technology,Accessories
2170,OFF-AP-10004859,Acco 6 Outlet Guardian Premium Surge Suppressor,Office Supplies,Appliances
2171,FUR-CH-10001204,"Harbour Creations Steel Folding Chair, Red",Furniture,Chairs
2172,OFF-PA-10004082,"Adams Telephone Message Book w/Frequently-Called Numbers Space, 400 Messages per Book",Office Supplies,Paper
2173,OFF-EN-10002007,"Kraft Clasp Envelope, with clear poly window",Office Supplies,Envelopes
2174,OFF-WIL-10002233,"Wilson Jones Index Tab, Durable",Office Supplies,Binders
2175,OFF-KRA-10000492,"Kraft Manila Envelope, Recycled",Office Supplies,Envelopes
2176,OFF-SAN-10002839,"Sanford Canvas, Fluorescent",Office Supplies,Art
2177,OFF-BI-10000179,"Wilson Jones 3-Hole Punch, Economy",Office Supplies,Binders
2178,FUR-FU-10001935,3M Hangers With Command Adhesive,Furniture,Furnishings
2179,OFF-PA-10000061,Xerox 205,Office Supplies,Paper
2180,OFF-EN-10002849,"Kraft Interoffice Envelope, with clear poly window",Office Supplies,Envelopes
2181,OFF-BI-10003440,"Avery Binder Covers, Economy",Office Supplies,Binders
2182,OFF-STO-10000683,"Stockwell Thumb Tacks, Assorted Sizes",Office Supplies,Fasteners
2183,OFF-BI-10001072,"GBC Clear Cover, 8-1/2 x 11, unpunched, 25 covers per pack",Office Supplies,Binders
2184,OFF-ADV-10004875,"Advantus Staples, Bulk Pack",Office Supplies,Fasteners
2185,FUR-CH-10001429,"SAFCO Executive Leather Armchair, Adjustable",Furniture,Chairs
2186,OFF-AP-10001178,"KitchenAid Stove, Red",Office Supplies,Appliances
2187,FUR-BO-10003706,"Sauder Stackable Bookrack, Pine",Furniture,Bookcases
2188,FUR-TA-10004308,"Lesro Wood Table, Adjustable Height",Furniture,Tables
2189,TEC-AC-10004487,"Memorex Router, Erganomic",Technology,Accessories
2190,TEC-CO-10003965,"Brother Ink, Laser",Technology,Copiers
2191,TEC-AC-10001754,"SanDisk Memory Card, Bluetooth",Technology,Accessories
2192,FUR-CH-10003551,"Hon Swivel Stool, Black",Furniture,Chairs
2193,OFF-ST-10004847,"Tenex File Cart, Blue",Office Supplies,Storage
2194,FUR-CH-10003109,"Office Star Rocking Chair, Set of Two",Furniture,Chairs
2195,TEC-PH-10001425,Mophie Juice Pack Helium for iPhone,Technology,Phones
2196,TEC-AC-10003265,"Belkin Router, Bluetooth",Technology,Accessories
2197,TEC-MA-10000327,"Epson Phone, Durable",Technology,Machines
2198,TEC-AC-10004652,"Belkin Mouse, Erganomic",Technology,Accessories
2199,TEC-AC-10000241,"Enermax Numeric Keypad, Bluetooth",Technology,Accessories
2200,TEC-PH-10000641,"Motorola Headset, Full Size",Technology,Phones
2201,FUR-BAR-10004553,"Barricks Training Table, Rectangular",Furniture,Tables
2202,OFF-SU-10000997,"Fiskars Shears, Easy Grip",Office Supplies,Supplies
2203,OFF-AP-10003971,"Hoover Toaster, Red",Office Supplies,Appliances
2204,OFF-PA-10004480,"Eaton Cards & Envelopes, Recycled",Office Supplies,Paper
2205,OFF-ST-10000130,"Eldon Trays, Wire Frame",Office Supplies,Storage
2206,OFF-BI-10000721,"Ibico Binder Covers, Recycled",Office Supplies,Binders
2207,FUR-FU-10002957,"Tenex Stacking Tray, Durable",Furniture,Furnishings
2208,TEC-AC-10004938,"Belkin Mouse, Bluetooth",Technology,Accessories
2209,OFF-BI-10001658,GBC Standard Therm-A-Bind Covers,Office Supplies,Binders
2210,OFF-PA-10004746,"SanDisk Memo Slips, 8.5 x 11",Office Supplies,Paper
2211,FUR-FU-10000246,Aluminum Document Frame,Furniture,Furnishings
2212,OFF-ST-10003017,"Tenex Box, Industrial",Office Supplies,Storage
2213,FUR-HON-10001558,"Hon Swivel Stool, Black",Furniture,Chairs
2214,FUR-ELD-10004994,"Eldon Clock, Duo Pack",Furniture,Furnishings
2215,OFF-ST-10000016,"Eldon Folders, Blue",Office Supplies,Storage
2216,OFF-SAN-10003285,"Sanford Pens, Fluorescent",Office Supplies,Art
2217,FUR-LES-10002026,"Lesro Conference Table, Rectangular",Furniture,Tables
2218,FUR-BO-10001216,"Sauder 3-Shelf Cabinet, Mobile",Furniture,Bookcases
2219,TEC-AC-10002649,"Belkin Keyboard, Programmable",Technology,Accessories
2220,FUR-CH-10002966,"Harbour Creations Swivel Stool, Red",Furniture,Chairs
2221,FUR-TA-10001494,"Lesro Wood Table, Adjustable Height",Furniture,Tables
2222,FUR-TA-10004086,KI Adjustable-Height Table,Furniture,Tables
2223,TEC-MA-10003146,"Okidata Inkjet, Durable",Technology,Machines
2224,TEC-CO-10004027,"Sharp Fax Machine, Color",Technology,Copiers
2225,OFF-AP-10002709,"Breville Coffee Grinder, White",Office Supplies,Appliances
2226,TEC-PH-10004618,"Motorola Speaker Phone, VoIP",Technology,Phones
2227,OFF-ROG-10002132,"Rogers Lockers, Industrial",Office Supplies,Storage
2228,TEC-KON-10001388,"Konica Printer, Red",Technology,Machines
2229,OFF-PA-10004613,"Green Bar Note Cards, Premium",Office Supplies,Paper
2230,OFF-BI-10000813,"Cardinal Binding Machine, Economy",Office Supplies,Binders
2231,OFF-SU-10004663,"Kleencut Letter Opener, Easy Grip",Office Supplies,Supplies
2232,OFF-ST-10004293,"Rogers Shelving, Industrial",Office Supplies,Storage
2233,OFF-SU-10004177,"Fiskars Box Cutter, Easy Grip",Office Supplies,Supplies
2234,FUR-FU-10001475,"Contract Clock, 14"", Brown",Furniture,Furnishings
2235,OFF-ROG-10004949,"Rogers Shelving, Industrial",Office Supplies,Storage
2236,TEC-MEM-10000919,"Memorex Keyboard, USB",Technology,Accessories
2237,OFF-FA-10004813,"Stockwell Rubber Bands, Bulk Pack",Office Supplies,Fasteners
2238,OFF-BIN-10003327,"Binney & Smith Markers, Blue",Office Supplies,Art
2239,OFF-ST-10004496,"Tenex Box, Blue",Office Supplies,Storage
2240,OFF-ACM-10000476,"Acme Letter Opener, Easy Grip",Office Supplies,Supplies
2241,OFF-AP-10001138,"Cuisinart Blender, Silver",Office Supplies,Appliances
2242,OFF-SU-10004872,"Elite Letter Opener, Easy Grip",Office Supplies,Supplies
2243,OFF-HON-10000966,"Hon Round Labels, Alphabetical",Office Supplies,Labels
2244,OFF-XER-10003901,"Xerox Computer Printout Paper, 8.5 x 11",Office Supplies,Paper
2245,FUR-RUB-10002021,"Rubbermaid Light Bulb, Durable",Furniture,Furnishings
2246,TEC-AC-10003105,"Memorex Numeric Keypad, Bluetooth",Technology,Accessories
2247,OFF-AVE-10004827,"Avery Binder Covers, Recycled",Office Supplies,Binders
2248,OFF-AR-10003680,"BIC Markers, Water Color",Office Supplies,Art
2249,OFF-BI-10003903,"Cardinal Binder, Economy",Office Supplies,Binders
2250,OFF-EN-10004459,Security-Tint Envelopes,Office Supplies,Envelopes
2251,OFF-BIN-10004512,"Binney & Smith Pens, Easy-Erase",Office Supplies,Art
2252,OFF-FA-10002491,"Stockwell Rubber Bands, Bulk Pack",Office Supplies,Fasteners
2253,OFF-BI-10004980,"Cardinal Hole Reinforcements, Recycled",Office Supplies,Binders
2254,OFF-TEN-10000360,"Tenex Folders, Wire Frame",Office Supplies,Storage
2255,OFF-STA-10000155,"Stanley Pencil Sharpener, Water Color",Office Supplies,Art
2256,OFF-LA-10001771,Avery 513,Office Supplies,Labels
2257,OFF-AP-10001876,"Hoover Coffee Grinder, Silver",Office Supplies,Appliances
2258,FUR-BO-10003272,O'Sullivan Living Dimensions 5-Shelf Bookcases,Furniture,Bookcases
2259,OFF-AR-10003321,"BIC Highlighters, Water Color",Office Supplies,Art
2260,FUR-FU-10002878,"Seth Thomas 14"" Day/Date Wall Clock",Furniture,Furnishings
2261,OFF-AVE-10003740,"Avery Binding Machine, Clear",Office Supplies,Binders
2262,OFF-AP-10001626,"Commercial WindTunnel Clean Air Upright Vacuum, Replacement Belts, Filtration Bags",Office Supplies,Appliances
2263,FUR-HAR-10003124,"Harbour Creations Chairmat, Red",Furniture,Chairs
2264,OFF-PA-10001685,Staples,Office Supplies,Paper
2265,OFF-SU-10000066,"Acme Box Cutter, Serrated",Office Supplies,Supplies
2266,FUR-BO-10000891,"Ikea Classic Bookcase, Pine",Furniture,Bookcases
2267,OFF-FA-10001700,"Accos Rubber Bands, Bulk Pack",Office Supplies,Fasteners
2268,TEC-AC-10003611,"Memorex Flash Drive, Programmable",Technology,Accessories
2269,TEC-MA-10000002,"Epson Card Printer, Durable",Technology,Machines
2270,FUR-TA-10004680,"Lesro Wood Table, Fully Assembled",Furniture,Tables
2271,TEC-CO-10002108,"Brother Personal Copier, Color",Technology,Copiers
2272,FUR-TA-10003238,"Chromcraft Bull-Nose Wood 48"" x 96"" Rectangular Conference Tables",Furniture,Tables
2273,OFF-ROG-10001418,"Rogers Trays, Wire Frame",Office Supplies,Storage
2274,OFF-BIN-10002061,"Binney & Smith Sketch Pad, Blue",Office Supplies,Art
2275,OFF-AP-10001882,"Breville Coffee Grinder, Silver",Office Supplies,Appliances
2276,OFF-PA-10001661,"SanDisk Computer Printout Paper, 8.5 x 11",Office Supplies,Paper
2277,OFF-ST-10003153,"Tenex File Cart, Single Width",Office Supplies,Storage
2278,OFF-BI-10003982,Wilson Jones Century Plastic Molded Ring Binders,Office Supplies,Binders
2279,FUR-ADV-10004159,"Advantus Frame, Durable",Furniture,Furnishings
2280,OFF-LA-10004848,"Avery Legal Exhibit Labels, 5000 Label Set",Office Supplies,Labels
2281,OFF-ST-10002608,"Eldon Box, Industrial",Office Supplies,Storage
2282,OFF-AR-10001525,"Stanley Highlighters, Blue",Office Supplies,Art
2283,TEC-SAN-10000235,"SanDisk Router, USB",Technology,Accessories
2284,OFF-LA-10003827,"Avery Color Coded Labels, 5000 Label Set",Office Supplies,Labels
2285,OFF-AR-10002656,Sanford Liquid Accent Highlighters,Office Supplies,Art
2286,TEC-ENE-10000690,"Enermax Keyboard, USB",Technology,Accessories
2287,OFF-SU-10001664,Acme Office Executive Series Stainless Steel Trimmers,Office Supplies,Supplies
2288,OFF-EN-10000461,"#10- 4 1/8"" x 9 1/2"" Recycled Envelopes",Office Supplies,Envelopes
2289,OFF-GRE-10000320,"Green Bar Computer Printout Paper, Premium",Office Supplies,Paper
2290,OFF-GRE-10000328,"Green Bar Parchment Paper, Premium",Office Supplies,Paper
2291,OFF-BI-10002557,Presstex Flexible Ring Binders,Office Supplies,Binders
2292,OFF-AP-10003917,"KitchenAid Stove, Silver",Office Supplies,Appliances
2293,TEC-CO-10001468,"Brother Fax Machine, Digital",Technology,Copiers
2294,TEC-CO-10000269,"HP Ink, Laser",Technology,Copiers
2295,OFF-HOO-10001881,"Hoover Stove, White",Office Supplies,Appliances
2296,TEC-CO-10003474,"Brother Personal Copier, Digital",Technology,Copiers
2297,TEC-CO-10001531,"Hewlett Fax and Copier, Color",Technology,Copiers
2298,FUR-TA-10002041,"Bevis Round Conference Table Top, X-Base",Furniture,Tables
2299,FUR-CHR-10003806,"Chromcraft Conference Table, with Bottom Storage",Furniture,Tables
2300,TEC-CO-10003694,"Brother Wireless Fax, Color",Technology,Copiers
2301,TEC-CO-10001234,"Canon Fax Machine, Digital",Technology,Copiers
2302,TEC-PH-10000270,"Apple Office Telephone, VoIP",Technology,Phones
2303,OFF-SME-10004370,"Smead File Cart, Blue",Office Supplies,Storage
2304,FUR-BO-10001390,"Bush Floating Shelf Set, Traditional",Furniture,Bookcases
2305,OFF-PA-10000300,"Green Bar Cards & Envelopes, Premium",Office Supplies,Paper
2306,FUR-FU-10001436,"Advantus Clock, Duo Pack",Furniture,Furnishings
2307,TEC-AC-10000639,"Belkin Router, Bluetooth",Technology,Accessories
2308,OFF-ST-10000872,"Fellowes File Cart, Single Width",Office Supplies,Storage
2309,FUR-CH-10002727,"SAFCO Bag Chairs, Set of Two",Furniture,Chairs
2310,OFF-AR-10001216,"BIC Pencil Sharpener, Easy-Erase",Office Supplies,Art
2311,OFF-ST-10003012,"Tenex Folders, Industrial",Office Supplies,Storage
2312,OFF-SU-10002451,"Elite Letter Opener, High Speed",Office Supplies,Supplies
2313,OFF-EN-10003381,"Cameo Manila Envelope, Security-Tint",Office Supplies,Envelopes
2314,OFF-EN-10003080,"Kraft Peel and Seal, Security-Tint",Office Supplies,Envelopes
2315,OFF-SU-10001382,"Elite Trimmer, Steel",Office Supplies,Supplies
2316,OFF-BI-10000305,"Cardinal 3-Hole Punch, Durable",Office Supplies,Binders
2317,OFF-BI-10001124,"Ibico Binder Covers, Clear",Office Supplies,Binders
2318,OFF-PA-10001259,"Green Bar Note Cards, 8.5 x 11",Office Supplies,Paper
2319,OFF-SU-10003082,"Acme Box Cutter, Easy Grip",Office Supplies,Supplies
2320,OFF-STI-10000144,"Stiletto Box Cutter, Steel",Office Supplies,Supplies
2321,OFF-PA-10002524,"Enermax Note Cards, 8.5 x 11",Office Supplies,Paper
2322,OFF-SU-10001840,"Stiletto Box Cutter, High Speed",Office Supplies,Supplies
2323,OFF-ADV-10001437,"Advantus Paper Clips, Bulk Pack",Office Supplies,Fasteners
2324,OFF-FA-10004910,"Advantus Staples, Assorted Sizes",Office Supplies,Fasteners
2325,OFF-EN-10002348,"Cameo Peel and Seal, Set of 50",Office Supplies,Envelopes
2326,OFF-ST-10003088,"Fellowes Box, Wire Frame",Office Supplies,Storage
2327,OFF-PA-10003511,"Green Bar Memo Slips, 8.5 x 11",Office Supplies,Paper
2328,FUR-FU-10004064,"Rubbermaid Door Stop, Erganomic",Furniture,Furnishings
2329,OFF-ELD-10001882,"Eldon Box, Blue",Office Supplies,Storage
2330,OFF-BI-10002977,"Wilson Jones Binder, Economy",Office Supplies,Binders
2331,OFF-BI-10001067,"Avery Binder, Recycled",Office Supplies,Binders
2332,OFF-CAR-10000150,"Cardinal Binder, Clear",Office Supplies,Binders
2333,TEC-PH-10001990,"Cisco Smart Phone, Full Size",Technology,Phones
2334,FUR-HON-10001847,"Hon Executive Leather Armchair, Adjustable",Furniture,Chairs
2335,OFF-ST-10003470,"Tennsco Snap-Together Open Shelving Units, Starter Sets and Add-On Units",Office Supplies,Storage
2336,TEC-CO-10002157,"Canon Fax Machine, Laser",Technology,Copiers
2337,FUR-CH-10002758,"Hon Deluxe Fabric Upholstered Stacking Chairs, Squared Back",Furniture,Chairs
2338,TEC-PH-10003312,"Cisco Office Telephone, VoIP",Technology,Phones
2339,TEC-LOG-10003634,"Logitech Numeric Keypad, Programmable",Technology,Accessories
2340,TEC-CO-10002817,"Sharp Fax and Copier, Digital",Technology,Copiers
2341,FUR-FU-10003804,"Rubbermaid Frame, Durable",Furniture,Furnishings
2342,OFF-EN-10004410,"GlobeWeis Mailers, Security-Tint",Office Supplies,Envelopes
2343,FUR-CH-10002647,"Situations Contoured Folding Chairs, 4/Set",Furniture,Chairs
2344,OFF-EN-10000673,"Cameo Business Envelopes, Recycled",Office Supplies,Envelopes
2345,FUR-CH-10000068,"Office Star Steel Folding Chair, Red",Furniture,Chairs
2346,OFF-AP-10002608,"Breville Toaster, Black",Office Supplies,Appliances
2347,TEC-AC-10001226,"Enermax Mouse, Programmable",Technology,Accessories
2348,TEC-STA-10003447,"StarTech Printer, White",Technology,Machines
2349,OFF-AME-10004759,"Ames Manila Envelope, with clear poly window",Office Supplies,Envelopes
2350,OFF-ELD-10001832,"Eldon Shelving, Single Width",Office Supplies,Storage
2351,TEC-AC-10003454,"Enermax Memory Card, Erganomic",Technology,Accessories
2352,OFF-BI-10002674,"Cardinal Binder Covers, Recycled",Office Supplies,Binders
2353,TEC-PH-10004635,"Samsung Office Telephone, with Caller ID",Technology,Phones
2354,OFF-WIL-10003933,"Wilson Jones Binder Covers, Durable",Office Supplies,Binders
2355,OFF-BI-10002455,"Acco 3-Hole Punch, Durable",Office Supplies,Binders
2356,TEC-AC-10001951,"Enermax Memory Card, Erganomic",Technology,Accessories
2357,OFF-FA-10003911,"Advantus Clamps, Assorted Sizes",Office Supplies,Fasteners
2358,OFF-EN-10003444,"Jiffy Clasp Envelope, with clear poly window",Office Supplies,Envelopes
2359,OFF-NOV-10000787,"Novimex Removable Labels, Laser Printer Compatible",Office Supplies,Labels
2360,FUR-DEF-10003140,"Deflect-O Light Bulb, Duo Pack",Furniture,Furnishings
2361,OFF-FA-10002992,"Advantus Clamps, Assorted Sizes",Office Supplies,Fasteners
2362,FUR-TA-10004534,Bevis 44 x 96 Conference Tables,Furniture,Tables
2363,FUR-CH-10000026,"SAFCO Rocking Chair, Black",Furniture,Chairs
2364,TEC-PH-10002033,Konftel 250 Conference phone - Charcoal black,Technology,Phones
2365,TEC-PH-10002275,Mitel 5320 IP Phone VoIP phone,Technology,Phones
2366,TEC-AC-10000890,"Belkin Router, USB",Technology,Accessories
2367,TEC-PAN-10000377,"Panasonic Inkjet, Durable",Technology,Machines
2368,FUR-BO-10004699,"Dania 3-Shelf Cabinet, Mobile",Furniture,Bookcases
2369,OFF-AP-10003562,"Hamilton Beach Toaster, Silver",Office Supplies,Appliances
2370,OFF-EN-10002700,"Kraft Interoffice Envelope, with clear poly window",Office Supplies,Envelopes
2371,TEC-APP-10003032,"Apple Audio Dock, Cordless",Technology,Phones
2372,TEC-AC-10000303,Logitech M510 Wireless Mouse,Technology,Accessories
2373,OFF-SU-10001132,"Fiskars Trimmer, Serrated",Office Supplies,Supplies
2374,OFF-AP-10002892,Belkin F5C206VTEL 6 Outlet Surge,Office Supplies,Appliances
2375,FUR-FU-10003362,"Rubbermaid Stacking Tray, Erganomic",Furniture,Furnishings
2376,OFF-AR-10001953,Boston 1645 Deluxe Heavier-Duty Electric Pencil Sharpener,Office Supplies,Art
2377,OFF-AR-10003123,"Boston Canvas, Easy-Erase",Office Supplies,Art
2378,FUR-FU-10002685,"Executive Impressions 13-1/2"" Indoor/Outdoor Wall Clock",Furniture,Furnishings
2379,FUR-CH-10003448,"Harbour Creations Bag Chairs, Set of Two",Furniture,Chairs
2380,OFF-LA-10003233,"Avery Removable Labels, Alphabetical",Office Supplies,Labels
2381,OFF-ST-10001858,"Tenex Shelving, Single Width",Office Supplies,Storage
2382,OFF-ST-10003729,"Tenex Box, Industrial",Office Supplies,Storage
2383,OFF-GRE-10002555,"Green Bar Memo Slips, 8.5 x 11",Office Supplies,Paper
2384,FUR-FU-10001487,"Eldon Expressions Wood and Plastic Desk Accessories, Cherry Wood",Furniture,Furnishings
2385,OFF-AR-10003752,Deluxe Chalkboard Eraser Cleaner,Office Supplies,Art
2386,OFF-SME-10003305,"Smead File Folder Labels, Adjustable",Office Supplies,Labels
2387,OFF-AR-10002335,DIXON Oriole Pencils,Office Supplies,Art
2388,OFF-BI-10003910,DXL Angle-View Binders with Locking Rings by Samsill,Office Supplies,Binders
2389,OFF-EN-10004537,"GlobeWeis Clasp Envelope, with clear poly window",Office Supplies,Envelopes
2390,OFF-SU-10001225,Staples,Office Supplies,Supplies
2391,OFF-AR-10002833,Newell 322,Office Supplies,Art
2392,OFF-AP-10000005,"KitchenAid Microwave, Red",Office Supplies,Appliances
2393,FUR-BO-10003945,"Sauder 3-Shelf Cabinet, Metal",Furniture,Bookcases
2394,TEC-MA-10004414,"Okidata Phone, Red",Technology,Machines
2395,FUR-BO-10004947,"Safco Stackable Bookrack, Pine",Furniture,Bookcases
2396,FUR-FU-10001657,"Deflect-O Frame, Erganomic",Furniture,Furnishings
2397,FUR-CH-10004863,"SAFCO Swivel Stool, Black",Furniture,Chairs
2398,OFF-PA-10003744,"Green Bar Parchment Paper, Multicolor",Office Supplies,Paper
2399,TEC-EPS-10004111,"Epson Inkjet, Wireless",Technology,Machines
2400,OFF-LA-10003930,"Dot Matrix Printer Tape Reel Labels, White, 5000/Box",Office Supplies,Labels
2401,TEC-EPS-10002523,"Epson Card Printer, White",Technology,Machines
2402,OFF-ST-10004019,"Rogers Folders, Single Width",Office Supplies,Storage
2403,OFF-SU-10001066,"Acme Letter Opener, Steel",Office Supplies,Supplies
2404,OFF-BI-10000006,"Ibico Binder, Durable",Office Supplies,Binders
2405,TEC-PH-10004048,"Apple Audio Dock, Full Size",Technology,Phones
2406,TEC-HEW-10004522,"Hewlett Copy Machine, Color",Technology,Copiers
2407,OFF-EN-10003455,"Cameo Manila Envelope, Set of 50",Office Supplies,Envelopes
2408,OFF-AP-10004113,"Cuisinart Toaster, White",Office Supplies,Appliances
2409,OFF-JIF-10004822,"Jiffy Mailers, Security-Tint",Office Supplies,Envelopes
2410,FUR-CH-10002010,"Office Star Bag Chairs, Adjustable",Furniture,Chairs
2411,FUR-FU-10004888,"Tenex Stacking Tray, Erganomic",Furniture,Furnishings
2412,FUR-CH-10002555,"Novimex Rocking Chair, Black",Furniture,Chairs
2413,OFF-FA-10003659,"Accos Paper Clips, Assorted Sizes",Office Supplies,Fasteners
2414,OFF-ST-10004382,"Smead Folders, Blue",Office Supplies,Storage
2415,FUR-ADV-10001659,"Advantus Light Bulb, Durable",Furniture,Furnishings
2416,FUR-FU-10000944,"Advantus Light Bulb, Black",Furniture,Furnishings
2417,TEC-CO-10003160,"Brother Wireless Fax, Laser",Technology,Copiers
2418,OFF-AP-10002822,"KitchenAid Toaster, Red",Office Supplies,Appliances
2419,TEC-CO-10003964,"Canon Fax Machine, High-Speed",Technology,Copiers
2420,FUR-BO-10000847,"Dania Stackable Bookrack, Mobile",Furniture,Bookcases
2421,FUR-CH-10004801,"Office Star Bag Chairs, Set of Two",Furniture,Chairs
2422,FUR-BO-10000895,"Sauder Corner Shelving, Metal",Furniture,Bookcases
2423,FUR-CH-10000660,"Novimex Executive Leather Armchair, Adjustable",Furniture,Chairs
2424,OFF-ST-10000007,"Fellowes File Cart, Single Width",Office Supplies,Storage
2425,OFF-BI-10000972,"Acco 3-Hole Punch, Economy",Office Supplies,Binders
2426,OFF-ST-10001719,"Tenex Trays, Industrial",Office Supplies,Storage
2427,OFF-PA-10001536,"SanDisk Message Books, 8.5 x 11",Office Supplies,Paper
2428,TEC-AC-10002938,"Enermax Memory Card, USB",Technology,Accessories
2429,OFF-AR-10001462,"Stanley Highlighters, Fluorescent",Office Supplies,Art
2430,OFF-PA-10000776,"Xerox Cards & Envelopes, Premium",Office Supplies,Paper
2431,OFF-AR-10000249,"Sanford Highlighters, Fluorescent",Office Supplies,Art
2432,FUR-CH-10000852,"Novimex Chairmat, Set of Two",Furniture,Chairs
2433,OFF-AR-10000401,"Binney & Smith Highlighters, Water Color",Office Supplies,Art
2434,OFF-BI-10004200,"Ibico Binding Machine, Clear",Office Supplies,Binders
2435,OFF-JIF-10002621,"Jiffy Business Envelopes, Security-Tint",Office Supplies,Envelopes
2436,OFF-AR-10000461,"Binney & Smith Highlighters, Water Color",Office Supplies,Art
2437,OFF-ACC-10000307,"Acco Index Tab, Clear",Office Supplies,Binders
2438,FUR-FU-10000640,"Tenex Light Bulb, Duo Pack",Furniture,Furnishings
2439,OFF-LA-10003273,"Harbour Creations Color Coded Labels, Adjustable",Office Supplies,Labels
2440,FUR-FU-10000499,"Tenex Light Bulb, Duo Pack",Furniture,Furnishings
2441,OFF-LA-10003487,"Smead Shipping Labels, Adjustable",Office Supplies,Labels
2442,TEC-PH-10004823,"Nokia Smart Phone, Full Size",Technology,Phones
2443,TEC-CAN-10004166,"Canon Personal Copier, Color",Technology,Copiers
2444,FUR-CH-10001343,"SAFCO Swivel Stool, Set of Two",Furniture,Chairs
2445,TEC-BEL-10003875,"Belkin Memory Card, Programmable",Technology,Accessories
2446,TEC-APP-10004464,"Apple Signal Booster, VoIP",Technology,Phones
2447,OFF-BI-10004042,"Cardinal Binding Machine, Recycled",Office Supplies,Binders
2448,FUR-BO-10000711,"Hon Metal Bookcases, Gray",Furniture,Bookcases
2449,FUR-ELD-10004515,"Eldon Door Stop, Black",Furniture,Furnishings
2450,TEC-AC-10003889,"Enermax Mouse, USB",Technology,Accessories
2451,FUR-CH-10000258,"Office Star Steel Folding Chair, Red",Furniture,Chairs
2452,OFF-PA-10003550,"Eaton Cards & Envelopes, Recycled",Office Supplies,Paper
2453,FUR-CH-10004467,"Harbour Creations Chairmat, Set of Two",Furniture,Chairs
2454,FUR-DEF-10000065,"Deflect-O Frame, Durable",Furniture,Furnishings
2455,OFF-LA-10000598,"Novimex File Folder Labels, Alphabetical",Office Supplies,Labels
2456,FUR-ELD-10001413,"Eldon Light Bulb, Black",Furniture,Furnishings
2457,FUR-ELD-10000963,"Eldon Stacking Tray, Durable",Furniture,Furnishings
2458,OFF-CAR-10003703,"Cardinal Binder, Durable",Office Supplies,Binders
2459,OFF-ELI-10002337,"Elite Box Cutter, High Speed",Office Supplies,Supplies
2460,OFF-CUI-10004428,"Cuisinart Coffee Grinder, White",Office Supplies,Appliances
2461,OFF-NOV-10003578,"Novimex Color Coded Labels, Laser Printer Compatible",Office Supplies,Labels
2462,OFF-CAR-10001746,"Cardinal Index Tab, Clear",Office Supplies,Binders
2463,OFF-STA-10000054,"Stanley Pens, Fluorescent",Office Supplies,Art
2464,OFF-AVE-10003465,"Avery Binder, Economy",Office Supplies,Binders
2465,TEC-AC-10003666,"Memorex Router, Bluetooth",Technology,Accessories
2466,FUR-BUS-10002040,"Bush Library with Doors, Mobile",Furniture,Bookcases
2467,FUR-BO-10004565,"Sauder Corner Shelving, Traditional",Furniture,Bookcases
2468,OFF-ST-10001648,"Tenex Shelving, Blue",Office Supplies,Storage
2469,OFF-BI-10003452,"Acco Binding Machine, Economy",Office Supplies,Binders
2470,OFF-BI-10002533,"Wilson Jones Binding Machine, Economy",Office Supplies,Binders
2471,FUR-TA-10001520,"Lesro Sheffield Collection Coffee Table, End Table, Center Table, Corner Table",Furniture,Tables
2472,OFF-ELI-10001351,"Elite Trimmer, Easy Grip",Office Supplies,Supplies
2473,OFF-PA-10001952,Xerox 1902,Office Supplies,Paper
2474,OFF-BI-10001324,"Acco 3-Hole Punch, Economy",Office Supplies,Binders
2475,OFF-ADV-10001451,"Advantus Clamps, Assorted Sizes",Office Supplies,Fasteners
2476,OFF-KLE-10002340,"Kleencut Shears, Easy Grip",Office Supplies,Supplies
2477,OFF-AR-10002389,"Binney & Smith Pens, Fluorescent",Office Supplies,Art
2478,FUR-SAF-10004426,"Safco 3-Shelf Cabinet, Traditional",Furniture,Bookcases
2479,OFF-BI-10004053,"Cardinal Binder Covers, Durable",Office Supplies,Binders
2480,FUR-SAU-10004137,"Sauder Floating Shelf Set, Traditional",Furniture,Bookcases
2481,TEC-PH-10003153,"Samsung Signal Booster, with Caller ID",Technology,Phones
2482,OFF-LA-10003820,"Novimex Color Coded Labels, Adjustable",Office Supplies,Labels
2483,TEC-AC-10002014,"Belkin Flash Drive, USB",Technology,Accessories
2484,OFF-CAR-10002942,"Cardinal 3-Hole Punch, Recycled",Office Supplies,Binders
2485,OFF-ENE-10003549,"Enermax Cards & Envelopes, Recycled",Office Supplies,Paper
2486,OFF-LA-10003372,"Smead Round Labels, Alphabetical",Office Supplies,Labels
2487,OFF-HON-10003538,"Hon File Folder Labels, 5000 Label Set",Office Supplies,Labels
2488,OFF-BI-10002706,Avery Premier Heavy-Duty Binder with Round Locking Rings,Office Supplies,Binders
2489,OFF-FA-10003139,"Advantus Push Pins, Assorted Sizes",Office Supplies,Fasteners
2490,OFF-HAR-10001948,"Harbour Creations File Folder Labels, Adjustable",Office Supplies,Labels
2491,OFF-AP-10001776,"Hamilton Beach Microwave, White",Office Supplies,Appliances
2492,TEC-MA-10002149,"Panasonic Receipt Printer, Durable",Technology,Machines
2493,FUR-CH-10002438,"SAFCO Executive Leather Armchair, Red",Furniture,Chairs
2494,TEC-CO-10002244,"Sharp Ink, Laser",Technology,Copiers
2495,FUR-CH-10000892,"SAFCO Executive Leather Armchair, Red",Furniture,Chairs
2496,TEC-PH-10002068,"Apple Office Telephone, with Caller ID",Technology,Phones
2497,OFF-PA-10003365,"Eaton Cards & Envelopes, Multicolor",Office Supplies,Paper
2498,OFF-BI-10001622,"Acco 3-Hole Punch, Durable",Office Supplies,Binders
2499,OFF-FA-10003782,"Advantus Paper Clips, Bulk Pack",Office Supplies,Fasteners
2500,OFF-SU-10003651,"Elite Ruler, Serrated",Office Supplies,Supplies
2501,OFF-EN-10003286,Staples,Office Supplies,Envelopes
2502,OFF-AR-10003772,Boston 16750 Black Compact Battery Pencil Sharpener,Office Supplies,Art
2503,FUR-TA-10001889,"Bevis Conference Table, Fully Assembled",Furniture,Tables
2504,OFF-BI-10004995,GBC DocuBind P400 Electric Binding System,Office Supplies,Binders
2505,FUR-TA-10003785,"Hon Round Table, Adjustable Height",Furniture,Tables
2506,OFF-ST-10002902,"Fellowes Lockers, Wire Frame",Office Supplies,Storage
2507,OFF-AP-10004453,"Hoover Toaster, White",Office Supplies,Appliances
2508,FUR-CH-10000546,"Harbour Creations Executive Leather Armchair, Adjustable",Furniture,Chairs
2509,TEC-AC-10002170,"Enermax Numeric Keypad, USB",Technology,Accessories
2510,TEC-MA-10004669,"Epson Inkjet, Wireless",Technology,Machines
2511,OFF-BI-10000346,"Ibico 3-Hole Punch, Clear",Office Supplies,Binders
2512,OFF-PA-10004990,"Xerox Note Cards, Recycled",Office Supplies,Paper
2513,OFF-SU-10000320,"Fiskars Shears, High Speed",Office Supplies,Supplies
2514,FUR-HON-10004137,"Hon Rocking Chair, Set of Two",Furniture,Chairs
2515,OFF-ST-10001991,"Eldon Shelving, Wire Frame",Office Supplies,Storage
2516,FUR-BO-10000734,"Bush Corner Shelving, Pine",Furniture,Bookcases
2517,FUR-FU-10003619,"Tenex Clock, Black",Furniture,Furnishings
2518,TEC-PH-10001725,"Motorola Speaker Phone, Cordless",Technology,Phones
2519,OFF-PA-10004268,"SanDisk Note Cards, 8.5 x 11",Office Supplies,Paper
2520,OFF-SU-10003130,"Acme Trimmer, Serrated",Office Supplies,Supplies
2521,TEC-HP -10002221,"HP Ink, High-Speed",Technology,Copiers
2522,TEC-MA-10004249,"Epson Calculator, Durable",Technology,Machines
2523,OFF-PA-10001725,Xerox 1892,Office Supplies,Paper
2524,OFF-SU-10000153,"Acme Shears, High Speed",Office Supplies,Supplies
2525,OFF-PA-10000048,"Xerox Memo Slips, Multicolor",Office Supplies,Paper
2526,TEC-PH-10001580,"Apple Office Telephone, VoIP",Technology,Phones
2527,OFF-BI-10004148,"Avery Binder, Durable",Office Supplies,Binders
2528,OFF-BI-10000325,"Wilson Jones Binder Covers, Recycled",Office Supplies,Binders
2529,TEC-MA-10000423,Texas Instruments TI-34 Scientific Calculator,Technology,Machines
2530,OFF-LA-10000506,"Harbour Creations Legal Exhibit Labels, Laser Printer Compatible",Office Supplies,Labels
2531,OFF-EN-10003832,"Ames Business Envelopes, Set of 50",Office Supplies,Envelopes
2532,OFF-BIC-10004976,"BIC Markers, Water Color",Office Supplies,Art
2533,OFF-AR-10000845,"Binney & Smith Pens, Water Color",Office Supplies,Art
2534,FUR-TA-10000222,"Bevis Training Table, Adjustable Height",Furniture,Tables
2535,OFF-FA-10000624,OIC Binder Clips,Office Supplies,Fasteners
2536,OFF-BI-10000106,"Cardinal Hole Reinforcements, Clear",Office Supplies,Binders
2537,FUR-BO-10004388,"Ikea Library with Doors, Metal",Furniture,Bookcases
2538,FUR-BO-10002346,"Dania Stackable Bookrack, Mobile",Furniture,Bookcases
2539,OFF-ST-10004367,"Rogers Trays, Blue",Office Supplies,Storage
2540,TEC-MA-10002864,"Okidata Calculator, White",Technology,Machines
2541,TEC-AC-10000692,"Logitech Keyboard, Erganomic",Technology,Accessories
2542,FUR-CH-10003844,"Office Star Rocking Chair, Black",Furniture,Chairs
2543,TEC-CAN-10002802,"Canon Personal Copier, Digital",Technology,Copiers
2544,TEC-PH-10000215,Plantronics Cordless Phone Headset with In-line Volume - M214C,Technology,Phones
2545,OFF-SU-10000085,"Kleencut Trimmer, Steel",Office Supplies,Supplies
2546,OFF-EN-10004186,"Kraft Interoffice Envelope, with clear poly window",Office Supplies,Envelopes
2547,OFF-BI-10003400,"Cardinal Binder Covers, Economy",Office Supplies,Binders
2548,OFF-LA-10004947,"Hon Shipping Labels, 5000 Label Set",Office Supplies,Labels
2549,OFF-ST-10000300,"Eldon Folders, Wire Frame",Office Supplies,Storage
2550,FUR-FU-10004458,"Rubbermaid Door Stop, Black",Furniture,Furnishings
2551,TEC-LOG-10003539,"Logitech Mouse, Erganomic",Technology,Accessories
2552,OFF-ELI-10000541,"Elite Trimmer, High Speed",Office Supplies,Supplies
2553,OFF-CAR-10000687,"Cardinal Binder Covers, Economy",Office Supplies,Binders
2554,OFF-BOS-10001576,"Boston Pencil Sharpener, Fluorescent",Office Supplies,Art
2555,TEC-PH-10002904,"Samsung Smart Phone, Full Size",Technology,Phones
2556,TEC-OKI-10000616,"Okidata Card Printer, Durable",Technology,Machines
2557,TEC-CO-10001589,"Hewlett Wireless Fax, Digital",Technology,Copiers
2558,OFF-ST-10004123,Safco Industrial Wire Shelving System,Office Supplies,Storage
2559,TEC-MA-10001972,Okidata C331dn Printer,Technology,Machines
2560,FUR-FU-10000159,"Advantus Frame, Erganomic",Furniture,Furnishings
2561,FUR-BO-10001608,"Hon Metal Bookcases, Black",Furniture,Bookcases
2562,FUR-CH-10001477,"Novimex Chairmat, Black",Furniture,Chairs
2563,FUR-CH-10000302,"Novimex Rocking Chair, Red",Furniture,Chairs
2564,OFF-ACC-10002680,"Acco Binding Machine, Recycled",Office Supplies,Binders
2565,FUR-DEF-10004141,"Deflect-O Photo Frame, Durable",Furniture,Furnishings
2566,OFF-AR-10001952,"BIC Canvas, Easy-Erase",Office Supplies,Art
2567,TEC-PH-10000026,"Nokia Office Telephone, Cordless",Technology,Phones
2568,TEC-PH-10000369,HTC One Mini,Technology,Phones
2569,OFF-AP-10003473,"Hoover Coffee Grinder, Black",Office Supplies,Appliances
2570,OFF-SU-10004095,"Fiskars Shears, Serrated",Office Supplies,Supplies
2571,OFF-ST-10004368,"Tenex Trays, Industrial",Office Supplies,Storage
2572,OFF-EN-10004895,"Kraft Mailers, Security-Tint",Office Supplies,Envelopes
2573,OFF-AR-10000481,"BIC Markers, Blue",Office Supplies,Art
2574,OFF-LA-10001184,"Novimex Legal Exhibit Labels, 5000 Label Set",Office Supplies,Labels
2575,OFF-SME-10004518,"Smead Legal Exhibit Labels, Laser Printer Compatible",Office Supplies,Labels
2576,OFF-AVE-10002014,"Avery Shipping Labels, Adjustable",Office Supplies,Labels
2577,TEC-PH-10004552,"Motorola Office Telephone, Full Size",Technology,Phones
2578,TEC-BRO-10004328,"Brother Fax Machine, Color",Technology,Copiers
2579,OFF-EN-10002634,"Jiffy Clasp Envelope, Set of 50",Office Supplies,Envelopes
2580,FUR-ELD-10003802,"Eldon Photo Frame, Durable",Furniture,Furnishings
2581,OFF-IBI-10000080,"Ibico Binder, Recycled",Office Supplies,Binders
2582,OFF-PA-10001166,Xerox 2,Office Supplies,Paper
2583,OFF-LA-10004034,"Harbour Creations Color Coded Labels, Alphabetical",Office Supplies,Labels
2584,OFF-AR-10003469,Nontoxic Chalk,Office Supplies,Art
2585,OFF-BI-10000756,Storex DuraTech Recycled Plastic Frosted Binders,Office Supplies,Binders
2586,TEC-PH-10001578,Polycom SoundStation2 EX Conference phone,Technology,Phones
2587,FUR-CH-10000479,"Harbour Creations Executive Leather Armchair, Adjustable",Furniture,Chairs
2588,TEC-PH-10003963,GE 2-Jack Phone Line Splitter,Technology,Phones
2589,OFF-AP-10001559,"KitchenAid Blender, Black",Office Supplies,Appliances
2590,FUR-BO-10001099,"Bush Corner Shelving, Traditional",Furniture,Bookcases
2591,TEC-AC-10004753,"Logitech Memory Card, Erganomic",Technology,Accessories
2592,OFF-AR-10003738,"Boston Canvas, Fluorescent",Office Supplies,Art
2593,FUR-BO-10002574,"Bush Corner Shelving, Traditional",Furniture,Bookcases
2594,TEC-MA-10004521,Epson Perfection V600 Photo Scanner,Technology,Machines
2595,FUR-FU-10004071,Luxo Professional Magnifying Clamp-On Fluorescent Lamps,Furniture,Furnishings
2596,OFF-SU-10001535,"Stiletto Trimmer, Easy Grip",Office Supplies,Supplies
2597,TEC-AC-10004094,"SanDisk Keyboard, Programmable",Technology,Accessories
2598,TEC-AC-10002664,"SanDisk Keyboard, Programmable",Technology,Accessories
2599,OFF-AR-10003056,Newell 341,Office Supplies,Art
2600,OFF-SU-10003105,"Fiskars Shears, Steel",Office Supplies,Supplies
2601,TEC-AC-10004451,"SanDisk Mouse, Bluetooth",Technology,Accessories
2602,FUR-HON-10000339,"Hon Bag Chairs, Set of Two",Furniture,Chairs
2603,OFF-PA-10003883,"Message Book, Phone, Wirebound Standard Line Memo, 2 3/4"" X 5""",Office Supplies,Paper
2604,OFF-ST-10002444,Recycled Eldon Regeneration Jumbo File,Office Supplies,Storage
2605,OFF-ACC-10000497,"Accos Rubber Bands, Assorted Sizes",Office Supplies,Fasteners
2606,OFF-PA-10003654,"SanDisk Memo Slips, Recycled",Office Supplies,Paper
2607,OFF-AR-10000066,"Sanford Pens, Blue",Office Supplies,Art
2608,OFF-BI-10001116,"Wilson Jones 1"" Hanging DublLock Ring Binders",Office Supplies,Binders
2609,TEC-AC-10000766,"SanDisk Mouse, Bluetooth",Technology,Accessories
2610,OFF-BI-10002931,"Avery Trapezoid Extra Heavy Duty 4"" Binders",Office Supplies,Binders
2611,OFF-AP-10003860,Fellowes Advanced 8 Outlet Surge Suppressor with Phone/Fax Protection,Office Supplies,Appliances
2612,OFF-BI-10000069,"GBC Prepunched Paper, 19-Hole, for Binding Systems, 24-lb",Office Supplies,Binders
2613,OFF-AR-10001919,"OIC #2 Pencils, Medium Soft",Office Supplies,Art
2614,OFF-ST-10003606,"Smead Box, Single Width",Office Supplies,Storage
2615,FUR-FU-10000550,Stacking Trays by OIC,Furniture,Furnishings
2616,TEC-CO-10002040,"Brother Fax Machine, Digital",Technology,Copiers
2617,FUR-BO-10001372,"Safco Classic Bookcase, Pine",Furniture,Bookcases
2618,FUR-BO-10001749,"Bush Classic Bookcase, Traditional",Furniture,Bookcases
2619,OFF-AP-10003800,"Hoover Microwave, Silver",Office Supplies,Appliances
2620,TEC-PH-10002601,"Motorola Smart Phone, Cordless",Technology,Phones
2621,FUR-CH-10000454,"Hon Deluxe Fabric Upholstered Stacking Chairs, Rounded Back",Furniture,Chairs
2622,FUR-CH-10001039,"Harbour Creations Rocking Chair, Adjustable",Furniture,Chairs
2623,FUR-BO-10002632,"Sauder Corner Shelving, Pine",Furniture,Bookcases
2624,OFF-ST-10001097,Office Impressions Heavy Duty Welded Shelving & Multimedia Storage Drawers,Office Supplies,Storage
2625,FUR-BO-10002300,"Safco 3-Shelf Cabinet, Mobile",Furniture,Bookcases
2626,OFF-ST-10004835,"Fellowes File Cart, Wire Frame",Office Supplies,Storage
2627,TEC-PH-10002076,"Samsung Audio Dock, Full Size",Technology,Phones
2628,TEC-CO-10000917,"Hewlett Copy Machine, Color",Technology,Copiers
2629,TEC-AC-10004114,KeyTronic 6101 Series - Keyboard - Black,Technology,Accessories
2630,OFF-AP-10004946,"KitchenAid Toaster, Black",Office Supplies,Appliances
2631,OFF-BI-10001808,"Cardinal Binding Machine, Clear",Office Supplies,Binders
2632,OFF-AP-10003860,"KitchenAid Blender, Black",Office Supplies,Appliances
2633,OFF-SAN-10003687,"Sanford Sketch Pad, Easy-Erase",Office Supplies,Art
2634,FUR-FU-10001770,"Deflect-O Clock, Erganomic",Furniture,Furnishings
2635,TEC-PH-10001884,"Nokia Office Telephone, Full Size",Technology,Phones
2636,TEC-CO-10004081,"HP Personal Copier, High-Speed",Technology,Copiers
2637,TEC-PH-10003774,"Cisco Headset, with Caller ID",Technology,Phones
2638,FUR-CH-10004698,"Padded Folding Chairs, Black, 4/Carton",Furniture,Chairs
2639,FUR-TA-10002088,"Barricks Coffee Table, Adjustable Height",Furniture,Tables
2640,OFF-FA-10002264,"Advantus Rubber Bands, Assorted Sizes",Office Supplies,Fasteners
2641,FUR-BO-10001201,"Bush Stackable Bookrack, Mobile",Furniture,Bookcases
2642,OFF-AR-10002681,"Stanley Canvas, Fluorescent",Office Supplies,Art
2643,OFF-HAM-10004896,"Hamilton Beach Microwave, Red",Office Supplies,Appliances
2644,FUR-CH-10002291,"Hon Bag Chairs, Set of Two",Furniture,Chairs
2645,TEC-PH-10004093,Panasonic Kx-TS550,Technology,Phones
2646,OFF-ROG-10001399,"Rogers Shelving, Single Width",Office Supplies,Storage
2647,OFF-PA-10004343,"Enermax Memo Slips, Premium",Office Supplies,Paper
2648,OFF-AR-10003651,"Sanford Pencil Sharpener, Easy-Erase",Office Supplies,Art
2649,OFF-FA-10001029,"OIC Push Pins, Assorted Sizes",Office Supplies,Fasteners
2650,OFF-FA-10000520,"Stockwell Paper Clips, Bulk Pack",Office Supplies,Fasteners
2651,OFF-PA-10004468,"SanDisk Note Cards, Premium",Office Supplies,Paper
2652,OFF-IBI-10000684,"Ibico Binding Machine, Clear",Office Supplies,Binders
2653,OFF-BI-10001553,SpineVue Locking Slant-D Ring Binders by Cardinal,Office Supplies,Binders
2654,OFF-BI-10001199,"Acco Index Tab, Durable",Office Supplies,Binders
2655,TEC-HEW-10004690,"Hewlett Fax and Copier, High-Speed",Technology,Copiers
2656,FUR-NOV-10004925,"Novimex Executive Leather Armchair, Black",Furniture,Chairs
2657,TEC-EPS-10002958,"Epson Receipt Printer, Wireless",Technology,Machines
2658,FUR-BAR-10003465,"Barricks Computer Table, Adjustable Height",Furniture,Tables
2659,TEC-OKI-10004464,"Okidata Printer, Red",Technology,Machines
2660,TEC-PH-10002916,"Apple Speaker Phone, with Caller ID",Technology,Phones
2661,OFF-PA-10002477,"Enermax Message Books, Multicolor",Office Supplies,Paper
2662,FUR-TEN-10000986,"Tenex Frame, Duo Pack",Furniture,Furnishings
2663,OFF-IBI-10003422,"Ibico Binder, Durable",Office Supplies,Binders
2664,FUR-ELD-10003802,"Eldon Door Stop, Duo Pack",Furniture,Furnishings
2665,TEC-LOG-10003254,"Logitech Keyboard, Programmable",Technology,Accessories
2666,TEC-APP-10002310,"Apple Office Telephone, Cordless",Technology,Phones
2667,TEC-AC-10000158,Sony 64GB Class 10 Micro SDHC R40 Memory Card,Technology,Accessories
2668,OFF-SU-10000649,"Fiskars Box Cutter, High Speed",Office Supplies,Supplies
2669,OFF-SU-10003019,"Acme Letter Opener, Serrated",Office Supplies,Supplies
2670,OFF-AR-10002766,Prang Drawing Pencil Set,Office Supplies,Art
2671,OFF-EN-10001940,"Cameo Peel and Seal, Security-Tint",Office Supplies,Envelopes
2672,OFF-TEN-10001160,"Tenex Trays, Industrial",Office Supplies,Storage
2673,OFF-SU-10002522,Acme Kleen Earth Office Shears,Office Supplies,Supplies
2674,TEC-MA-10004423,"StarTech Card Printer, White",Technology,Machines
2675,TEC-CO-10001933,"HP Fax Machine, High-Speed",Technology,Copiers
2676,OFF-SU-10003221,"Acme Trimmer, Easy Grip",Office Supplies,Supplies
2677,TEC-SAM-10004384,"Samsung Office Telephone, VoIP",Technology,Phones
2678,OFF-ST-10003266,"Tenex Lockers, Industrial",Office Supplies,Storage
2679,TEC-PH-10002904,"Motorola Office Telephone, Cordless",Technology,Phones
2680,FUR-CH-10004339,"SAFCO Steel Folding Chair, Red",Furniture,Chairs
2681,OFF-ST-10002930,"Eldon Lockers, Industrial",Office Supplies,Storage
2682,FUR-FU-10003608,"Tenex Light Bulb, Erganomic",Furniture,Furnishings
2683,OFF-SU-10003259,"Elite Trimmer, Easy Grip",Office Supplies,Supplies
2684,TEC-AC-10004704,"SanDisk Numeric Keypad, USB",Technology,Accessories
2685,TEC-SAN-10002684,"SanDisk Flash Drive, USB",Technology,Accessories
2686,FUR-FU-10004241,"Deflect-O Light Bulb, Black",Furniture,Furnishings
2687,OFF-ST-10001598,"Fellowes Box, Blue",Office Supplies,Storage
2688,OFF-BI-10004644,"Cardinal Index Tab, Durable",Office Supplies,Binders
2689,OFF-AR-10002650,"Sanford Markers, Easy-Erase",Office Supplies,Art
2690,TEC-AC-10002219,"SanDisk Memory Card, Programmable",Technology,Accessories
2691,FUR-TEN-10003648,"Tenex Stacking Tray, Erganomic",Furniture,Furnishings
2692,OFF-FA-10004545,"Stockwell Push Pins, Metal",Office Supplies,Fasteners
2693,OFF-STO-10004841,"Stockwell Paper Clips, Assorted Sizes",Office Supplies,Fasteners
2694,OFF-HON-10001132,"Hon Round Labels, Adjustable",Office Supplies,Labels
2695,OFF-LA-10002199,"Harbour Creations Removable Labels, Adjustable",Office Supplies,Labels
2696,OFF-EN-10004580,"Cameo Interoffice Envelope, with clear poly window",Office Supplies,Envelopes
2697,OFF-SAN-10003644,"Sanford Markers, Blue",Office Supplies,Art
2698,OFF-LA-10003337,"Harbour Creations Removable Labels, Adjustable",Office Supplies,Labels
2699,FUR-FU-10001731,Acrylic Self-Standing Desk Frames,Furniture,Furnishings
2700,FUR-TA-10000989,"Lesro Conference Table, Rectangular",Furniture,Tables
2701,FUR-TA-10004653,"Chromcraft Training Table, Rectangular",Furniture,Tables
2702,TEC-ENE-10000995,"Enermax Memory Card, USB",Technology,Accessories
2703,TEC-PH-10002115,Plantronics 81402,Technology,Phones
2704,FUR-TA-10004147,Hon 4060 Series Tables,Furniture,Tables
2705,TEC-SAM-10000588,"Samsung Office Telephone, Full Size",Technology,Phones
2706,FUR-BO-10000175,"Ikea Stackable Bookrack, Metal",Furniture,Bookcases
2707,TEC-PH-10003877,"Samsung Office Telephone, Cordless",Technology,Phones
2708,OFF-AR-10000475,"Hunt BOSTON Vista Battery-Operated Pencil Sharpener, Black",Office Supplies,Art
2709,OFF-FA-10002308,"Accos Push Pins, Assorted Sizes",Office Supplies,Fasteners
2710,OFF-SAN-10004746,"Sanford Highlighters, Fluorescent",Office Supplies,Art
2711,FUR-BO-10000160,"Safco Library with Doors, Pine",Furniture,Bookcases
2712,OFF-AR-10004825,"BIC Canvas, Fluorescent",Office Supplies,Art
2713,OFF-TEN-10001480,"Tenex Trays, Single Width",Office Supplies,Storage
2714,OFF-STO-10004503,"Stockwell Paper Clips, Metal",Office Supplies,Fasteners
2715,TEC-MA-10004534,"Konica Printer, Wireless",Technology,Machines
2716,TEC-PH-10001063,"Samsung Speaker Phone, Full Size",Technology,Phones
2717,FUR-BUS-10004475,"Bush Floating Shelf Set, Traditional",Furniture,Bookcases
2718,OFF-BIC-10001739,"BIC Sketch Pad, Fluorescent",Office Supplies,Art
2719,TEC-CO-10000070,"Hewlett Copy Machine, High-Speed",Technology,Copiers
2720,FUR-CH-10004993,"Hon Swivel Stool, Black",Furniture,Chairs
2721,TEC-PH-10002104,"Cisco Speaker Phone, Cordless",Technology,Phones
2722,FUR-FU-10000140,"Advantus Clock, Black",Furniture,Furnishings
2723,TEC-PH-10003683,"Motorola Audio Dock, VoIP",Technology,Phones
2724,TEC-CO-10000560,"Hewlett Ink, High-Speed",Technology,Copiers
2725,OFF-SU-10000556,"Kleencut Shears, Steel",Office Supplies,Supplies
2726,OFF-AR-10002335,"Sanford Canvas, Fluorescent",Office Supplies,Art
2727,FUR-FU-10004598,"Deflect-O Stacking Tray, Durable",Furniture,Furnishings
2728,FUR-OFF-10001661,"Office Star Chairmat, Red",Furniture,Chairs
2729,OFF-AR-10000703,"BIC Pens, Water Color",Office Supplies,Art
2730,OFF-AR-10001694,"Sanford Canvas, Blue",Office Supplies,Art
2731,OFF-EN-10001109,"Jiffy Manila Envelope, Set of 50",Office Supplies,Envelopes
2732,OFF-BRE-10003443,"Breville Refrigerator, Silver",Office Supplies,Appliances
2733,TEC-CIS-10003439,"Cisco Headset, VoIP",Technology,Phones
2734,FUR-NOV-10004003,"Novimex Steel Folding Chair, Red",Furniture,Chairs
2735,OFF-SU-10003267,"Stiletto Scissors, Easy Grip",Office Supplies,Supplies
2736,OFF-AP-10003400,"Hamilton Beach Toaster, Black",Office Supplies,Appliances
2737,TEC-AC-10002017,"Belkin Memory Card, Erganomic",Technology,Accessories
2738,OFF-LA-10002068,"Smead Removable Labels, Adjustable",Office Supplies,Labels
2739,OFF-LA-10002289,"Hon Shipping Labels, Adjustable",Office Supplies,Labels
2740,OFF-PA-10004600,"Xerox Cards & Envelopes, Premium",Office Supplies,Paper
2741,TEC-KON-10001507,"Konica Card Printer, Durable",Technology,Machines
2742,FUR-BO-10001585,"Ikea Floating Shelf Set, Traditional",Furniture,Bookcases
2743,TEC-APP-10000530,"Apple Audio Dock, VoIP",Technology,Phones
2744,OFF-FEL-10000070,"Fellowes Box, Industrial",Office Supplies,Storage
2745,TEC-AC-10004429,"Enermax Keyboard, USB",Technology,Accessories
2746,OFF-FA-10001128,"Stockwell Clamps, Bulk Pack",Office Supplies,Fasteners
2747,FUR-ADV-10004395,"Advantus Door Stop, Durable",Furniture,Furnishings
2748,OFF-LA-10003283,"Harbour Creations Removable Labels, Adjustable",Office Supplies,Labels
2749,OFF-LA-10001229,"Hon Removable Labels, Adjustable",Office Supplies,Labels
2750,OFF-EN-10001528,"Kraft Business Envelopes, Recycled",Office Supplies,Envelopes
2751,OFF-WIL-10002593,"Wilson Jones Hole Reinforcements, Durable",Office Supplies,Binders
2752,OFF-AP-10002573,"Hamilton Beach Stove, Black",Office Supplies,Appliances
2753,TEC-MA-10000875,"Okidata Inkjet, Wireless",Technology,Machines
2754,FUR-BO-10001133,"Ikea Classic Bookcase, Mobile",Furniture,Bookcases
2755,FUR-BO-10004704,"Bush Corner Shelving, Pine",Furniture,Bookcases
2756,TEC-PH-10001664,"Motorola Office Telephone, VoIP",Technology,Phones
2757,OFF-PA-10003395,Xerox 1941,Office Supplies,Paper
2758,FUR-FU-10000918,"Deflect-O Photo Frame, Duo Pack",Furniture,Furnishings
2759,FUR-CH-10001374,"Novimex Steel Folding Chair, Black",Furniture,Chairs
2760,FUR-BO-10001555,"Bush Corner Shelving, Metal",Furniture,Bookcases
2761,FUR-CH-10003419,"Hon Steel Folding Chair, Black",Furniture,Chairs
2762,OFF-PA-10000304,Xerox 1995,Office Supplies,Paper
2763,OFF-EN-10003392,"Kraft Peel and Seal, Set of 50",Office Supplies,Envelopes
2764,OFF-EN-10000338,"Kraft Mailers, Recycled",Office Supplies,Envelopes
2765,OFF-BI-10003114,"Ibico Hole Reinforcements, Economy",Office Supplies,Binders
2766,OFF-FIS-10001399,"Fiskars Ruler, Serrated",Office Supplies,Supplies
2767,OFF-BI-10003094,Self-Adhesive Ring Binder Labels,Office Supplies,Binders
2768,TEC-MA-10001991,"Konica Calculator, White",Technology,Machines
2769,OFF-FA-10003495,Staples,Office Supplies,Fasteners
2770,FUR-BUS-10001243,"Bush Classic Bookcase, Pine",Furniture,Bookcases
2771,TEC-AC-10000053,"SanDisk Router, USB",Technology,Accessories
2772,TEC-PH-10000922,"Nokia Headset, with Caller ID",Technology,Phones
2773,OFF-SU-10003343,"Kleencut Shears, Steel",Office Supplies,Supplies
2774,OFF-ST-10003334,"Smead Trays, Wire Frame",Office Supplies,Storage
2775,TEC-PH-10002816,"Samsung Signal Booster, Cordless",Technology,Phones
2776,TEC-PH-10003481,"Apple Office Telephone, Full Size",Technology,Phones
2777,OFF-AP-10001670,"Hoover Coffee Grinder, White",Office Supplies,Appliances
2778,TEC-PH-10004636,"Nokia Audio Dock, with Caller ID",Technology,Phones
2779,OFF-BI-10004120,"Ibico 3-Hole Punch, Durable",Office Supplies,Binders
2780,OFF-PA-10000579,"Xerox Computer Printout Paper, Recycled",Office Supplies,Paper
2781,OFF-SU-10003162,"Acme Letter Opener, Steel",Office Supplies,Supplies
2782,OFF-SU-10002131,"Elite Scissors, Serrated",Office Supplies,Supplies
2783,OFF-EN-10002855,"Kraft Interoffice Envelope, Security-Tint",Office Supplies,Envelopes
2784,OFF-BIN-10001621,"Binney & Smith Canvas, Fluorescent",Office Supplies,Art
2785,OFF-EN-10001751,"GlobeWeis Mailers, Set of 50",Office Supplies,Envelopes
2786,OFF-ST-10001824,"Rogers Box, Single Width",Office Supplies,Storage
2787,OFF-SME-10004110,"Smead Color Coded Labels, Alphabetical",Office Supplies,Labels
2788,OFF-AR-10003405,"Dixon My First Ticonderoga Pencil, #2",Office Supplies,Art
2789,OFF-AVE-10004556,"Avery Hole Reinforcements, Recycled",Office Supplies,Binders
2790,OFF-BI-10000174,"Wilson Jones Clip & Carry Folder Binder Tool for Ring Binders, Clear",Office Supplies,Binders
2791,OFF-AP-10003794,"Cuisinart Refrigerator, Red",Office Supplies,Appliances
2792,FUR-TA-10002527,"Barricks Round Table, Fully Assembled",Furniture,Tables
2793,OFF-ST-10001010,"Fellowes Lockers, Industrial",Office Supplies,Storage
2794,OFF-PA-10001144,Xerox 1913,Office Supplies,Paper
2795,OFF-BI-10002867,GBC Recycled Regency Composition Covers,Office Supplies,Binders
2796,TEC-PH-10002102,"Nokia Headset, Cordless",Technology,Phones
2797,OFF-AR-10000465,"Sanford Markers, Blue",Office Supplies,Art
2798,OFF-SU-10000294,"Elite Trimmer, Serrated",Office Supplies,Supplies
2799,FUR-CH-10002743,"Novimex Chairmat, Adjustable",Furniture,Chairs
2800,OFF-LA-10004538,"Harbour Creations Legal Exhibit Labels, Laser Printer Compatible",Office Supplies,Labels
2801,FUR-CH-10004338,"Hon Bag Chairs, Red",Furniture,Chairs
2802,FUR-CH-10004194,"Harbour Creations Steel Folding Chair, Set of Two",Furniture,Chairs
2803,TEC-MA-10001922,"Konica Calculator, Wireless",Technology,Machines
2804,OFF-PA-10000108,"Green Bar Parchment Paper, 8.5 x 11",Office Supplies,Paper
2805,OFF-ST-10003344,"Rogers Folders, Blue",Office Supplies,Storage
2806,OFF-ENE-10001356,"Enermax Cards & Envelopes, Multicolor",Office Supplies,Paper
2807,OFF-PA-10003832,"Xerox Message Books, 8.5 x 11",Office Supplies,Paper
2808,OFF-BIC-10003800,"BIC Pencil Sharpener, Blue",Office Supplies,Art
2809,OFF-FA-10000439,"Stockwell Thumb Tacks, Assorted Sizes",Office Supplies,Fasteners
2810,OFF-AR-10004582,BIC Brite Liner Grip Highlighters,Office Supplies,Art
2811,OFF-FA-10000406,"Advantus Thumb Tacks, Metal",Office Supplies,Fasteners
2812,OFF-LA-10000448,"Hon File Folder Labels, Alphabetical",Office Supplies,Labels
2813,OFF-BI-10004908,"Avery Binder Covers, Economy",Office Supplies,Binders
2814,OFF-AR-10001026,"Sanford Uni-Blazer View Highlighters, Chisel Tip, Yellow",Office Supplies,Art
2815,OFF-BI-10004528,Cardinal Poly Pocket Divider Pockets for Ring Binders,Office Supplies,Binders
2816,FUR-TA-10003747,"Lesro Round Table, Rectangular",Furniture,Tables
2817,TEC-PH-10004586,Wilson SignalBoost 841262 DB PRO Amplifier Kit,Technology,Phones
2818,FUR-TA-10003185,"Chromcraft Computer Table, Fully Assembled",Furniture,Tables
2819,OFF-AR-10000019,"BIC Highlighters, Blue",Office Supplies,Art
2820,FUR-BO-10004567,"Bush Floating Shelf Set, Mobile",Furniture,Bookcases
2821,OFF-AR-10003217,"Sanford Highlighters, Fluorescent",Office Supplies,Art
2822,OFF-BI-10003355,Cardinal Holdit Business Card Pockets,Office Supplies,Binders
2823,OFF-ACC-10001285,"Acco Index Tab, Clear",Office Supplies,Binders
2824,OFF-BI-10000546,Avery Durable Binders,Office Supplies,Binders
2825,TEC-CO-10000847,"Canon Personal Copier, Laser",Technology,Copiers
2826,TEC-PH-10002923,"Logitech B530 USB Headset - headset - Full size, Binaural",Technology,Phones
2827,OFF-AR-10004115,"Sanford Markers, Blue",Office Supplies,Art
2828,OFF-BI-10003022,"Cardinal 3-Hole Punch, Economy",Office Supplies,Binders
2829,OFF-SU-10001831,"Stiletto Scissors, High Speed",Office Supplies,Supplies
2830,OFF-BI-10000787,"Acco Hole Reinforcements, Economy",Office Supplies,Binders
2831,OFF-ST-10000922,"Eldon File Cart, Blue",Office Supplies,Storage
2832,OFF-LA-10000425,"Avery Shipping Labels, Alphabetical",Office Supplies,Labels
2833,FUR-CH-10002882,"Harbour Creations Bag Chairs, Adjustable",Furniture,Chairs
2834,OFF-SU-10003723,"Elite Shears, High Speed",Office Supplies,Supplies
2835,OFF-PA-10004734,Southworth Structures Collection,Office Supplies,Paper
2836,OFF-NOV-10004968,"Novimex Removable Labels, Adjustable",Office Supplies,Labels
2837,TEC-AC-10003911,NETGEAR AC1750 Dual Band Gigabit Smart WiFi Router,Technology,Accessories
2838,OFF-ST-10001522,"Gould Plastics 18-Pocket Panel Bin, 34w x 5-1/4d x 20-1/2h",Office Supplies,Storage
2839,OFF-BI-10001670,Vinyl Sectional Post Binders,Office Supplies,Binders
2840,OFF-SU-10002402,"Stiletto Box Cutter, Steel",Office Supplies,Supplies
2841,TEC-CO-10001846,"Hewlett Fax and Copier, Digital",Technology,Copiers
2842,OFF-AR-10004990,"Boston Highlighters, Blue",Office Supplies,Art
2843,OFF-ST-10000563,Fellowes Bankers Box Stor/Drawer Steel Plus,Office Supplies,Storage
2844,FUR-FU-10001591,Advantus Panel Wall Certificate Holder - 8.5x11,Furniture,Furnishings
2845,OFF-PA-10003449,"Green Bar Computer Printout Paper, Premium",Office Supplies,Paper
2846,FUR-FU-10004903,"Eldon Light Bulb, Black",Furniture,Furnishings
2847,OFF-BI-10002558,"Cardinal Binder Covers, Economy",Office Supplies,Binders
2848,OFF-LA-10001934,Avery 516,Office Supplies,Labels
2849,OFF-BI-10001096,"Ibico Binder Covers, Durable",Office Supplies,Binders
2850,OFF-FA-10002481,"OIC Rubber Bands, 12 Pack",Office Supplies,Fasteners
2851,OFF-WIL-10003532,"Wilson Jones Binding Machine, Economy",Office Supplies,Binders
2852,OFF-BI-10001787,Wilson Jones Four-Pocket Poly Binders,Office Supplies,Binders
2853,FUR-CH-10000155,Global Comet Stacking Armless Chair,Furniture,Chairs
2854,TEC-PH-10003439,"Apple Audio Dock, VoIP",Technology,Phones
2855,TEC-CO-10001046,Canon Imageclass D680 Copier / Fax,Technology,Copiers
2856,OFF-BI-10004666,"Wilson Jones Binding Machine, Durable",Office Supplies,Binders
2857,OFF-ST-10001025,"Tenex Trays, Single Width",Office Supplies,Storage
2858,OFF-ST-10004331,"Eldon Folders, Single Width",Office Supplies,Storage
2859,OFF-AR-10000851,"Sanford Sketch Pad, Blue",Office Supplies,Art
2860,OFF-STO-10002803,"Stockwell Clamps, 12 Pack",Office Supplies,Fasteners
2861,OFF-BI-10001326,"Cardinal Binder, Recycled",Office Supplies,Binders
2862,OFF-LA-10003381,"Novimex Removable Labels, Laser Printer Compatible",Office Supplies,Labels
2863,OFF-HAM-10004674,"Hamilton Beach Stove, Silver",Office Supplies,Appliances
2864,TEC-PH-10000158,"Apple Signal Booster, VoIP",Technology,Phones
2865,TEC-MA-10004933,"Konica Phone, Wireless",Technology,Machines
2866,OFF-EN-10000025,"Cameo Interoffice Envelope, Recycled",Office Supplies,Envelopes
2867,FUR-CH-10002880,"Global High-Back Leather Tilter, Burgundy",Furniture,Chairs
2868,FUR-FU-10003039,"Howard Miller 11-1/2"" Diameter Grantwood Wall Clock",Furniture,Furnishings
2869,TEC-AC-10001311,"Belkin Keyboard, Erganomic",Technology,Accessories
2870,OFF-FA-10002286,"OIC Push Pins, Bulk Pack",Office Supplies,Fasteners
2871,OFF-TEN-10001031,"Tenex Shelving, Single Width",Office Supplies,Storage
2872,OFF-HAM-10003368,"Hamilton Beach Blender, Black",Office Supplies,Appliances
2873,OFF-GLO-10004430,"GlobeWeis Business Envelopes, Recycled",Office Supplies,Envelopes
2874,OFF-SAN-10003368,"Sanford Pens, Blue",Office Supplies,Art
2875,FUR-FU-10002890,"Rubbermaid Frame, Durable",Furniture,Furnishings
2876,TEC-MA-10000473,"Konica Phone, Red",Technology,Machines
2877,OFF-LA-10000604,"Harbour Creations Color Coded Labels, Laser Printer Compatible",Office Supplies,Labels
2878,OFF-AP-10001635,"KitchenAid Refrigerator, Silver",Office Supplies,Appliances
2879,FUR-CH-10001282,"Hon Bag Chairs, Adjustable",Furniture,Chairs
2880,OFF-IBI-10003191,"Ibico 3-Hole Punch, Durable",Office Supplies,Binders
2881,FUR-CH-10001616,"Harbour Creations Bag Chairs, Red",Furniture,Chairs
2882,TEC-OKI-10003868,"Okidata Printer, Wireless",Technology,Machines
2883,OFF-ST-10001505,"Perma STOR-ALL Hanging File Box, 13 1/8""W x 12 1/4""D x 10 1/2""H",Office Supplies,Storage
2884,OFF-PA-10002245,Xerox 1895,Office Supplies,Paper
2885,OFF-BI-10002609,Avery Hidden Tab Dividers for Binding Systems,Office Supplies,Binders
2886,OFF-LA-10004559,Avery 49,Office Supplies,Labels
2887,OFF-AR-10003251,Prang Drawing Pencil Set,Office Supplies,Art
2888,TEC-PH-10000895,Polycom VVX 310 VoIP phone,Technology,Phones
2889,TEC-CO-10001204,"Sharp Copy Machine, Color",Technology,Copiers
2890,TEC-PH-10001354,"Motorola Speaker Phone, Full Size",Technology,Phones
2891,TEC-PH-10004912,Cisco SPA112 2 Port Phone Adapter,Technology,Phones
2892,OFF-ROG-10003898,"Rogers Lockers, Single Width",Office Supplies,Storage
2893,TEC-PH-10003885,Cisco SPA508G,Technology,Phones
2894,OFF-ST-10004739,"Rogers Folders, Industrial",Office Supplies,Storage
2895,TEC-CO-10004468,"Canon Copy Machine, Digital",Technology,Copiers
2896,FUR-FU-10000629,9-3/4 Diameter Round Wall Clock,Furniture,Furnishings
2897,TEC-PH-10000297,"Apple Office Telephone, with Caller ID",Technology,Phones
2898,OFF-PA-10002382,"Eaton Note Cards, Premium",Office Supplies,Paper
2899,OFF-EN-10003463,"Jiffy Peel and Seal, Recycled",Office Supplies,Envelopes
2900,OFF-PA-10001970,Xerox 1881,Office Supplies,Paper
2901,OFF-PA-10000552,Xerox 200,Office Supplies,Paper
2902,OFF-BI-10002954,Newell 3-Hole Punched Plastic Slotted Magazine Holders for Binders,Office Supplies,Binders
2903,OFF-LA-10001175,Avery 514,Office Supplies,Labels
2904,OFF-LA-10001701,"Novimex File Folder Labels, Adjustable",Office Supplies,Labels
2905,FUR-TA-10000558,"Hon Wood Table, Rectangular",Furniture,Tables
2906,FUR-TA-10004575,Hon 5100 Series Wood Tables,Furniture,Tables
2907,TEC-AC-10000827,"SanDisk Keyboard, Programmable",Technology,Accessories
2908,TEC-PH-10000439,GE DSL Phone Line Filter,Technology,Phones
2909,TEC-AC-10000540,"Memorex Numeric Keypad, USB",Technology,Accessories
2910,FUR-CH-10002126,Hon Deluxe Fabric Upholstered Stacking Chairs,Furniture,Chairs
2911,OFF-ST-10004549,"Smead File Cart, Blue",Office Supplies,Storage
2912,OFF-AR-10001195,"Stanley Canvas, Water Color",Office Supplies,Art
2913,OFF-AR-10003096,"Binney & Smith Sketch Pad, Blue",Office Supplies,Art
2914,OFF-ST-10004317,"Smead Folders, Blue",Office Supplies,Storage
2915,FUR-CH-10001797,"Safco Chair Connectors, 6/Carton",Furniture,Chairs
2916,FUR-OFF-10000344,"Office Star Bag Chairs, Adjustable",Furniture,Chairs
2917,FUR-FU-10000287,"Eldon Stacking Tray, Black",Furniture,Furnishings
2918,OFF-ACC-10002772,"Acco Index Tab, Economy",Office Supplies,Binders
2919,TEC-AC-10000397,"Enermax Mouse, USB",Technology,Accessories
2920,FUR-FU-10001933,"Deflect-O Door Stop, Duo Pack",Furniture,Furnishings
2921,OFF-AR-10003158,Fluorescent Highlighters by Dixon,Office Supplies,Art
2922,TEC-AC-10002857,"Verbatim 25 GB 6x Blu-ray Single Layer Recordable Disc, 1/Pack",Technology,Accessories
2923,OFF-BI-10003314,Tuff Stuff Recycled Round Ring Binders,Office Supplies,Binders
2924,OFF-NOV-10004048,"Novimex Legal Exhibit Labels, 5000 Label Set",Office Supplies,Labels
2925,TEC-PH-10002387,"Motorola Signal Booster, Cordless",Technology,Phones
2926,FUR-TA-10002855,Bevis Round Conference Table Top & Single Column Base,Furniture,Tables
2927,OFF-ST-10001173,"Eldon Folders, Industrial",Office Supplies,Storage
2928,OFF-ST-10002781,"Smead File Cart, Single Width",Office Supplies,Storage
2929,FUR-DEF-10001359,"Deflect-O Frame, Erganomic",Furniture,Furnishings
2930,OFF-BI-10003709,"Wilson Jones Binding Machine, Durable",Office Supplies,Binders
2931,OFF-PA-10004856,"Xerox Memo Slips, Recycled",Office Supplies,Paper
2932,OFF-ST-10001222,"Eldon Shelving, Single Width",Office Supplies,Storage
2933,OFF-ST-10001172,"Fellowes Trays, Wire Frame",Office Supplies,Storage
2934,OFF-BI-10001248,"Avery Binder, Economy",Office Supplies,Binders
2935,OFF-EN-10003071,"Kraft Clasp Envelope, Security-Tint",Office Supplies,Envelopes
2936,TEC-MA-10001777,"Okidata Printer, Red",Technology,Machines
2937,TEC-PH-10002597,"Apple Signal Booster, with Caller ID",Technology,Phones
2938,OFF-ST-10001547,"Rogers Lockers, Industrial",Office Supplies,Storage
2939,OFF-SU-10001421,"Acme Shears, Easy Grip",Office Supplies,Supplies
2940,OFF-SU-10000113,"Acme Shears, Easy Grip",Office Supplies,Supplies
2941,OFF-AP-10000576,Belkin 7 Outlet SurgeMaster II,Office Supplies,Appliances
2942,OFF-SU-10001137,"Kleencut Scissors, High Speed",Office Supplies,Supplies
2943,OFF-BI-10001098,Acco D-Ring Binder w/DublLock,Office Supplies,Binders
2944,TEC-PH-10002583,iOttie HLCRIO102 Car Mount,Technology,Phones
2945,OFF-AR-10004999,Newell 315,Office Supplies,Art
2946,FUR-FU-10001057,Tensor Track Tree Floor Lamp,Furniture,Furnishings
2947,TEC-PH-10002070,Griffin GC36547 PowerJolt SE Lightning Charger,Technology,Phones
2948,OFF-AR-10002417,"Boston Sketch Pad, Water Color",Office Supplies,Art
2949,TEC-MOT-10001196,"Motorola Audio Dock, Cordless",Technology,Phones
2950,TEC-AC-10000501,"Enermax Router, Programmable",Technology,Accessories
2951,TEC-BEL-10004386,"Belkin Numeric Keypad, Bluetooth",Technology,Accessories
2952,OFF-FA-10000304,Advantus Push Pins,Office Supplies,Fasteners
2953,OFF-HON-10003921,"Hon Removable Labels, Laser Printer Compatible",Office Supplies,Labels
2954,TEC-AC-10003709,Maxell 4.7GB DVD-R 5/Pack,Technology,Accessories
2955,FUR-BO-10000208,"Bush Stackable Bookrack, Mobile",Furniture,Bookcases
2956,FUR-HON-10004987,"Hon Training Table, Adjustable Height",Furniture,Tables
2957,TEC-PH-10004682,"Cisco Headset, VoIP",Technology,Phones
2958,OFF-AVE-10004310,"Avery File Folder Labels, Alphabetical",Office Supplies,Labels
2959,OFF-ROG-10002866,"Rogers Folders, Blue",Office Supplies,Storage
2960,OFF-BI-10000042,"Cardinal Index Tab, Clear",Office Supplies,Binders
2961,OFF-CUI-10002506,"Cuisinart Blender, White",Office Supplies,Appliances
2962,OFF-BIC-10001632,"BIC Pens, Easy-Erase",Office Supplies,Art
2963,OFF-BI-10003142,"Acco Binder Covers, Clear",Office Supplies,Binders
2964,TEC-AC-10002702,"Enermax Keyboard, Bluetooth",Technology,Accessories
2965,TEC-MA-10003927,"StarTech Inkjet, Wireless",Technology,Machines
2966,FUR-BO-10000502,"Sauder Classic Bookcase, Mobile",Furniture,Bookcases
2967,FUR-BO-10004547,"Bush Stackable Bookrack, Traditional",Furniture,Bookcases
2968,OFF-AR-10002458,"Stanley Canvas, Easy-Erase",Office Supplies,Art
2969,FUR-CH-10002372,Office Star - Ergonomically Designed Knee Chair,Furniture,Chairs
2970,OFF-AR-10000833,"Sanford Canvas, Easy-Erase",Office Supplies,Art
2971,OFF-BI-10002517,"Ibico Binder, Recycled",Office Supplies,Binders
2972,OFF-AP-10003079,"Cuisinart Coffee Grinder, Silver",Office Supplies,Appliances
2973,OFF-AR-10001329,"BIC Pens, Fluorescent",Office Supplies,Art
2974,OFF-AR-10003897,"Stanley Pencil Sharpener, Water Color",Office Supplies,Art
2975,OFF-ELD-10000967,"Eldon Folders, Industrial",Office Supplies,Storage
2976,OFF-EN-10002490,"Kraft Peel and Seal, with clear poly window",Office Supplies,Envelopes
2977,OFF-ACC-10002167,"Accos Paper Clips, Metal",Office Supplies,Fasteners
2978,OFF-BI-10002103,"Cardinal Slant-D Ring Binder, Heavy Gauge Vinyl",Office Supplies,Binders
2979,OFF-BOS-10000350,"Boston Pens, Blue",Office Supplies,Art
2980,TEC-MA-10002389,"StarTech Receipt Printer, White",Technology,Machines
2981,TEC-AC-10000499,"Memorex Memory Card, USB",Technology,Accessories
2982,FUR-TA-10004152,"Barricks 18"" x 48"" Non-Folding Utility Table with Bottom Storage Shelf",Furniture,Tables
2983,OFF-ADV-10000308,"Advantus Push Pins, 12 Pack",Office Supplies,Fasteners
2984,FUR-FU-10000350,"Rubbermaid Light Bulb, Duo Pack",Furniture,Furnishings
2985,OFF-HAM-10004917,"Hamilton Beach Stove, Red",Office Supplies,Appliances
2986,OFF-BI-10003694,"Avery 3 1/2"" Diskette Storage Pages, 10/Pack",Office Supplies,Binders
2987,OFF-BI-10001759,"Acco Pressboard Covers with Storage Hooks, 14 7/8"" x 11"", Dark Blue",Office Supplies,Binders
2988,OFF-BI-10002160,Acco Hanging Data Binders,Office Supplies,Binders
2989,TEC-AC-10003955,"Memorex Router, Erganomic",Technology,Accessories
2990,FUR-BO-10001196,"Bush Library with Doors, Pine",Furniture,Bookcases
2991,TEC-MOT-10000939,"Motorola Speaker Phone, Cordless",Technology,Phones
2992,TEC-CO-10001157,"Hewlett Personal Copier, Color",Technology,Copiers
2993,FUR-CH-10002024,HON 5400 Series Task Chairs for Big and Tall,Furniture,Chairs
2994,FUR-HAR-10002632,"Harbour Creations Chairmat, Adjustable",Furniture,Chairs
2995,OFF-ST-10001707,"Smead Shelving, Single Width",Office Supplies,Storage
2996,OFF-SU-10001879,"Acme Trimmer, High Speed",Office Supplies,Supplies
2997,OFF-ST-10003306,Letter Size Cart,Office Supplies,Storage
2998,FUR-FU-10000361,"Deflect-O Photo Frame, Erganomic",Furniture,Furnishings
2999,TEC-HEW-10002501,"Hewlett Fax Machine, Laser",Technology,Copiers
3000,OFF-EN-10002140,"Jiffy Business Envelopes, Recycled",Office Supplies,Envelopes
3001,OFF-PA-10000418,Xerox 189,Office Supplies,Paper
3002,OFF-BI-10002498,Clear Mylar Reinforcing Strips,Office Supplies,Binders
3003,OFF-SU-10003924,"Elite Trimmer, Steel",Office Supplies,Supplies
3004,FUR-FU-10003577,Nu-Dell Leatherette Frames,Furniture,Furnishings
3005,FUR-FU-10003420,"Deflect-O Door Stop, Durable",Furniture,Furnishings
3006,OFF-FA-10003819,"Advantus Paper Clips, Assorted Sizes",Office Supplies,Fasteners
3007,OFF-FA-10000411,"Accos Clamps, Assorted Sizes",Office Supplies,Fasteners
3008,TEC-SAN-10002254,"SanDisk Mouse, USB",Technology,Accessories
3009,OFF-PA-10004569,"Wirebound Message Books, Two 4 1/4"" x 5"" Forms per Page",Office Supplies,Paper
3010,TEC-AC-10000023,"Maxell 74 Minute CD-R Spindle, 50/Pack",Technology,Accessories
3011,OFF-PA-10002230,Xerox 1897,Office Supplies,Paper
3012,OFF-PA-10003971,Xerox 1965,Office Supplies,Paper
3013,OFF-BI-10001982,Wilson Jones Custom Binder Spines & Labels,Office Supplies,Binders
3014,FUR-FU-10003724,Westinghouse Clip-On Gooseneck Lamps,Furniture,Furnishings
3015,OFF-LA-10003848,"Avery File Folder Labels, 5000 Label Set",Office Supplies,Labels
3016,OFF-AR-10003481,Newell 348,Office Supplies,Art
3017,TEC-CO-10004904,"Sharp Fax Machine, Digital",Technology,Copiers
3018,OFF-HAM-10003663,"Hamilton Beach Stove, Black",Office Supplies,Appliances
3019,FUR-CH-10004997,Hon Every-Day Series Multi-Task Chairs,Furniture,Chairs
3020,TEC-AC-10001410,"Memorex Memory Card, Bluetooth",Technology,Accessories
3021,OFF-AR-10001053,"Boston Pencil Sharpener, Easy-Erase",Office Supplies,Art
3022,FUR-BO-10003463,"Ikea Stackable Bookrack, Metal",Furniture,Bookcases
3023,FUR-CH-10001215,Global Troy Executive Leather Low-Back Tilter,Furniture,Chairs
3024,TEC-CAN-10001981,"Canon Ink, High-Speed",Technology,Copiers
3025,OFF-PA-10003517,"Enermax Note Cards, Premium",Office Supplies,Paper
3026,FUR-BO-10000517,"Ikea Stackable Bookrack, Metal",Furniture,Bookcases
3027,TEC-PH-10004287,"Cisco Headset, Cordless",Technology,Phones
3028,TEC-PH-10001478,"Nokia Headset, Full Size",Technology,Phones
3029,FUR-FU-10002305,"Advantus Door Stop, Black",Furniture,Furnishings
3030,OFF-AR-10003633,"Binney & Smith Canvas, Easy-Erase",Office Supplies,Art
3031,OFF-AR-10002067,Newell 334,Office Supplies,Art
3032,OFF-EN-10003567,"Inter-Office Recycled Envelopes, Brown Kraft, Button-String,10"" x 13"" , 100/Box",Office Supplies,Envelopes
3033,OFF-STI-10000856,"Stiletto Shears, Easy Grip",Office Supplies,Supplies
3034,OFF-BIC-10002942,"BIC Highlighters, Easy-Erase",Office Supplies,Art
3035,OFF-FA-10002247,"OIC Paper Clips, Bulk Pack",Office Supplies,Fasteners
3036,OFF-BI-10000494,Acco Economy Flexible Poly Round Ring Binder,Office Supplies,Binders
3037,TEC-CO-10003523,"Brother Wireless Fax, High-Speed",Technology,Copiers
3038,OFF-ST-10003058,Eldon Mobile Mega Data Cart  Mega Stackable  Add-On Trays,Office Supplies,Storage
3039,TEC-AC-10002567,Logitech G602 Wireless Gaming Mouse,Technology,Accessories
3040,FUR-TA-10004767,Safco Drafting Table,Furniture,Tables
3041,FUR-FU-10001324,"Deflect-O Clock, Duo Pack",Furniture,Furnishings
3042,OFF-AR-10003190,Newell 32,Office Supplies,Art
3043,OFF-BI-10000280,"Ibico Hole Reinforcements, Economy",Office Supplies,Binders
3044,OFF-BI-10003999,"Avery Hole Reinforcements, Clear",Office Supplies,Binders
3045,OFF-AR-10002053,"Premium Writing Pencils, Soft, #2 by Central Association for the Blind",Office Supplies,Art
3046,OFF-BI-10000821,"Acco Hole Reinforcements, Durable",Office Supplies,Binders
3047,TEC-AC-10002076,Microsoft Natural Keyboard Elite,Technology,Accessories
3048,OFF-PA-10002464,"Green Bar Computer Printout Paper, Multicolor",Office Supplies,Paper
3049,OFF-BI-10003373,"Wilson Jones Binding Machine, Economy",Office Supplies,Binders
3050,TEC-AC-10001314,Case Logic 2.4GHz Wireless Keyboard,Technology,Accessories
3051,OFF-ST-10000423,"Rogers Trays, Blue",Office Supplies,Storage
3052,OFF-BI-10003468,"Wilson Jones Binder Covers, Durable",Office Supplies,Binders
3053,OFF-SU-10004664,Acme Softgrip Scissors,Office Supplies,Supplies
3054,TEC-AC-10002167,Imation 8gb Micro Traveldrive Usb 2.0 Flash Drive,Technology,Accessories
3055,TEC-PH-10002154,"Cisco Headset, Full Size",Technology,Phones
3056,OFF-FA-10003891,"Stockwell Push Pins, Metal",Office Supplies,Fasteners
3057,OFF-LA-10002469,"Harbour Creations Shipping Labels, Laser Printer Compatible",Office Supplies,Labels
3058,OFF-PA-10000960,"Xerox Parchment Paper, 8.5 x 11",Office Supplies,Paper
3059,OFF-SU-10004780,"Fiskars Box Cutter, Steel",Office Supplies,Supplies
3060,OFF-BI-10002712,"Acco Hole Reinforcements, Durable",Office Supplies,Binders
3061,OFF-AR-10000658,Newell 324,Office Supplies,Art
3062,OFF-BI-10003281,"Ibico Binder, Recycled",Office Supplies,Binders
3063,OFF-EN-10003885,"Ames Interoffice Envelope, Set of 50",Office Supplies,Envelopes
3064,OFF-BI-10004177,"Wilson Jones 3-Hole Punch, Durable",Office Supplies,Binders
3065,TEC-CO-10004535,"Hewlett Fax Machine, High-Speed",Technology,Copiers
3066,TEC-SAM-10004785,"Samsung Smart Phone, with Caller ID",Technology,Phones
3067,TEC-CAN-10002879,"Canon Copy Machine, High-Speed",Technology,Copiers
3068,OFF-SU-10000151,High Speed Automatic Electric Letter Opener,Office Supplies,Supplies
3069,OFF-FA-10002247,"Stockwell Rubber Bands, Metal",Office Supplies,Fasteners
3070,OFF-LA-10002465,"Hon Shipping Labels, 5000 Label Set",Office Supplies,Labels
3071,OFF-ST-10001228,"Fellowes Personal Hanging Folder Files, Navy",Office Supplies,Storage
3072,FUR-FU-10004351,Staples,Furniture,Furnishings
3073,OFF-LA-10004062,"Hon Removable Labels, 5000 Label Set",Office Supplies,Labels
3074,OFF-LA-10000370,"Hon Color Coded Labels, Laser Printer Compatible",Office Supplies,Labels
3075,OFF-CAM-10001761,"Cameo Clasp Envelope, Security-Tint",Office Supplies,Envelopes
3076,TEC-CO-10004831,"Brother Copy Machine, High-Speed",Technology,Copiers
3077,TEC-PH-10001363,Apple iPhone 5S,Technology,Phones
3078,FUR-CH-10003312,Hon 2090 Pillow Soft Series Mid Back Swivel/Tilt Chairs,Furniture,Chairs
3079,FUR-CH-10001658,"SAFCO Chairmat, Adjustable",Furniture,Chairs
3080,FUR-BUS-10000332,"Bush Library with Doors, Traditional",Furniture,Bookcases
3081,TEC-CO-10002057,"Sharp Copy Machine, Color",Technology,Copiers
3082,OFF-LA-10002762,Avery 485,Office Supplies,Labels
3083,TEC-AC-10002006,Memorex Micro Travel Drive 16 GB,Technology,Accessories
3084,OFF-PA-10001971,"Eaton Cards & Envelopes, Premium",Office Supplies,Paper
3085,FUR-FU-10004018,Tensor Computer Mounted Lamp,Furniture,Furnishings
3086,TEC-SAM-10003205,"Samsung Audio Dock, VoIP",Technology,Phones
3087,TEC-AC-10004814,Logitech Illuminated Ultrathin Keyboard with Backlighting,Technology,Accessories
3088,OFF-ST-10004804,"Belkin 19"" Vented Equipment Shelf, Black",Office Supplies,Storage
3089,TEC-AC-10003044,"Belkin Numeric Keypad, Erganomic",Technology,Accessories
3090,FUR-CH-10000553,"Metal Folding Chairs, Beige, 4/Carton",Furniture,Chairs
3091,TEC-SAN-10003793,"SanDisk Memory Card, Erganomic",Technology,Accessories
3092,OFF-SU-10003632,"Stiletto Ruler, High Speed",Office Supplies,Supplies
3093,FUR-FU-10000719,"DAX Cubicle Frames, 8-1/2 x 11",Furniture,Furnishings
3094,OFF-BI-10001524,GBC Premium Transparent Covers with Diagonal Lined Pattern,Office Supplies,Binders
3095,FUR-FU-10004666,DAX Clear Channel Poster Frame,Furniture,Furnishings
3096,OFF-BI-10001679,GBC Instant Index System for Binding Systems,Office Supplies,Binders
3097,OFF-GLO-10003650,"GlobeWeis Mailers, with clear poly window",Office Supplies,Envelopes
3098,OFF-AP-10003281,Acco 6 Outlet Guardian Standard Surge Suppressor,Office Supplies,Appliances
3099,FUR-BO-10001781,"Bush Library with Doors, Traditional",Furniture,Bookcases
3100,TEC-AC-10002842,WD My Passport Ultra 2TB Portable External Hard Drive,Technology,Accessories
3101,TEC-PH-10004221,"Samsung Speaker Phone, Cordless",Technology,Phones
3102,TEC-CO-10004998,"HP Fax and Copier, Digital",Technology,Copiers
3103,OFF-ST-10004482,"Rogers Shelving, Industrial",Office Supplies,Storage
3104,TEC-MA-10000170,"Okidata Receipt Printer, White",Technology,Machines
3105,TEC-CO-10000562,"HP Wireless Fax, Digital",Technology,Copiers
3106,TEC-AC-10000335,"Belkin Router, Programmable",Technology,Accessories
3107,OFF-AR-10003369,"Stanley Canvas, Blue",Office Supplies,Art
3108,TEC-PH-10003885,"Cisco Headset, with Caller ID",Technology,Phones
3109,TEC-AC-10002850,"Enermax Memory Card, Bluetooth",Technology,Accessories
3110,OFF-LA-10004709,"Avery Round Labels, Laser Printer Compatible",Office Supplies,Labels
3111,TEC-MA-10001447,"Konica Phone, Red",Technology,Machines
3112,OFF-ST-10004116,"Fellowes Shelving, Blue",Office Supplies,Storage
3113,OFF-PA-10002709,Xerox 1956,Office Supplies,Paper
3114,TEC-MA-10001267,"Epson Calculator, Red",Technology,Machines
3115,OFF-PA-10002944,"SanDisk Parchment Paper, Recycled",Office Supplies,Paper
3116,OFF-FA-10001530,"Accos Paper Clips, Assorted Sizes",Office Supplies,Fasteners
3117,OFF-BI-10000070,"Wilson Jones 3-Hole Punch, Clear",Office Supplies,Binders
3118,FUR-TA-10003929,"Hon Computer Table, Fully Assembled",Furniture,Tables
3119,FUR-CH-10004676,"Office Star Rocking Chair, Black",Furniture,Chairs
3120,OFF-EN-10003000,"Cameo Mailers, Recycled",Office Supplies,Envelopes
3121,FUR-FU-10003623,"DataProducts Ampli Magnifier Task Lamp, Black,",Furniture,Furnishings
3122,OFF-EN-10000781,"#10- 4 1/8"" x 9 1/2"" Recycled Envelopes",Office Supplies,Envelopes
3123,OFF-EN-10003332,"Jiffy Interoffice Envelope, Recycled",Office Supplies,Envelopes
3124,OFF-ST-10001229,"Fellowes Box, Single Width",Office Supplies,Storage
3125,FUR-BO-10000684,"Sauder Corner Shelving, Traditional",Furniture,Bookcases
3126,OFF-BI-10003098,"Ibico Binding Machine, Economy",Office Supplies,Binders
3127,OFF-SU-10001382,"Acme Trimmer, Serrated",Office Supplies,Supplies
3128,OFF-PA-10003416,"Green Bar Parchment Paper, Recycled",Office Supplies,Paper
3129,OFF-LA-10000108,"Harbour Creations Color Coded Labels, Laser Printer Compatible",Office Supplies,Labels
3130,OFF-FA-10000621,"OIC Colored Binder Clips, Assorted Sizes",Office Supplies,Fasteners
3131,FUR-CH-10001455,"Office Star Swivel Stool, Adjustable",Furniture,Chairs
3132,FUR-FU-10002019,"Eldon Photo Frame, Black",Furniture,Furnishings
3133,TEC-AC-10002255,"Memorex Keyboard, Erganomic",Technology,Accessories
3134,OFF-FA-10003931,"Stockwell Push Pins, 12 Pack",Office Supplies,Fasteners
3135,TEC-EPS-10004171,"Epson Calculator, Red",Technology,Machines
3136,OFF-AR-10001606,"BIC Highlighters, Fluorescent",Office Supplies,Art
3137,OFF-EN-10002556,"Ames Business Envelopes, Recycled",Office Supplies,Envelopes
3138,OFF-AP-10001931,"Cuisinart Stove, Red",Office Supplies,Appliances
3139,OFF-AP-10003500,"KitchenAid Microwave, White",Office Supplies,Appliances
3140,OFF-ST-10002650,"Fellowes Lockers, Wire Frame",Office Supplies,Storage
3141,FUR-BO-10002916,"Rush Hierlooms Collection 1"" Thick Stackable Bookcases",Furniture,Bookcases
3142,OFF-AR-10003962,"Binney & Smith Highlighters, Water Color",Office Supplies,Art
3143,TEC-OKI-10000794,"Okidata Calculator, White",Technology,Machines
3144,TEC-ENE-10003125,"Enermax Flash Drive, Programmable",Technology,Accessories
3145,OFF-BI-10001200,"Avery Binder, Durable",Office Supplies,Binders
3146,OFF-FA-10002175,"OIC Push Pins, Assorted Sizes",Office Supplies,Fasteners
3147,OFF-LA-10002088,"Novimex Round Labels, Laser Printer Compatible",Office Supplies,Labels
3148,FUR-FU-10004459,"Deflect-O Door Stop, Erganomic",Furniture,Furnishings
3149,FUR-FU-10002699,"Eldon Photo Frame, Erganomic",Furniture,Furnishings
3150,OFF-LA-10003210,"Novimex Color Coded Labels, 5000 Label Set",Office Supplies,Labels
3151,OFF-BI-10000329,"Acco Binder, Durable",Office Supplies,Binders
3152,TEC-CO-10000129,"Brother Fax and Copier, Color",Technology,Copiers
3153,TEC-MA-10000429,"Konica Card Printer, Red",Technology,Machines
3154,FUR-OFF-10002542,"Office Star Executive Leather Armchair, Adjustable",Furniture,Chairs
3155,FUR-SAF-10002180,"SAFCO Executive Leather Armchair, Red",Furniture,Chairs
3156,FUR-CH-10003440,"Harbour Creations Steel Folding Chair, Set of Two",Furniture,Chairs
3157,TEC-AC-10001486,"Belkin Flash Drive, Programmable",Technology,Accessories
3158,OFF-CUI-10000140,"Cuisinart Microwave, Silver",Office Supplies,Appliances
3159,OFF-HOO-10002715,"Hoover Coffee Grinder, White",Office Supplies,Appliances
3160,OFF-EN-10004173,"Ames Peel and Seal, Recycled",Office Supplies,Envelopes
3161,FUR-BO-10003086,"Safco Library with Doors, Traditional",Furniture,Bookcases
3162,OFF-STI-10002716,"Stiletto Box Cutter, Serrated",Office Supplies,Supplies
3163,OFF-CAR-10004661,"Cardinal Binding Machine, Recycled",Office Supplies,Binders
3164,TEC-AC-10003734,"Memorex Numeric Keypad, Erganomic",Technology,Accessories
3165,OFF-PA-10002377,Xerox 1916,Office Supplies,Paper
3166,OFF-ACM-10003510,"Acme Scissors, High Speed",Office Supplies,Supplies
3167,OFF-BI-10004506,Wilson Jones data.warehouse D-Ring Binders with DublLock,Office Supplies,Binders
3168,OFF-AVE-10004708,"Avery Binder, Recycled",Office Supplies,Binders
3169,OFF-AVE-10004570,"Avery Binder Covers, Economy",Office Supplies,Binders
3170,TEC-ENE-10000895,"Enermax Mouse, Bluetooth",Technology,Accessories
3171,OFF-LA-10000240,Self-Adhesive Address Labels for Typewriters by Universal,Office Supplies,Labels
3172,OFF-HAR-10001855,"Harbour Creations Round Labels, Alphabetical",Office Supplies,Labels
3173,OFF-STA-10002719,"Stanley Pencil Sharpener, Easy-Erase",Office Supplies,Art
3174,OFF-FA-10000992,"Acco Clips to Go Binder Clips, 24 Clips in Two Sizes",Office Supplies,Fasteners
3175,OFF-ST-10002011,Smead Adjustable Mobile File Trolley with Lockable Top,Office Supplies,Storage
3176,FUR-SAF-10001793,"SAFCO Executive Leather Armchair, Black",Furniture,Chairs
3177,TEC-SHA-10000971,"Sharp Fax Machine, Color",Technology,Copiers
3178,FUR-CH-10001270,"SAFCO Rocking Chair, Black",Furniture,Chairs
3179,OFF-SAN-10002323,"Sanford Sketch Pad, Fluorescent",Office Supplies,Art
3180,FUR-CH-10000110,"Hon Bag Chairs, Red",Furniture,Chairs
3181,OFF-XER-10002256,"Xerox Note Cards, Recycled",Office Supplies,Paper
3182,TEC-MA-10001831,"Konica Card Printer, Durable",Technology,Machines
3183,OFF-SU-10000866,"Elite Trimmer, Serrated",Office Supplies,Supplies
3184,OFF-SU-10004119,"Acme Trimmer, Steel",Office Supplies,Supplies
3185,TEC-AC-10004406,"Memorex Keyboard, USB",Technology,Accessories
3186,FUR-BUS-10004121,"Bush 3-Shelf Cabinet, Mobile",Furniture,Bookcases
3187,OFF-FA-10003007,"OIC Rubber Bands, Assorted Sizes",Office Supplies,Fasteners
3188,OFF-EN-10003661,"Cameo Clasp Envelope, Recycled",Office Supplies,Envelopes
3189,OFF-BIN-10000837,"Binney & Smith Markers, Easy-Erase",Office Supplies,Art
3190,OFF-EN-10003675,"GlobeWeis Interoffice Envelope, Recycled",Office Supplies,Envelopes
3191,OFF-AR-10000706,"Sanford Highlighters, Fluorescent",Office Supplies,Art
3192,OFF-LA-10001019,"Hon Legal Exhibit Labels, Laser Printer Compatible",Office Supplies,Labels
3193,OFF-EAT-10001137,"Eaton Parchment Paper, 8.5 x 11",Office Supplies,Paper
3194,TEC-AC-10003237,Memorex Micro Travel Drive 4 GB,Technology,Accessories
3195,OFF-ACC-10002327,"Accos Thumb Tacks, Metal",Office Supplies,Fasteners
3196,OFF-IBI-10000779,"Ibico Index Tab, Economy",Office Supplies,Binders
3197,FUR-TEN-10004549,"Tenex Light Bulb, Durable",Furniture,Furnishings
3198,FUR-BO-10001822,"Dania Library with Doors, Metal",Furniture,Bookcases
3199,OFF-HOO-10000445,"Hoover Refrigerator, Black",Office Supplies,Appliances
3200,OFF-AME-10001009,"Ames Interoffice Envelope, Set of 50",Office Supplies,Envelopes
3201,FUR-CH-10004095,"Novimex Steel Folding Chair, Black",Furniture,Chairs
3202,FUR-BO-10003185,"Ikea Floating Shelf Set, Metal",Furniture,Bookcases
3203,FUR-IKE-10003015,"Ikea Library with Doors, Mobile",Furniture,Bookcases
3204,FUR-TA-10004289,BoxOffice By Design Rectangular and Half-Moon Meeting Room Tables,Furniture,Tables
3205,OFF-SU-10002094,"Acme Letter Opener, Steel",Office Supplies,Supplies
3206,FUR-CH-10002335,"Hon Steel Folding Chair, Red",Furniture,Chairs
3207,FUR-CH-10001802,"Novimex Rocking Chair, Black",Furniture,Chairs
3208,FUR-CH-10002060,"SAFCO Rocking Chair, Adjustable",Furniture,Chairs
3209,TEC-PH-10003522,"Apple Headset, Full Size",Technology,Phones
3210,FUR-NOV-10000123,"Novimex Rocking Chair, Red",Furniture,Chairs
3211,OFF-PA-10001258,"Green Bar Cards & Envelopes, Multicolor",Office Supplies,Paper
3212,OFF-PA-10001289,White Computer Printout Paper by Universal,Office Supplies,Paper
3213,OFF-AR-10002486,"Sanford Pencil Sharpener, Water Color",Office Supplies,Art
3214,OFF-SU-10002537,Acme Box Cutter Scissors,Office Supplies,Supplies
3215,FUR-FU-10002829,"Deflect-O Clock, Black",Furniture,Furnishings
3216,OFF-EN-10000296,"Cameo Business Envelopes, Security-Tint",Office Supplies,Envelopes
3217,OFF-LA-10003503,"Smead Legal Exhibit Labels, Adjustable",Office Supplies,Labels
3218,OFF-PA-10001019,Xerox 1884,Office Supplies,Paper
3219,OFF-WIL-10002153,"Wilson Jones 3-Hole Punch, Clear",Office Supplies,Binders
3220,OFF-AR-10002564,"Boston Pens, Easy-Erase",Office Supplies,Art
3221,OFF-LA-10002851,"Hon Legal Exhibit Labels, 5000 Label Set",Office Supplies,Labels
3222,OFF-WIL-10001979,"Wilson Jones Binder Covers, Clear",Office Supplies,Binders
3223,OFF-AP-10003622,"Bravo II Megaboss 12-Amp Hard Body Upright, Replacement Belts, 2 Belts per Pack",Office Supplies,Appliances
3224,FUR-BO-10001934,"Bush Library with Doors, Metal",Furniture,Bookcases
3225,OFF-AP-10003590,Hoover WindTunnel Plus Canister Vacuum,Office Supplies,Appliances
3226,TEC-PH-10003325,"Samsung Speaker Phone, with Caller ID",Technology,Phones
3227,FUR-IKE-10004853,"Ikea Corner Shelving, Mobile",Furniture,Bookcases
3228,FUR-IKE-10003682,"Ikea Corner Shelving, Metal",Furniture,Bookcases
3229,OFF-PA-10000806,Xerox 1934,Office Supplies,Paper
3230,TEC-PH-10002310,Panasonic KX T7731-B Digital phone,Technology,Phones
3231,TEC-AC-10002473,Maxell 4.7GB DVD-R,Technology,Accessories
3232,TEC-PH-10003580,"Apple Speaker Phone, Full Size",Technology,Phones
3233,TEC-PAN-10004404,"Panasonic Calculator, Red",Technology,Machines
3234,TEC-NOK-10002716,"Nokia Audio Dock, with Caller ID",Technology,Phones
3235,TEC-MA-10001403,"Panasonic Calculator, White",Technology,Machines
3236,OFF-ST-10002164,"Rogers Lockers, Industrial",Office Supplies,Storage
3237,OFF-GLO-10000014,"GlobeWeis Manila Envelope, with clear poly window",Office Supplies,Envelopes
3238,OFF-FA-10003186,"Accos Push Pins, Bulk Pack",Office Supplies,Fasteners
3239,OFF-ST-10003204,"Tenex Trays, Industrial",Office Supplies,Storage
3240,OFF-AR-10001773,"Sanford Markers, Water Color",Office Supplies,Art
3241,OFF-ST-10002289,"Safco Wire Cube Shelving System, For Use as 4 or 5 14"" Cubes, Black",Office Supplies,Storage
3242,OFF-AP-10001271,Eureka The Boss Cordless Rechargeable Stick Vac,Office Supplies,Appliances
3243,OFF-XER-10004012,"Xerox Note Cards, Premium",Office Supplies,Paper
3244,FUR-DAN-10003334,"Dania 3-Shelf Cabinet, Traditional",Furniture,Bookcases
3245,TEC-CAN-10002337,"Canon Ink, Color",Technology,Copiers
3246,OFF-SU-10003629,"Fiskars Ruler, Steel",Office Supplies,Supplies
3247,FUR-CH-10001756,"Novimex Bag Chairs, Adjustable",Furniture,Chairs
3248,OFF-SME-10001761,"Smead Shelving, Industrial",Office Supplies,Storage
3249,OFF-LA-10001038,"Smead Legal Exhibit Labels, Laser Printer Compatible",Office Supplies,Labels
3250,OFF-EN-10000127,"Ames Clasp Envelope, with clear poly window",Office Supplies,Envelopes
3251,OFF-IBI-10000959,"Ibico Binding Machine, Recycled",Office Supplies,Binders
3252,OFF-LA-10003141,"Hon Shipping Labels, Laser Printer Compatible",Office Supplies,Labels
3253,OFF-EN-10003850,"GlobeWeis Clasp Envelope, Security-Tint",Office Supplies,Envelopes
3254,OFF-AR-10000896,Newell 329,Office Supplies,Art
3255,FUR-CH-10002335,Hon GuestStacker Chair,Furniture,Chairs
3256,FUR-CH-10004606,"Hon Rocking Chair, Red",Furniture,Chairs
3257,TEC-CO-10001893,"HP Wireless Fax, Color",Technology,Copiers
3258,OFF-PA-10000871,"Enermax Cards & Envelopes, Recycled",Office Supplies,Paper
3259,TEC-HP -10004012,"HP Personal Copier, Digital",Technology,Copiers
3260,FUR-TA-10001307,"SAFCO PlanMaster Heigh-Adjustable Drafting Table Base, 43w x 30d x 30-37h, Black",Furniture,Tables
3261,TEC-PH-10002468,"Plantronics CS 50-USB - headset - Convertible, Monaural",Technology,Phones
3262,FUR-CH-10003817,"Global Value Steno Chair, Gray",Furniture,Chairs
3263,FUR-FU-10001175,"Advantus Door Stop, Durable",Furniture,Furnishings
3264,TEC-AC-10001611,"Memorex Numeric Keypad, Bluetooth",Technology,Accessories
3265,OFF-BIC-10004826,"BIC Canvas, Easy-Erase",Office Supplies,Art
3266,OFF-AR-10004602,Boston KS Multi-Size Manual Pencil Sharpener,Office Supplies,Art
3267,OFF-BI-10003018,"Avery Binder, Clear",Office Supplies,Binders
3268,OFF-PA-10000781,"Eaton Message Books, 8.5 x 11",Office Supplies,Paper
3269,OFF-CAM-10002611,"Cameo Interoffice Envelope, Recycled",Office Supplies,Envelopes
3270,OFF-PA-10000659,"Adams Phone Message Book, Professional, 400 Message Capacity, 5 3/6 x 11",Office Supplies,Paper
3271,OFF-AR-10004165,"Binney & Smith inkTank Erasable Pocket Highlighter, Chisel Tip, Yellow",Office Supplies,Art
3272,OFF-FA-10000010,"OIC Staples, Metal",Office Supplies,Fasteners
3273,OFF-NOV-10004585,"Novimex Legal Exhibit Labels, Laser Printer Compatible",Office Supplies,Labels
3274,OFF-LA-10004799,"Hon Shipping Labels, Adjustable",Office Supplies,Labels
3275,TEC-AC-10004510,Logitech Desktop MK120 Mouse and keyboard Combo,Technology,Accessories
3276,OFF-NOV-10000721,"Novimex File Folder Labels, Laser Printer Compatible",Office Supplies,Labels
3277,TEC-AC-10004571,Logitech G700s Rechargeable Gaming Mouse,Technology,Accessories
3278,TEC-AC-10000376,"Memorex Router, Bluetooth",Technology,Accessories
3279,OFF-ST-10002175,"Fellowes Lockers, Single Width",Office Supplies,Storage
3280,OFF-FA-10000089,"OIC Rubber Bands, Assorted Sizes",Office Supplies,Fasteners
3281,FUR-TEN-10003879,"Tenex Light Bulb, Black",Furniture,Furnishings
3282,OFF-AR-10000614,"Sanford Markers, Blue",Office Supplies,Art
3283,OFF-LA-10000236,"Avery Color Coded Labels, Laser Printer Compatible",Office Supplies,Labels
3284,FUR-FU-10001760,"Tenex Light Bulb, Black",Furniture,Furnishings
3285,TEC-CO-10004115,Sharp AL-1530CS Digital Copier,Technology,Copiers
3286,TEC-CO-10001571,Sharp 1540cs Digital Laser Copier,Technology,Copiers
3287,TEC-PH-10002398,AT&T 1070 Corded Phone,Technology,Phones
3288,OFF-ST-10000532,Advantus Rolling Drawer Organizers,Office Supplies,Storage
3289,TEC-MA-10000687,"Konica Calculator, Red",Technology,Machines
3290,FUR-FU-10000889,"Rubbermaid Clock, Black",Furniture,Furnishings
3291,OFF-AP-10002495,"Acco Smartsocket Table Surge Protector, 6 Color-Coded Adapter Outlets",Office Supplies,Appliances
3292,FUR-BO-10000468,O'Sullivan 2-Shelf Heavy-Duty Bookcases,Furniture,Bookcases
3293,OFF-EN-10004418,"GlobeWeis Clasp Envelope, Recycled",Office Supplies,Envelopes
3294,OFF-PA-10001006,"Eaton Message Books, Recycled",Office Supplies,Paper
3295,FUR-FU-10001979,Dana Halogen Swing-Arm Architect Lamp,Furniture,Furnishings
3296,FUR-FU-10001602,"Eldon Delta Triangular Chair Mat, 52"" x 58"", Clear",Furniture,Furnishings
3297,OFF-LA-10003283,"Hon File Folder Labels, 5000 Label Set",Office Supplies,Labels
3298,OFF-AP-10004708,Fellowes Superior 10 Outlet Split Surge Protector,Office Supplies,Appliances
3299,TEC-AC-10001767,SanDisk Ultra 64 GB MicroSDHC Class 10 Memory Card,Technology,Accessories
3300,OFF-EN-10002500,Globe Weis Peel & Seel First Class Envelopes,Office Supplies,Envelopes
3301,FUR-FU-10002088,Nu-Dell Float Frame 11 x 14 1/2,Furniture,Furnishings
3302,OFF-AME-10002081,"Ames Peel and Seal, Security-Tint",Office Supplies,Envelopes
3303,OFF-BI-10000373,"Ibico Hole Reinforcements, Economy",Office Supplies,Binders
3304,OFF-BI-10000439,"Acco Hole Reinforcements, Economy",Office Supplies,Binders
3305,OFF-SAN-10000844,"SanDisk Parchment Paper, Recycled",Office Supplies,Paper
3306,OFF-BI-10003724,"Cardinal Index Tab, Economy",Office Supplies,Binders
3307,FUR-ELD-10000038,"Eldon Photo Frame, Erganomic",Furniture,Furnishings
3308,OFF-AVE-10000909,"Avery Shipping Labels, Laser Printer Compatible",Office Supplies,Labels
3309,TEC-CO-10001633,"Sharp Fax Machine, High-Speed",Technology,Copiers
3310,TEC-PH-10004196,"Samsung Smart Phone, Cordless",Technology,Phones
3311,OFF-AP-10000663,"Hoover Stove, Red",Office Supplies,Appliances
3312,TEC-CO-10001472,"Sharp Copy Machine, Laser",Technology,Copiers
3313,OFF-BI-10004600,Ibico Ibimaster 300 Manual Binding System,Office Supplies,Binders
3314,TEC-PH-10001530,Cisco Unified IP Phone 7945G VoIP phone,Technology,Phones
3315,FUR-HON-10001851,"Hon Executive Leather Armchair, Black",Furniture,Chairs
3316,FUR-BO-10004560,"Bush Floating Shelf Set, Mobile",Furniture,Bookcases
3317,TEC-PH-10002255,"Apple Audio Dock, Full Size",Technology,Phones
3318,OFF-AR-10002805,"Boston Sketch Pad, Blue",Office Supplies,Art
3319,OFF-AP-10001905,"KitchenAid Toaster, White",Office Supplies,Appliances
3320,OFF-EN-10003177,"Kraft Interoffice Envelope, Recycled",Office Supplies,Envelopes
3321,FUR-FU-10004960,"Deflect-O Photo Frame, Duo Pack",Furniture,Furnishings
3322,TEC-PH-10000038,Jawbone MINI JAMBOX Wireless Bluetooth Speaker,Technology,Phones
3323,OFF-PA-10003956,"SanDisk Parchment Paper, Recycled",Office Supplies,Paper
3324,OFF-AME-10002956,"Ames Business Envelopes, Security-Tint",Office Supplies,Envelopes
3325,FUR-FU-10004462,"Advantus Stacking Tray, Black",Furniture,Furnishings
3326,FUR-FU-10004604,"Deflect-O Clock, Erganomic",Furniture,Furnishings
3327,OFF-ROG-10001340,"Rogers File Cart, Industrial",Office Supplies,Storage
3328,OFF-SME-10002250,"Smead File Folder Labels, Alphabetical",Office Supplies,Labels
3329,OFF-PA-10001937,Xerox 21,Office Supplies,Paper
3330,OFF-LA-10004148,"Smead File Folder Labels, 5000 Label Set",Office Supplies,Labels
3331,OFF-PA-10001667,Great White Multi-Use Recycled Paper (20Lb. and 84 Bright),Office Supplies,Paper
3332,OFF-BI-10003320,"Cardinal Hole Reinforcements, Recycled",Office Supplies,Binders
3333,OFF-LA-10000262,Avery 494,Office Supplies,Labels
3334,OFF-FA-10004838,"Super Bands, 12/Pack",Office Supplies,Fasteners
3335,OFF-AME-10002923,"Ames Clasp Envelope, Set of 50",Office Supplies,Envelopes
3336,TEC-PH-10002759,"Cisco Smart Phone, Cordless",Technology,Phones
3337,TEC-APP-10002966,"Apple Smart Phone, Full Size",Technology,Phones
3338,TEC-AC-10003469,"SanDisk Router, USB",Technology,Accessories
3339,OFF-SU-10004980,"Acme Trimmer, Steel",Office Supplies,Supplies
3340,OFF-AP-10002229,"KitchenAid Coffee Grinder, Red",Office Supplies,Appliances
3341,OFF-ST-10002343,"Smead Trays, Blue",Office Supplies,Storage
3342,TEC-NOK-10004278,"Nokia Signal Booster, Full Size",Technology,Phones
3343,TEC-MEM-10000649,"Memorex Numeric Keypad, Bluetooth",Technology,Accessories
3344,OFF-LA-10003379,"Smead Color Coded Labels, Laser Printer Compatible",Office Supplies,Labels
3345,OFF-ACC-10001028,"Accos Push Pins, Metal",Office Supplies,Fasteners
3346,OFF-AR-10003794,"Boston Pencil Sharpener, Water Color",Office Supplies,Art
3347,OFF-JIF-10000165,"Jiffy Business Envelopes, Recycled",Office Supplies,Envelopes
3348,TEC-HEW-10003829,"Hewlett Wireless Fax, High-Speed",Technology,Copiers
3349,TEC-CO-10000794,"Hewlett Wireless Fax, High-Speed",Technology,Copiers
3350,OFF-AR-10003066,"Sanford Markers, Water Color",Office Supplies,Art
3351,OFF-BI-10000341,"Ibico Binding Machine, Recycled",Office Supplies,Binders
3352,TEC-APP-10003588,"Apple Signal Booster, with Caller ID",Technology,Phones
3353,OFF-ST-10004459,Tennsco Single-Tier Lockers,Office Supplies,Storage
3354,FUR-CH-10002224,"Hon Rocking Chair, Set of Two",Furniture,Chairs
3355,OFF-PA-10004498,"Enermax Memo Slips, Multicolor",Office Supplies,Paper
3356,TEC-MA-10000776,"Okidata Calculator, Wireless",Technology,Machines
3357,TEC-AC-10001055,"Enermax Numeric Keypad, Bluetooth",Technology,Accessories
3358,OFF-SU-10004814,"Fiskars Shears, High Speed",Office Supplies,Supplies
3359,OFF-ST-10003956,"Rogers Trays, Single Width",Office Supplies,Storage
3360,OFF-AR-10003658,"Boston Markers, Water Color",Office Supplies,Art
3361,OFF-HON-10000934,"Hon Legal Exhibit Labels, Laser Printer Compatible",Office Supplies,Labels
3362,TEC-MA-10003326,"StarTech Calculator, Durable",Technology,Machines
3363,OFF-FA-10004854,"Vinyl Coated Wire Paper Clips in Organizer Box, 800/Box",Office Supplies,Fasteners
3364,OFF-AR-10003903,Sanford 52201 APSCO Electric Pencil Sharpener,Office Supplies,Art
3365,OFF-EN-10003559,"Jiffy Clasp Envelope, with clear poly window",Office Supplies,Envelopes
3366,FUR-FU-10003691,"Eldon Image Series Desk Accessories, Ebony",Furniture,Furnishings
3367,OFF-LA-10004114,"Avery File Folder Labels, Alphabetical",Office Supplies,Labels
3368,TEC-CO-10000666,"Hewlett Copy Machine, Laser",Technology,Copiers
3369,TEC-CO-10001501,"Canon Fax and Copier, Laser",Technology,Copiers
3370,TEC-PH-10003691,BlackBerry Q10,Technology,Phones
3371,TEC-MA-10002931,"Konica Receipt Printer, Red",Technology,Machines
3372,TEC-AC-10000284,"Belkin Flash Drive, Bluetooth",Technology,Accessories
3373,OFF-GRE-10004604,"Green Bar Cards & Envelopes, 8.5 x 11",Office Supplies,Paper
3374,OFF-BI-10002854,"Performers Binder/Pad Holder, Black",Office Supplies,Binders
3375,OFF-AP-10002403,Acco Smartsocket Color-Coded Six-Outlet AC Adapter Model Surge Protectors,Office Supplies,Appliances
3376,OFF-AR-10001002,"BIC Sketch Pad, Fluorescent",Office Supplies,Art
3377,OFF-PA-10002966,"SanDisk Cards & Envelopes, Recycled",Office Supplies,Paper
3378,OFF-AR-10002116,"BIC Pens, Fluorescent",Office Supplies,Art
3379,OFF-GRE-10004796,"Green Bar Computer Printout Paper, Multicolor",Office Supplies,Paper
3380,FUR-BO-10004914,"Bush 3-Shelf Cabinet, Traditional",Furniture,Bookcases
3381,OFF-KLE-10001699,"Kleencut Letter Opener, Easy Grip",Office Supplies,Supplies
3382,TEC-PAN-10002756,"Panasonic Card Printer, White",Technology,Machines
3383,FUR-FU-10002525,"Deflect-O Door Stop, Erganomic",Furniture,Furnishings
3384,OFF-KLE-10000050,"Kleencut Trimmer, High Speed",Office Supplies,Supplies
3385,OFF-ST-10004550,"Fellowes Folders, Wire Frame",Office Supplies,Storage
3386,OFF-AR-10004344,Bulldog Vacuum Base Pencil Sharpener,Office Supplies,Art
3387,OFF-STO-10004363,"Stockwell Paper Clips, Bulk Pack",Office Supplies,Fasteners
3388,TEC-AC-10003776,"Belkin Flash Drive, Programmable",Technology,Accessories
3389,TEC-MA-10002471,"Epson Phone, Durable",Technology,Machines
3390,OFF-BI-10000138,Acco Translucent Poly Ring Binders,Office Supplies,Binders
3391,OFF-EN-10003737,"Cameo Interoffice Envelope, Set of 50",Office Supplies,Envelopes
3392,OFF-PA-10000295,Xerox 229,Office Supplies,Paper
3393,OFF-STO-10004910,"Stockwell Clamps, 12 Pack",Office Supplies,Fasteners
3394,OFF-FA-10004527,"Advantus Thumb Tacks, Bulk Pack",Office Supplies,Fasteners
3395,OFF-SU-10000432,Acco Side-Punched Conventional Columnar Pads,Office Supplies,Supplies
3396,FUR-CH-10003097,"Hon Rocking Chair, Black",Furniture,Chairs
3397,OFF-BI-10002562,"Ibico Binding Machine, Durable",Office Supplies,Binders
3398,TEC-CIS-10000436,"Cisco Speaker Phone, with Caller ID",Technology,Phones
3399,OFF-AR-10002747,"Boston Canvas, Fluorescent",Office Supplies,Art
3400,OFF-ST-10001214,"Smead Box, Industrial",Office Supplies,Storage
3401,OFF-STO-10000007,"Stockwell Staples, Bulk Pack",Office Supplies,Fasteners
3402,FUR-CH-10001237,"Hon Swivel Stool, Black",Furniture,Chairs
3403,FUR-CH-10000430,"SAFCO Swivel Stool, Red",Furniture,Chairs
3404,TEC-AC-10000863,"Enermax Numeric Keypad, Erganomic",Technology,Accessories
3405,TEC-PH-10003572,"Apple Office Telephone, VoIP",Technology,Phones
3406,OFF-ST-10004489,"Smead Lockers, Single Width",Office Supplies,Storage
3407,TEC-AC-10002086,"SanDisk Keyboard, Erganomic",Technology,Accessories
3408,OFF-AP-10003287,Tripp Lite TLP810NET Broadband Surge for Modem/Fax,Office Supplies,Appliances
3409,FUR-CH-10003833,Novimex Fabric Task Chair,Furniture,Chairs
3410,TEC-HP -10002095,"HP Copy Machine, Color",Technology,Copiers
3411,OFF-EN-10003537,"GlobeWeis Manila Envelope, Set of 50",Office Supplies,Envelopes
3412,OFF-PA-10000312,Xerox 1955,Office Supplies,Paper
3413,FUR-BO-10003631,"Safco Stackable Bookrack, Mobile",Furniture,Bookcases
3414,FUR-TA-10004249,"Lesro Wood Table, Fully Assembled",Furniture,Tables
3415,OFF-BI-10001989,Premium Transparent Presentation Covers by GBC,Office Supplies,Binders
3416,OFF-PA-10000167,Xerox 1925,Office Supplies,Paper
3417,OFF-PA-10002461,"Eaton Parchment Paper, Multicolor",Office Supplies,Paper
3418,OFF-ADV-10002299,"Advantus Rubber Bands, 12 Pack",Office Supplies,Fasteners
3419,OFF-FIS-10002949,"Fiskars Ruler, High Speed",Office Supplies,Supplies
3420,OFF-EN-10004649,"Ames Mailers, Recycled",Office Supplies,Envelopes
3421,OFF-SU-10002346,"Elite Ruler, High Speed",Office Supplies,Supplies
3422,OFF-BI-10002309,Avery Heavy-Duty EZD  Binder With Locking Rings,Office Supplies,Binders
3423,OFF-WIL-10002787,"Wilson Jones Binder, Recycled",Office Supplies,Binders
3424,OFF-SU-10002032,"Fiskars Ruler, Steel",Office Supplies,Supplies
3425,TEC-PH-10001396,"Nokia Smart Phone, Cordless",Technology,Phones
3426,TEC-CO-10002269,"Brother Ink, Color",Technology,Copiers
3427,FUR-CH-10000788,"Hon Rocking Chair, Adjustable",Furniture,Chairs
3428,TEC-PH-10002572,"Nokia Audio Dock, Cordless",Technology,Phones
3429,OFF-ST-10001478,"Tenex File Cart, Single Width",Office Supplies,Storage
3430,OFF-TEN-10003089,"Tenex File Cart, Blue",Office Supplies,Storage
3431,TEC-AC-10001106,"Belkin Numeric Keypad, Erganomic",Technology,Accessories
3432,FUR-FU-10000295,"Advantus Light Bulb, Durable",Furniture,Furnishings
3433,FUR-BO-10002235,"Bush 3-Shelf Cabinet, Pine",Furniture,Bookcases
3434,OFF-LA-10003435,"Harbour Creations File Folder Labels, Laser Printer Compatible",Office Supplies,Labels
3435,TEC-PH-10001846,"Nokia Audio Dock, Cordless",Technology,Phones
3436,FUR-ELD-10003843,"Eldon Photo Frame, Black",Furniture,Furnishings
3437,OFF-FA-10004754,"Advantus Rubber Bands, 12 Pack",Office Supplies,Fasteners
3438,OFF-STO-10004495,"Stockwell Thumb Tacks, Bulk Pack",Office Supplies,Fasteners
3439,OFF-ELD-10003918,"Eldon Folders, Wire Frame",Office Supplies,Storage
3440,FUR-HAR-10004086,"Harbour Creations Steel Folding Chair, Black",Furniture,Chairs
3441,FUR-DAN-10004510,"Dania Library with Doors, Metal",Furniture,Bookcases
3442,FUR-FU-10002655,"Deflect-O Door Stop, Black",Furniture,Furnishings
3443,TEC-AC-10000844,Logitech Gaming G510s - Keyboard,Technology,Accessories
3444,TEC-CO-10000786,"Canon Fax Machine, Color",Technology,Copiers
3445,OFF-PA-10001370,"SanDisk Parchment Paper, 8.5 x 11",Office Supplies,Paper
3446,TEC-KON-10002482,"Konica Phone, Red",Technology,Machines
3447,OFF-ELI-10001176,"Elite Box Cutter, Easy Grip",Office Supplies,Supplies
3448,OFF-EN-10002081,"Jiffy Mailers, Set of 50",Office Supplies,Envelopes
3449,OFF-AR-10001495,"BIC Sketch Pad, Blue",Office Supplies,Art
3450,OFF-ELD-10000819,"Eldon Trays, Industrial",Office Supplies,Storage
3451,TEC-AC-10001639,"Belkin Flash Drive, Erganomic",Technology,Accessories
3452,OFF-PA-10000595,Xerox 1929,Office Supplies,Paper
3453,OFF-EN-10001789,"Kraft Peel and Seal, Set of 50",Office Supplies,Envelopes
3454,OFF-CUI-10001060,"Cuisinart Toaster, Red",Office Supplies,Appliances
3455,OFF-BI-10002799,"Acco Binder Covers, Recycled",Office Supplies,Binders
3456,OFF-PA-10001639,Xerox 203,Office Supplies,Paper
3457,OFF-GRE-10001774,"Green Bar Note Cards, Premium",Office Supplies,Paper
3458,OFF-BIN-10004563,"Binney & Smith Pencil Sharpener, Easy-Erase",Office Supplies,Art
3459,OFF-ROG-10002682,"Rogers Box, Industrial",Office Supplies,Storage
3460,OFF-FA-10002676,Colored Push Pins,Office Supplies,Fasteners
3461,TEC-CO-10000534,"Sharp Copy Machine, Color",Technology,Copiers
3462,OFF-AP-10001274,"Hoover Microwave, Black",Office Supplies,Appliances
3463,OFF-ST-10004577,"Fellowes Lockers, Industrial",Office Supplies,Storage
3464,TEC-CO-10003608,"Canon Fax Machine, Color",Technology,Copiers
3465,TEC-PH-10002456,"Cisco Speaker Phone, Cordless",Technology,Phones
3466,OFF-AP-10003298,"KitchenAid Coffee Grinder, Black",Office Supplies,Appliances
3467,TEC-AC-10003034,"Belkin Keyboard, Erganomic",Technology,Accessories
3468,OFF-EN-10003729,"Kraft Manila Envelope, Recycled",Office Supplies,Envelopes
3469,TEC-MA-10003975,"Epson Phone, Wireless",Technology,Machines
3470,OFF-BI-10002354,"Acco Binder, Clear",Office Supplies,Binders
3471,OFF-PA-10000731,"Enermax Parchment Paper, 8.5 x 11",Office Supplies,Paper
3472,OFF-BI-10001422,"Cardinal 3-Hole Punch, Clear",Office Supplies,Binders
3473,OFF-FA-10001727,"Advantus Thumb Tacks, Assorted Sizes",Office Supplies,Fasteners
3474,OFF-FA-10002728,"Advantus Paper Clips, Assorted Sizes",Office Supplies,Fasteners
3475,OFF-EN-10003733,"Cameo Interoffice Envelope, Security-Tint",Office Supplies,Envelopes
3476,OFF-AVE-10000585,"Avery Legal Exhibit Labels, Adjustable",Office Supplies,Labels
3477,OFF-KRA-10002752,"Kraft Clasp Envelope, Recycled",Office Supplies,Envelopes
3478,OFF-ACC-10004538,"Acco Binder Covers, Recycled",Office Supplies,Binders
3479,FUR-BO-10003029,"Sauder Library with Doors, Traditional",Furniture,Bookcases
3480,TEC-PH-10001428,"Motorola Headset, VoIP",Technology,Phones
3481,FUR-BO-10004113,"Sauder Classic Bookcase, Pine",Furniture,Bookcases
3482,OFF-AP-10001018,"Cuisinart Refrigerator, White",Office Supplies,Appliances
3483,OFF-EN-10000645,"Ames Mailers, Recycled",Office Supplies,Envelopes
3484,TEC-AC-10003407,"Memorex Mouse, Erganomic",Technology,Accessories
3485,OFF-BI-10001639,"Acco Binder, Economy",Office Supplies,Binders
3486,OFF-BI-10001718,GBC DocuBind P50 Personal Binding Machine,Office Supplies,Binders
3487,OFF-BI-10000632,Satellite Sectional Post Binders,Office Supplies,Binders
3488,FUR-CH-10003846,"Office Star Swivel Stool, Set of Two",Furniture,Chairs
3489,OFF-IBI-10003541,"Ibico Binding Machine, Economy",Office Supplies,Binders
3490,FUR-RUB-10001796,"Rubbermaid Light Bulb, Erganomic",Furniture,Furnishings
3491,OFF-PA-10002373,"Enermax Parchment Paper, Premium",Office Supplies,Paper
3492,OFF-SU-10004768,Acme Kleencut Forged Steel Scissors,Office Supplies,Supplies
3493,OFF-LA-10000897,"Avery Round Labels, Laser Printer Compatible",Office Supplies,Labels
3494,OFF-FA-10004924,"Stockwell Paper Clips, Assorted Sizes",Office Supplies,Fasteners
3495,OFF-AR-10004930,Turquoise Lead Holder with Pocket Clip,Office Supplies,Art
3496,OFF-EN-10003391,"Jiffy Manila Envelope, Set of 50",Office Supplies,Envelopes
3497,FUR-BO-10004670,"Dania Library with Doors, Mobile",Furniture,Bookcases
3498,OFF-BI-10001359,GBC DocuBind TL300 Electric Binding System,Office Supplies,Binders
3499,OFF-ST-10004583,"Eldon Shelving, Single Width",Office Supplies,Storage
3500,OFF-FIS-10003463,"Fiskars Letter Opener, Easy Grip",Office Supplies,Supplies
3501,OFF-ACC-10004713,"Accos Staples, Assorted Sizes",Office Supplies,Fasteners
3502,OFF-FIS-10000628,"Fiskars Ruler, Easy Grip",Office Supplies,Supplies
3503,OFF-EN-10004909,"GlobeWeis Peel and Seal, Recycled",Office Supplies,Envelopes
3504,OFF-PA-10000246,Riverleaf Stik-Withit Designer Note Cubes,Office Supplies,Paper
3505,OFF-FA-10004186,"Advantus Thumb Tacks, Bulk Pack",Office Supplies,Fasteners
3506,FUR-BO-10000936,"Bush Floating Shelf Set, Traditional",Furniture,Bookcases
3507,OFF-AR-10000953,"Stanley Pencil Sharpener, Easy-Erase",Office Supplies,Art
3508,OFF-ST-10000520,"Eldon Folders, Blue",Office Supplies,Storage
3509,FUR-FU-10003862,"Advantus Photo Frame, Black",Furniture,Furnishings
3510,TEC-PH-10002491,"Samsung Office Telephone, Cordless",Technology,Phones
3511,FUR-FU-10000907,"Eldon Clock, Duo Pack",Furniture,Furnishings
3512,FUR-CH-10004600,"Harbour Creations Chairmat, Red",Furniture,Chairs
3513,OFF-ST-10001638,"Tenex File Cart, Single Width",Office Supplies,Storage
3514,OFF-ST-10001195,"Smead Box, Wire Frame",Office Supplies,Storage
3515,OFF-LA-10000519,"Novimex File Folder Labels, Laser Printer Compatible",Office Supplies,Labels
3516,TEC-CO-10001001,"HP Fax Machine, Digital",Technology,Copiers
3517,OFF-AP-10000263,"KitchenAid Microwave, Silver",Office Supplies,Appliances
3518,TEC-MA-10003730,"StarTech Card Printer, White",Technology,Machines
3519,TEC-PH-10001427,"Motorola Headset, Full Size",Technology,Phones
3520,TEC-MA-10004424,"Panasonic Phone, Durable",Technology,Machines
3521,TEC-AC-10004379,"Memorex Flash Drive, Bluetooth",Technology,Accessories
3522,OFF-BI-10001504,"Avery Binding Machine, Durable",Office Supplies,Binders
3523,OFF-FA-10000700,"OIC Thumb Tacks, 12 Pack",Office Supplies,Fasteners
3524,OFF-LA-10004181,"Novimex File Folder Labels, Adjustable",Office Supplies,Labels
3525,OFF-FA-10002177,"OIC Clamps, Metal",Office Supplies,Fasteners
3526,OFF-SU-10003936,Acme Serrated Blade Letter Opener,Office Supplies,Supplies
3527,OFF-AR-10002804,Faber Castell Col-Erase Pencils,Office Supplies,Art
3528,OFF-PA-10001846,Xerox 1899,Office Supplies,Paper
3529,TEC-MOT-10001342,"Motorola Signal Booster, VoIP",Technology,Phones
3530,FUR-BO-10001867,"Dania Corner Shelving, Mobile",Furniture,Bookcases
3531,OFF-PA-10001125,Xerox 1988,Office Supplies,Paper
3532,TEC-PH-10000149,Cisco SPA525G2 IP Phone - Wireless,Technology,Phones
3533,FUR-CH-10004584,"Office Star Steel Folding Chair, Set of Two",Furniture,Chairs
3534,FUR-CH-10003123,"Hon Chairmat, Black",Furniture,Chairs
3535,OFF-PA-10004530,Personal Creations Ink Jet Cards and Labels,Office Supplies,Paper
3536,TEC-PH-10002419,"Motorola Headset, Cordless",Technology,Phones
3537,OFF-PA-10003936,Xerox 1994,Office Supplies,Paper
3538,OFF-SU-10001535,"Elite Box Cutter, High Speed",Office Supplies,Supplies
3539,OFF-PA-10000019,Xerox 1931,Office Supplies,Paper
3540,OFF-STI-10004202,"Stiletto Scissors, Steel",Office Supplies,Supplies
3541,TEC-AC-10000221,"Belkin Memory Card, Programmable",Technology,Accessories
3542,OFF-PA-10001934,Xerox 1993,Office Supplies,Paper
3543,OFF-PA-10001837,Xerox 1976,Office Supplies,Paper
3544,OFF-LA-10003381,"Harbour Creations Color Coded Labels, Alphabetical",Office Supplies,Labels
3545,OFF-SU-10004661,Acme Titanium Bonded Scissors,Office Supplies,Supplies
3546,OFF-HAR-10001310,"Harbour Creations File Folder Labels, 5000 Label Set",Office Supplies,Labels
3547,FUR-FU-10003274,Regeneration Desk Collection,Furniture,Furnishings
3548,TEC-MA-10000374,"Konica Receipt Printer, Red",Technology,Machines
3549,TEC-APP-10004657,"Apple Smart Phone, Cordless",Technology,Phones
3550,FUR-CH-10003365,"Office Star Executive Leather Armchair, Adjustable",Furniture,Chairs
3551,TEC-CO-10000422,"Brother Personal Copier, Digital",Technology,Copiers
3552,FUR-BO-10004162,"Ikea Floating Shelf Set, Pine",Furniture,Bookcases
3553,TEC-PH-10004297,"Motorola Speaker Phone, Full Size",Technology,Phones
3554,OFF-ST-10002555,"Eldon Lockers, Industrial",Office Supplies,Storage
3555,OFF-AR-10000027,"Binney & Smith Pencil Sharpener, Easy-Erase",Office Supplies,Art
3556,FUR-FU-10000039,"Tenex Light Bulb, Duo Pack",Furniture,Furnishings
3557,TEC-MEM-10001436,"Memorex Memory Card, USB",Technology,Accessories
3558,FUR-IKE-10002509,"Ikea 3-Shelf Cabinet, Metal",Furniture,Bookcases
3559,OFF-PA-10001178,"Enermax Note Cards, 8.5 x 11",Office Supplies,Paper
3560,OFF-BOS-10000557,"Boston Pens, Easy-Erase",Office Supplies,Art
3561,OFF-KLE-10000552,"Kleencut Shears, Steel",Office Supplies,Supplies
3562,TEC-NOK-10001058,"Nokia Office Telephone, Full Size",Technology,Phones
3563,OFF-STA-10001112,"Stanley Markers, Easy-Erase",Office Supplies,Art
3564,FUR-BUS-10001876,"Bush 3-Shelf Cabinet, Pine",Furniture,Bookcases
3565,FUR-FU-10004586,G.E. Longer-Life Indoor Recessed Floodlight Bulbs,Furniture,Furnishings
3566,OFF-AR-10001402,"Sanford Highlighters, Water Color",Office Supplies,Art
3567,OFF-CAM-10002159,"Cameo Manila Envelope, with clear poly window",Office Supplies,Envelopes
3568,OFF-BI-10002799,"SlimView Poly Binder, 3/8""",Office Supplies,Binders
3569,OFF-EAT-10003094,"Eaton Memo Slips, Premium",Office Supplies,Paper
3570,OFF-XER-10004042,"Xerox Parchment Paper, Premium",Office Supplies,Paper
3571,OFF-AR-10004652,"Sanford Highlighters, Water Color",Office Supplies,Art
3572,OFF-WIL-10000979,"Wilson Jones Hole Reinforcements, Recycled",Office Supplies,Binders
3573,FUR-BO-10002324,"Sauder Stackable Bookrack, Pine",Furniture,Bookcases
3574,TEC-PH-10004544,"Motorola Speaker Phone, with Caller ID",Technology,Phones
3575,FUR-CH-10004163,"Novimex Steel Folding Chair, Adjustable",Furniture,Chairs
3576,FUR-CH-10002091,"Harbour Creations Swivel Stool, Set of Two",Furniture,Chairs
3577,TEC-CO-10000663,"HP Fax Machine, High-Speed",Technology,Copiers
3578,FUR-CH-10000025,"Office Star Rocking Chair, Set of Two",Furniture,Chairs
3579,TEC-AC-10002399,SanDisk Cruzer 32 GB USB Flash Drive,Technology,Accessories
3580,TEC-AC-10004195,"Memorex Numeric Keypad, Bluetooth",Technology,Accessories
3581,OFF-SU-10001813,"Kleencut Ruler, Easy Grip",Office Supplies,Supplies
3582,OFF-PA-10002514,"Xerox Memo Slips, Premium",Office Supplies,Paper
3583,OFF-LA-10001191,"Harbour Creations File Folder Labels, Alphabetical",Office Supplies,Labels
3584,FUR-FU-10000921,"Advantus Door Stop, Erganomic",Furniture,Furnishings
3585,OFF-ST-10004258,Portable Personal File Box,Office Supplies,Storage
3586,OFF-PA-10004965,Xerox 1921,Office Supplies,Paper
3587,OFF-PA-10004983,Xerox 23,Office Supplies,Paper
3588,OFF-BI-10002133,"Wilson Jones Elliptical Ring 3 1/2"" Capacity Binders, 800 sheets",Office Supplies,Binders
3589,FUR-RUB-10004285,"Rubbermaid Clock, Duo Pack",Furniture,Furnishings
3590,OFF-ACC-10002343,"Acco 3-Hole Punch, Durable",Office Supplies,Binders
3591,OFF-SU-10001968,"Acme Scissors, Steel",Office Supplies,Supplies
3592,OFF-BI-10004233,"Avery Index Tab, Economy",Office Supplies,Binders
3593,OFF-EN-10002600,"Redi-Strip #10 Envelopes, 4 1/8 x 9 1/2",Office Supplies,Envelopes
3594,OFF-EN-10004120,"Jiffy Peel and Seal, Set of 50",Office Supplies,Envelopes
3595,FUR-FU-10000771,"Eldon 200 Class Desk Accessories, Smoke",Furniture,Furnishings
3596,OFF-BI-10002225,"Square Ring Data Binders, Rigid 75 Pt. Covers, 11"" x 14-7/8""",Office Supplies,Binders
3597,OFF-BI-10004141,Insertable Tab Indexes For Data Binders,Office Supplies,Binders
3598,FUR-CH-10003746,"Novimex Executive Leather Armchair, Black",Furniture,Chairs
3599,OFF-AP-10003702,"Cuisinart Refrigerator, White",Office Supplies,Appliances
3600,TEC-CO-10004034,"Canon Fax Machine, High-Speed",Technology,Copiers
3601,OFF-SU-10004818,"Stiletto Trimmer, Steel",Office Supplies,Supplies
3602,TEC-CO-10003353,"HP Personal Copier, High-Speed",Technology,Copiers
3603,FUR-FU-10002459,"Rubbermaid Door Stop, Duo Pack",Furniture,Furnishings
3604,OFF-AR-10000319,"Binney & Smith Canvas, Fluorescent",Office Supplies,Art
3605,OFF-EN-10001958,"GlobeWeis Clasp Envelope, Security-Tint",Office Supplies,Envelopes
3606,OFF-FA-10004474,"Advantus Rubber Bands, Metal",Office Supplies,Fasteners
3607,OFF-FA-10000197,"Stockwell Push Pins, Metal",Office Supplies,Fasteners
3608,OFF-KRA-10002085,"Kraft Clasp Envelope, with clear poly window",Office Supplies,Envelopes
3609,OFF-WIL-10002947,"Wilson Jones Index Tab, Clear",Office Supplies,Binders
3610,OFF-AR-10003770,Newell 340,Office Supplies,Art
3611,OFF-LA-10002703,"Novimex Removable Labels, Adjustable",Office Supplies,Labels
3612,OFF-PA-10002160,Xerox 1978,Office Supplies,Paper
3613,OFF-PA-10002659,Avoid Verbal Orders Carbonless Minifold Book,Office Supplies,Paper
3614,FUR-TA-10003569,Bretford CR8500 Series Meeting Room Furniture,Furniture,Tables
3615,TEC-PH-10000455,GE 30522EE2,Technology,Phones
3616,TEC-AC-10001100,"Logitech Router, Bluetooth",Technology,Accessories
3617,OFF-ST-10001567,"Smead File Cart, Single Width",Office Supplies,Storage
3618,FUR-BO-10004445,"Bush Stackable Bookrack, Pine",Furniture,Bookcases
3619,FUR-CH-10001831,"Novimex Rocking Chair, Set of Two",Furniture,Chairs
3620,TEC-PH-10001949,Cisco SPA 501G IP Phone,Technology,Phones
3621,TEC-AC-10001666,"Memorex Numeric Keypad, Erganomic",Technology,Accessories
3622,OFF-AP-10002238,"Hoover Coffee Grinder, Red",Office Supplies,Appliances
3623,FUR-FU-10002456,"Master Caster Door Stop, Large Neon Orange",Furniture,Furnishings
3624,OFF-SU-10001697,"Fiskars Scissors, Easy Grip",Office Supplies,Supplies
3625,OFF-SU-10003515,"Acme Shears, Serrated",Office Supplies,Supplies
3626,OFF-BI-10002215,"Wilson Jones Hanging View Binder, White, 1""",Office Supplies,Binders
3627,FUR-SAF-10002616,"SAFCO Steel Folding Chair, Adjustable",Furniture,Chairs
3628,FUR-FU-10004421,"Tenex Clock, Durable",Furniture,Furnishings
3629,OFF-LA-10003290,"Hon Round Labels, Adjustable",Office Supplies,Labels
3630,TEC-CO-10000915,"Hewlett Ink, High-Speed",Technology,Copiers
3631,TEC-AC-10002335,"Belkin Memory Card, USB",Technology,Accessories
3632,OFF-ST-10002791,"Tenex Shelving, Blue",Office Supplies,Storage
3633,TEC-AC-10002756,"SanDisk Keyboard, Bluetooth",Technology,Accessories
3634,FUR-TA-10001857,Balt Solid Wood Rectangular Table,Furniture,Tables
3635,OFF-PA-10001164,"Green Bar Message Books, Recycled",Office Supplies,Paper
3636,TEC-PH-10001183,"Samsung Office Telephone, with Caller ID",Technology,Phones
3637,OFF-FA-10004839,"Accos Clamps, Metal",Office Supplies,Fasteners
3638,TEC-AC-10000218,"SanDisk Numeric Keypad, USB",Technology,Accessories
3639,OFF-KRA-10004892,"Kraft Clasp Envelope, Set of 50",Office Supplies,Envelopes
3640,OFF-PA-10004475,Xerox 1940,Office Supplies,Paper
3641,OFF-EN-10001749,Jiffy Padded Mailers with Self-Seal Closure,Office Supplies,Envelopes
3642,OFF-PA-10003001,Xerox 1986,Office Supplies,Paper
3643,OFF-ELD-10001293,"Eldon Box, Wire Frame",Office Supplies,Storage
3644,FUR-CHR-10002686,"Chromcraft Computer Table, Adjustable Height",Furniture,Tables
3645,OFF-HOO-10003653,"Hoover Stove, Silver",Office Supplies,Appliances
3646,OFF-EAT-10002122,"Eaton Cards & Envelopes, 8.5 x 11",Office Supplies,Paper
3647,FUR-TA-10002235,"Chromcraft Round Table, Adjustable Height",Furniture,Tables
3648,TEC-PH-10000840,"Cisco Audio Dock, VoIP",Technology,Phones
3649,OFF-ST-10004837,"Eldon File Cart, Single Width",Office Supplies,Storage
3650,FUR-BUS-10004820,"Bush Classic Bookcase, Mobile",Furniture,Bookcases
3651,OFF-BIC-10002270,"BIC Pencil Sharpener, Water Color",Office Supplies,Art
3652,FUR-ADV-10000190,"Advantus Frame, Duo Pack",Furniture,Furnishings
3653,OFF-AR-10002665,"Binney & Smith Markers, Easy-Erase",Office Supplies,Art
3654,OFF-ST-10004996,"Tenex Trays, Blue",Office Supplies,Storage
3655,OFF-ST-10003206,"Eldon Shelving, Blue",Office Supplies,Storage
3656,OFF-SU-10004435,"Stiletto Shears, Serrated",Office Supplies,Supplies
3657,OFF-NOV-10002258,"Novimex Legal Exhibit Labels, Alphabetical",Office Supplies,Labels
3658,OFF-STA-10001791,"Stanley Highlighters, Water Color",Office Supplies,Art
3659,OFF-SU-10002710,"Fiskars Trimmer, High Speed",Office Supplies,Supplies
3660,TEC-AC-10001013,"SanDisk Mouse, USB",Technology,Accessories
3661,FUR-TEN-10000377,"Tenex Light Bulb, Duo Pack",Furniture,Furnishings
3662,OFF-ADV-10003125,"Advantus Paper Clips, Assorted Sizes",Office Supplies,Fasteners
3663,OFF-BI-10002432,Wilson Jones Standard D-Ring Binders,Office Supplies,Binders
3664,OFF-LA-10000190,"Harbour Creations Round Labels, 5000 Label Set",Office Supplies,Labels
3665,OFF-CAM-10001690,"Cameo Clasp Envelope, Recycled",Office Supplies,Envelopes
3666,OFF-AVE-10004508,"Avery Round Labels, Adjustable",Office Supplies,Labels
3667,OFF-AME-10003167,"Ames Clasp Envelope, Recycled",Office Supplies,Envelopes
3668,OFF-BI-10003152,"Avery Hole Reinforcements, Recycled",Office Supplies,Binders
3669,FUR-TA-10004972,"Chromcraft Wood Table, Rectangular",Furniture,Tables
3670,OFF-ST-10000288,"Fellowes Lockers, Industrial",Office Supplies,Storage
3671,TEC-CO-10003682,"Sharp Ink, Digital",Technology,Copiers
3672,OFF-BI-10004986,"Ibico 3-Hole Punch, Recycled",Office Supplies,Binders
3673,OFF-PA-10003381,"Eaton Cards & Envelopes, Multicolor",Office Supplies,Paper
3674,TEC-CO-10002768,"Sharp Fax Machine, High-Speed",Technology,Copiers
3675,OFF-ST-10000557,"Tenex Box, Blue",Office Supplies,Storage
3676,OFF-AR-10000176,"Sanford Highlighters, Water Color",Office Supplies,Art
3677,FUR-CH-10002410,"Office Star Rocking Chair, Red",Furniture,Chairs
3678,OFF-PA-10004815,"Xerox Note Cards, Premium",Office Supplies,Paper
3679,OFF-ACM-10004587,"Acme Scissors, Steel",Office Supplies,Supplies
3680,OFF-PA-10004260,"Xerox Memo Slips, Recycled",Office Supplies,Paper
3681,TEC-AC-10001635,KeyTronic KT400U2 - Keyboard - Black,Technology,Accessories
3682,OFF-LA-10002992,"Novimex Removable Labels, 5000 Label Set",Office Supplies,Labels
3683,OFF-FA-10001551,"Stockwell Thumb Tacks, 12 Pack",Office Supplies,Fasteners
3684,OFF-FA-10001082,"OIC Staples, Assorted Sizes",Office Supplies,Fasteners
3685,FUR-TA-10000207,"Chromcraft Round Table, Fully Assembled",Furniture,Tables
3686,OFF-ST-10003295,"Tenex Lockers, Blue",Office Supplies,Storage
3687,OFF-PA-10004294,"Xerox Computer Printout Paper, 8.5 x 11",Office Supplies,Paper
3688,FUR-CH-10000974,"Harbour Creations Executive Leather Armchair, Black",Furniture,Chairs
3689,TEC-APP-10002321,"Apple Signal Booster, Full Size",Technology,Phones
3690,FUR-BO-10004082,"Sauder Classic Bookcase, Metal",Furniture,Bookcases
3691,FUR-FU-10001098,"Deflect-O Door Stop, Black",Furniture,Furnishings
3692,OFF-AP-10001049,"Breville Coffee Grinder, Silver",Office Supplies,Appliances
3693,OFF-ST-10003056,"Tenex Folders, Single Width",Office Supplies,Storage
3694,OFF-PA-10004100,Xerox 216,Office Supplies,Paper
3695,OFF-SU-10002962,"Acme Scissors, Serrated",Office Supplies,Supplies
3696,OFF-BI-10004028,"Ibico Index Tab, Durable",Office Supplies,Binders
3697,OFF-AR-10000659,"BIC Pencil Sharpener, Fluorescent",Office Supplies,Art
3698,OFF-BI-10004716,Wilson Jones Hanging Recycled Pressboard Data Binders,Office Supplies,Binders
3699,OFF-AR-10004042,"BOSTON Model 1800 Electric Pencil Sharpeners, Putty/Woodgrain",Office Supplies,Art
3700,OFF-AR-10000493,"Boston Pencil Sharpener, Fluorescent",Office Supplies,Art
3701,OFF-BI-10002949,Prestige Round Ring Binders,Office Supplies,Binders
3702,FUR-HON-10003871,"Hon Conference Table, Fully Assembled",Furniture,Tables
3703,FUR-TA-10001089,"Hon Computer Table, with Bottom Storage",Furniture,Tables
3704,OFF-ST-10003837,"Tenex Lockers, Single Width",Office Supplies,Storage
3705,FUR-CH-10001313,"SAFCO Steel Folding Chair, Black",Furniture,Chairs
3706,OFF-ST-10003256,"Eldon Shelving, Wire Frame",Office Supplies,Storage
3707,TEC-MA-10002210,Epson TM-T88V Direct Thermal Printer - Monochrome - Desktop,Technology,Machines
3708,FUR-BO-10004504,"Sauder 3-Shelf Cabinet, Mobile",Furniture,Bookcases
3709,FUR-CH-10001674,"Office Star Chairmat, Adjustable",Furniture,Chairs
3710,FUR-DAN-10004625,"Dania Stackable Bookrack, Mobile",Furniture,Bookcases
3711,FUR-CH-10000994,"Harbour Creations Rocking Chair, Black",Furniture,Chairs
3712,FUR-FU-10000069,"Tenex Door Stop, Durable",Furniture,Furnishings
3713,OFF-SU-10004496,"Kleencut Scissors, Easy Grip",Office Supplies,Supplies
3714,OFF-AR-10002538,"Binney & Smith Sketch Pad, Fluorescent",Office Supplies,Art
3715,TEC-AC-10003861,"Enermax Keyboard, Erganomic",Technology,Accessories
3716,TEC-PH-10001587,"Apple Headset, Cordless",Technology,Phones
3717,FUR-FU-10001640,"Eldon Photo Frame, Black",Furniture,Furnishings
3718,OFF-BI-10001400,"Cardinal 3-Hole Punch, Economy",Office Supplies,Binders
3719,FUR-FU-10001674,"Deflect-O Clock, Duo Pack",Furniture,Furnishings
3720,FUR-FU-10002116,"Tenex Carpeted, Granite-Look or Clear Contemporary Contour Shape Chair Mats",Furniture,Furnishings
3721,OFF-XER-10003495,"Xerox Cards & Envelopes, Premium",Office Supplies,Paper
3722,OFF-HON-10001102,"Hon Legal Exhibit Labels, Adjustable",Office Supplies,Labels
3723,OFF-EN-10001109,"Ames Interoffice Envelope, Recycled",Office Supplies,Envelopes
3724,OFF-BOS-10000477,"Boston Canvas, Blue",Office Supplies,Art
3725,OFF-STA-10001968,"Stanley Canvas, Water Color",Office Supplies,Art
3726,OFF-AVE-10002311,"Avery Binder Covers, Durable",Office Supplies,Binders
3727,OFF-PA-10000344,"SanDisk Memo Slips, 8.5 x 11",Office Supplies,Paper
3728,FUR-RUB-10001717,"Rubbermaid Photo Frame, Durable",Furniture,Furnishings
3729,OFF-ST-10000542,"Fellowes Folders, Industrial",Office Supplies,Storage
3730,TEC-AC-10001352,"SanDisk Numeric Keypad, Bluetooth",Technology,Accessories
3731,TEC-AC-10001728,"SanDisk Flash Drive, Programmable",Technology,Accessories
3732,OFF-ST-10001869,"Eldon Box, Single Width",Office Supplies,Storage
3733,OFF-PA-10000349,Staples,Office Supplies,Paper
3734,OFF-SU-10001992,"Stiletto Ruler, Serrated",Office Supplies,Supplies
3735,OFF-FA-10004664,"Advantus Push Pins, Bulk Pack",Office Supplies,Fasteners
3736,OFF-AR-10002445,SANFORD Major Accent Highlighters,Office Supplies,Art
3737,FUR-FU-10000762,"Advantus Light Bulb, Black",Furniture,Furnishings
3738,OFF-FA-10003638,"Stockwell Clamps, 12 Pack",Office Supplies,Fasteners
3739,OFF-BI-10003166,"Cardinal Hole Reinforcements, Durable",Office Supplies,Binders
3740,OFF-LA-10000714,"Novimex Round Labels, 5000 Label Set",Office Supplies,Labels
3741,OFF-FA-10001702,"Advantus Push Pins, 12 Pack",Office Supplies,Fasteners
3742,OFF-GLO-10004223,"GlobeWeis Clasp Envelope, Security-Tint",Office Supplies,Envelopes
3743,OFF-BI-10004140,"Cardinal Index Tab, Clear",Office Supplies,Binders
3744,OFF-LA-10000540,"Harbour Creations Round Labels, Adjustable",Office Supplies,Labels
3745,TEC-CO-10004976,"Brother Ink, High-Speed",Technology,Copiers
3746,FUR-BO-10002510,"Bush 3-Shelf Cabinet, Mobile",Furniture,Bookcases
3747,OFF-SU-10000695,"Kleencut Trimmer, Serrated",Office Supplies,Supplies
3748,OFF-ST-10004035,"Rogers Box, Wire Frame",Office Supplies,Storage
3749,OFF-LA-10000553,"Hon Round Labels, Laser Printer Compatible",Office Supplies,Labels
3750,OFF-BI-10004099,GBC VeloBinder Strips,Office Supplies,Binders
3751,FUR-BO-10001679,"Ikea 3-Shelf Cabinet, Traditional",Furniture,Bookcases
3752,FUR-BO-10003697,"Safco Floating Shelf Set, Mobile",Furniture,Bookcases
3753,OFF-LA-10002575,"Smead Legal Exhibit Labels, 5000 Label Set",Office Supplies,Labels
3754,OFF-AR-10001266,"Boston Canvas, Blue",Office Supplies,Art
3755,FUR-FU-10001967,Telescoping Adjustable Floor Lamp,Furniture,Furnishings
3756,TEC-MA-10001811,"Okidata Card Printer, Durable",Technology,Machines
3757,OFF-EN-10003632,"Jiffy Mailers, Recycled",Office Supplies,Envelopes
3758,FUR-TEN-10003050,"Tenex Photo Frame, Black",Furniture,Furnishings
3759,OFF-EN-10003630,"GlobeWeis Business Envelopes, Set of 50",Office Supplies,Envelopes
3760,OFF-SU-10002709,"Fiskars Letter Opener, Easy Grip",Office Supplies,Supplies
3761,OFF-PA-10001470,"Green Bar Message Books, 8.5 x 11",Office Supplies,Paper
3762,OFF-FA-10000697,"Advantus Rubber Bands, 12 Pack",Office Supplies,Fasteners
3763,OFF-BI-10004470,"Wilson Jones Index Tab, Durable",Office Supplies,Binders
3764,OFF-SME-10001853,"Smead Folders, Blue",Office Supplies,Storage
3765,OFF-PA-10000677,"Green Bar Memo Slips, Premium",Office Supplies,Paper
3766,TEC-AC-10000086,"Logitech Mouse, USB",Technology,Accessories
3767,OFF-LA-10000322,"Smead Round Labels, Laser Printer Compatible",Office Supplies,Labels
3768,TEC-AC-10004880,"Logitech Keyboard, Programmable",Technology,Accessories
3769,OFF-AP-10003382,"Breville Stove, White",Office Supplies,Appliances
3770,TEC-CO-10000427,"HP Fax Machine, Color",Technology,Copiers
3771,FUR-BO-10003828,"Bush 3-Shelf Cabinet, Metal",Furniture,Bookcases
3772,TEC-CO-10003318,"Hewlett Ink, Digital",Technology,Copiers
3773,TEC-CO-10001371,"Sharp Fax and Copier, Laser",Technology,Copiers
3774,TEC-CAN-10002363,"Canon Fax Machine, Digital",Technology,Copiers
3775,FUR-CH-10002378,"Harbour Creations Swivel Stool, Black",Furniture,Chairs
3776,FUR-FU-10000306,"Rubbermaid Clock, Duo Pack",Furniture,Furnishings
3777,FUR-BO-10000035,"Dania Classic Bookcase, Pine",Furniture,Bookcases
3778,OFF-FIS-10000670,"Fiskars Scissors, Steel",Office Supplies,Supplies
3779,TEC-AC-10004709,"Logitech Flash Drive, USB",Technology,Accessories
3780,FUR-CH-10004447,"Harbour Creations Rocking Chair, Set of Two",Furniture,Chairs
3781,OFF-AR-10003179,"BIC Pencil Sharpener, Blue",Office Supplies,Art
3782,TEC-AC-10000815,"Enermax Flash Drive, Erganomic",Technology,Accessories
3783,OFF-BI-10002364,"Acco Binder, Durable",Office Supplies,Binders
3784,OFF-BI-10000930,"Avery Hole Reinforcements, Clear",Office Supplies,Binders
3785,OFF-ST-10004668,"Smead Trays, Industrial",Office Supplies,Storage
3786,FUR-FU-10003622,"Tenex Light Bulb, Erganomic",Furniture,Furnishings
3787,FUR-FU-10004665,"3M Polarizing Task Lamp with Clamp Arm, Light Gray",Furniture,Furnishings
3788,TEC-MA-10004679,StarTech.com 10/100 VDSL2 Ethernet Extender Kit,Technology,Machines
3789,TEC-PH-10000675,Panasonic KX TS3282B Corded phone,Technology,Phones
3790,FUR-TA-10004154,"Riverside Furniture Oval Coffee Table, Oval End Table, End Table with Drawer",Furniture,Tables
3791,TEC-SHA-10003670,"Sharp Wireless Fax, Laser",Technology,Copiers
3792,OFF-ST-10000505,"Fellowes File Cart, Blue",Office Supplies,Storage
3793,OFF-IBI-10000951,"Ibico Binder Covers, Economy",Office Supplies,Binders
3794,TEC-PH-10002075,AT&T EL51110 DECT,Technology,Phones
3795,OFF-FA-10003929,"Accos Rubber Bands, 12 Pack",Office Supplies,Fasteners
3796,OFF-STA-10001747,"Stanley Pencil Sharpener, Water Color",Office Supplies,Art
3797,OFF-BI-10000948,"GBC Laser Imprintable Binding System Covers, Desert Sand",Office Supplies,Binders
3798,OFF-FA-10002539,"Stockwell Rubber Bands, Metal",Office Supplies,Fasteners
3799,OFF-ADV-10002549,"Advantus Rubber Bands, Assorted Sizes",Office Supplies,Fasteners
3800,OFF-BI-10001754,"Ibico Binder Covers, Recycled",Office Supplies,Binders
3801,OFF-BI-10004308,Avery Legal 4-Ring Binder,Office Supplies,Binders
3802,FUR-FU-10000758,DAX Natural Wood-Tone Poster Frame,Furniture,Furnishings
3803,OFF-BI-10000474,Avery Recycled Flexi-View Covers for Binding Systems,Office Supplies,Binders
3804,TEC-AC-10002718,Belkin Standard 104 key USB Keyboard,Technology,Accessories
3805,TEC-PH-10003589,invisibleSHIELD by ZAGG Smudge-Free Screen Protector,Technology,Phones
3806,OFF-FA-10002358,"Accos Push Pins, 12 Pack",Office Supplies,Fasteners
3807,TEC-KON-10003077,"Konica Calculator, Wireless",Technology,Machines
3808,OFF-SU-10004290,"Acme Design Line 8"" Stainless Steel Bent Scissors w/Champagne Handles, 3-1/8"" Cut",Office Supplies,Supplies
3809,OFF-BIC-10000041,"BIC Markers, Blue",Office Supplies,Art
3810,OFF-FA-10000936,Acco Hot Clips Clips to Go,Office Supplies,Fasteners
3811,OFF-PA-10000223,Xerox 2000,Office Supplies,Paper
3812,OFF-ST-10003327,Akro-Mils 12-Gallon Tote,Office Supplies,Storage
3813,OFF-BI-10000050,"Angle-D Binders with Locking Rings, Label Holders",Office Supplies,Binders
3814,TEC-MA-10000822,Lexmark MX611dhe Monochrome Laser Printer,Technology,Machines
3815,FUR-BEV-10004919,"Bevis Wood Table, with Bottom Storage",Furniture,Tables
3816,FUR-HAR-10002873,"Harbour Creations Executive Leather Armchair, Adjustable",Furniture,Chairs
3817,OFF-AP-10002793,"KitchenAid Stove, Black",Office Supplies,Appliances
3818,FUR-BO-10004771,"Ikea Classic Bookcase, Traditional",Furniture,Bookcases
3819,FUR-CH-10004287,SAFCO Arco Folding Chair,Furniture,Chairs
3820,OFF-AR-10000380,"Hunt PowerHouse Electric Pencil Sharpener, Blue",Office Supplies,Art
3821,TEC-MA-10000029,"Epson WorkForce WF-2530 All-in-One Printer, Copier Scanner",Technology,Machines
3822,OFF-AP-10002330,"Hamilton Beach Stove, Silver",Office Supplies,Appliances
3823,FUR-BO-10001860,"Sauder Corner Shelving, Traditional",Furniture,Bookcases
3824,TEC-CO-10002283,"Brother Copy Machine, Color",Technology,Copiers
3825,OFF-AP-10002518,Kensington 7 Outlet MasterPiece Power Center,Office Supplies,Appliances
3826,TEC-AC-10004221,"Logitech Memory Card, Programmable",Technology,Accessories
3827,OFF-PA-10000482,"Snap-A-Way Black Print Carbonless Ruled Speed Letter, Triplicate",Office Supplies,Paper
3828,TEC-PH-10003931,JBL Micro Wireless Portable Bluetooth Speaker,Technology,Phones
3829,OFF-BI-10004227,"Avery Binding Machine, Economy",Office Supplies,Binders
3830,FUR-CH-10004289,Global Super Steno Chair,Furniture,Chairs
3831,OFF-SAN-10003393,"SanDisk Cards & Envelopes, Recycled",Office Supplies,Paper
3832,OFF-STA-10000247,"Stanley Canvas, Fluorescent",Office Supplies,Art
3833,OFF-AP-10004785,"Holmes Replacement Filter for HEPA Air Cleaner, Medium Room",Office Supplies,Appliances
3834,OFF-FA-10002280,Advantus Plastic Paper Clips,Office Supplies,Fasteners
3835,OFF-BI-10000423,"Acco 3-Hole Punch, Recycled",Office Supplies,Binders
3836,OFF-PA-10002563,"Enermax Memo Slips, Premium",Office Supplies,Paper
3837,OFF-PA-10004187,"Xerox Message Books, Multicolor",Office Supplies,Paper
3838,TEC-AC-10001383,Logitech Wireless Touch Keyboard K400,Technology,Accessories
3839,OFF-BI-10002335,"Avery Binder Covers, Durable",Office Supplies,Binders
3840,OFF-FIS-10004787,"Fiskars Box Cutter, Steel",Office Supplies,Supplies
3841,OFF-AP-10001962,Black & Decker Filter for Double Action Dustbuster Cordless Vac BLDV7210,Office Supplies,Appliances
3842,OFF-ST-10002406,Pizazz Global Quick File,Office Supplies,Storage
3843,OFF-FA-10004705,"OIC Thumb Tacks, 12 Pack",Office Supplies,Fasteners
3844,TEC-AC-10004209,Memorex Froggy Flash Drive 4 GB,Technology,Accessories
3845,OFF-ROG-10001818,"Rogers Folders, Single Width",Office Supplies,Storage
3846,OFF-AR-10002260,"Boston Pens, Blue",Office Supplies,Art
3847,OFF-FA-10004626,"Advantus Staples, Assorted Sizes",Office Supplies,Fasteners
3848,OFF-AR-10003045,Prang Colored Pencils,Office Supplies,Art
3849,OFF-AR-10004441,BIC Brite Liner Highlighters,Office Supplies,Art
3850,OFF-FA-10003962,"Accos Thumb Tacks, Assorted Sizes",Office Supplies,Fasteners
3851,OFF-BI-10000822,"Acco PRESSTEX Data Binder with Storage Hooks, Light Blue, 9 1/2"" X 11""",Office Supplies,Binders
3852,OFF-FA-10002988,Ideal Clamps,Office Supplies,Fasteners
3853,OFF-AVE-10001847,"Avery Binder, Clear",Office Supplies,Binders
3854,TEC-MA-10002073,"3D Systems Cube Printer, 2nd Generation, White",Technology,Machines
3855,FUR-CH-10003761,Global Italian Leather Office Chair,Furniture,Chairs
3856,FUR-BO-10002300,"Dania Classic Bookcase, Traditional",Furniture,Bookcases
3857,TEC-CO-10000013,"Brother Fax Machine, Laser",Technology,Copiers
3858,TEC-CO-10002110,"Brother Personal Copier, Color",Technology,Copiers
3859,OFF-EN-10001480,"Kraft Interoffice Envelope, Security-Tint",Office Supplies,Envelopes
3860,FUR-BO-10003034,"Sauder Stackable Bookrack, Pine",Furniture,Bookcases
3861,FUR-BO-10003326,"Safco Stackable Bookrack, Traditional",Furniture,Bookcases
3862,FUR-CH-10001795,"SAFCO Steel Folding Chair, Red",Furniture,Chairs
3863,OFF-ST-10000836,"Tenex Trays, Blue",Office Supplies,Storage
3864,FUR-FU-10002501,Nu-Dell Executive Frame,Furniture,Furnishings
3865,OFF-AR-10002677,"BIC Pencil Sharpener, Easy-Erase",Office Supplies,Art
3866,TEC-PH-10002549,Polycom SoundPoint IP 450 VoIP phone,Technology,Phones
3867,FUR-FU-10003986,"Rubbermaid Door Stop, Black",Furniture,Furnishings
3868,OFF-AR-10000634,Newell 320,Office Supplies,Art
3869,OFF-LA-10003923,Alphabetical Labels for Top Tab Filing,Office Supplies,Labels
3870,TEC-AC-10002134,Rosewill 107 Normal Keys USB Wired Standard Keyboard,Technology,Accessories
3871,OFF-AP-10001885,"Hamilton Beach Coffee Grinder, White",Office Supplies,Appliances
3872,OFF-ST-10004800,"Eldon Folders, Industrial",Office Supplies,Storage
3873,OFF-AR-10000185,"Stanley Pens, Water Color",Office Supplies,Art
3874,OFF-PA-10004665,Advantus Motivational Note Cards,Office Supplies,Paper
3875,OFF-PA-10003027,"Enermax Message Books, Premium",Office Supplies,Paper
3876,OFF-PA-10000788,Xerox 210,Office Supplies,Paper
3877,OFF-FA-10000834,"Advantus Staples, Assorted Sizes",Office Supplies,Fasteners
3878,OFF-LA-10003807,"Smead Removable Labels, Adjustable",Office Supplies,Labels
3879,OFF-BI-10004195,"Ibico Binder Covers, Durable",Office Supplies,Binders
3880,OFF-LA-10000633,"Novimex File Folder Labels, Laser Printer Compatible",Office Supplies,Labels
3881,OFF-AR-10003629,"Boston Canvas, Water Color",Office Supplies,Art
3882,TEC-PH-10000822,"Apple Speaker Phone, Full Size",Technology,Phones
3883,TEC-SAM-10000779,"Samsung Signal Booster, Cordless",Technology,Phones
3884,FUR-CH-10003580,"Harbour Creations Bag Chairs, Black",Furniture,Chairs
3885,OFF-AP-10004532,Kensington 6 Outlet Guardian Standard Surge Protector,Office Supplies,Appliances
3886,OFF-EN-10003072,Peel & Seel Envelopes,Office Supplies,Envelopes
3887,TEC-CO-10002658,"Hewlett Ink, Laser",Technology,Copiers
3888,OFF-AP-10001233,"Hamilton Beach Toaster, Red",Office Supplies,Appliances
3889,OFF-ELD-10002207,"Eldon Folders, Single Width",Office Supplies,Storage
3890,FUR-FU-10004006,"Deflect-o DuraMat Lighweight, Studded, Beveled Mat for Low Pile Carpeting",Furniture,Furnishings
3891,FUR-BO-10000038,"Bush Library with Doors, Pine",Furniture,Bookcases
3892,TEC-AC-10004626,"Belkin Router, Erganomic",Technology,Accessories
3893,OFF-SU-10000906,"Fiskars Shears, High Speed",Office Supplies,Supplies
3894,TEC-OKI-10000372,"Okidata Inkjet, Durable",Technology,Machines
3895,TEC-MA-10000742,"Konica Inkjet, White",Technology,Machines
3896,FUR-CH-10000836,"SAFCO Swivel Stool, Adjustable",Furniture,Chairs
3897,OFF-ST-10000952,"Smead File Cart, Blue",Office Supplies,Storage
3898,TEC-AC-10000929,"Belkin Mouse, Bluetooth",Technology,Accessories
3899,FUR-FU-10001410,"Tenex Frame, Black",Furniture,Furnishings
3900,FUR-BO-10001483,"Bush Corner Shelving, Metal",Furniture,Bookcases
3901,OFF-AP-10001469,Fellowes 8 Outlet Superior Workstation Surge Protector,Office Supplies,Appliances
3902,OFF-AR-10004303,"Stanley Markers, Blue",Office Supplies,Art
3903,OFF-SU-10003907,"Stiletto Letter Opener, Easy Grip",Office Supplies,Supplies
3904,TEC-CO-10004398,"Brother Copy Machine, Color",Technology,Copiers
3905,TEC-AC-10000883,"Belkin Mouse, Bluetooth",Technology,Accessories
3906,OFF-BI-10002429,"Premier Elliptical Ring Binder, Black",Office Supplies,Binders
3907,FUR-FU-10000488,"Rubbermaid Light Bulb, Erganomic",Furniture,Furnishings
3908,TEC-AC-10004043,"Memorex Numeric Keypad, Erganomic",Technology,Accessories
3909,OFF-FEL-10004224,"Fellowes Trays, Wire Frame",Office Supplies,Storage
3910,OFF-GRE-10002109,"Green Bar Note Cards, Multicolor",Office Supplies,Paper
3911,OFF-PA-10000824,"Enermax Computer Printout Paper, Multicolor",Office Supplies,Paper
3912,TEC-AC-10001542,SanDisk Cruzer 16 GB USB Flash Drive,Technology,Accessories
3913,FUR-FU-10003464,"Seth Thomas 8 1/2"" Cubicle Clock",Furniture,Furnishings
3914,OFF-EAT-10004696,"Eaton Note Cards, 8.5 x 11",Office Supplies,Paper
3915,OFF-PA-10000721,"Enermax Cards & Envelopes, Recycled",Office Supplies,Paper
3916,TEC-LOG-10002262,"Logitech Flash Drive, Bluetooth",Technology,Accessories
3917,OFF-LA-10002063,"Hon Round Labels, 5000 Label Set",Office Supplies,Labels
3918,OFF-SME-10004323,"Smead Legal Exhibit Labels, 5000 Label Set",Office Supplies,Labels
3919,OFF-BI-10004040,Wilson Jones Impact Binders,Office Supplies,Binders
3920,OFF-LA-10001497,"Smead Round Labels, Adjustable",Office Supplies,Labels
3921,TEC-PH-10003157,"Nokia Speaker Phone, VoIP",Technology,Phones
3922,FUR-TA-10000637,"Bevis Conference Table, Rectangular",Furniture,Tables
3923,TEC-AC-10000865,WD My Passport Ultra 500GB Portable External Hard Drive,Technology,Accessories
3924,FUR-CH-10004196,"Novimex Swivel Stool, Red",Furniture,Chairs
3925,OFF-AP-10000800,"Breville Stove, Red",Office Supplies,Appliances
3926,OFF-EN-10001491,"Jiffy Interoffice Envelope, Set of 50",Office Supplies,Envelopes
3927,OFF-BI-10002718,"Avery Binder, Durable",Office Supplies,Binders
3928,OFF-ST-10001034,Eldon File Chest Portable File,Office Supplies,Storage
3929,OFF-LA-10003437,"Hon Color Coded Labels, Laser Printer Compatible",Office Supplies,Labels
3930,OFF-BI-10001568,"Ibico Binder Covers, Economy",Office Supplies,Binders
3931,FUR-FU-10004015,"Tenex Clock, Durable",Furniture,Furnishings
3932,OFF-BIN-10001257,"Binney & Smith Sketch Pad, Easy-Erase",Office Supplies,Art
3933,OFF-PA-10002923,Xerox 1942,Office Supplies,Paper
3934,FUR-SAF-10003745,"SAFCO Rocking Chair, Set of Two",Furniture,Chairs
3935,FUR-SAF-10002253,"Safco Stackable Bookrack, Pine",Furniture,Bookcases
3936,OFF-FA-10003879,"Stockwell Thumb Tacks, Assorted Sizes",Office Supplies,Fasteners
3937,OFF-TEN-10002817,"Tenex Folders, Blue",Office Supplies,Storage
3938,OFF-SU-10001574,Acme Value Line Scissors,Office Supplies,Supplies
3939,OFF-FA-10003605,"Accos Push Pins, Bulk Pack",Office Supplies,Fasteners
3940,OFF-LA-10002180,"Hon Color Coded Labels, 5000 Label Set",Office Supplies,Labels
3941,OFF-SME-10004740,"Smead Shipping Labels, Adjustable",Office Supplies,Labels
3942,OFF-LA-10001444,"Avery Round Labels, Alphabetical",Office Supplies,Labels
3943,OFF-LA-10000738,"Avery File Folder Labels, Adjustable",Office Supplies,Labels
3944,OFF-SAN-10004824,"Sanford Pencil Sharpener, Water Color",Office Supplies,Art
3945,OFF-BI-10004022,Acco Suede Grain Vinyl Round Ring Binder,Office Supplies,Binders
3946,OFF-ACC-10001703,"Acco Binder, Recycled",Office Supplies,Binders
3947,TEC-APP-10000308,"Apple Smart Phone, Full Size",Technology,Phones
3948,TEC-MA-10003979,Ativa V4110MDD Micro-Cut Shredder,Technology,Machines
3949,TEC-PH-10000526,Vtech CS6719,Technology,Phones
3950,FUR-NOV-10000847,"Novimex Executive Leather Armchair, Adjustable",Furniture,Chairs
3951,FUR-CH-10002033,"Harbour Creations Executive Leather Armchair, Adjustable",Furniture,Chairs
3952,TEC-CO-10000620,"Brother Wireless Fax, Digital",Technology,Copiers
3953,OFF-ST-10004983,"Smead Shelving, Wire Frame",Office Supplies,Storage
3954,TEC-SHA-10003039,"Sharp Fax and Copier, Digital",Technology,Copiers
3955,OFF-ST-10001729,"Tenex Lockers, Single Width",Office Supplies,Storage
3956,TEC-AC-10000007,"SanDisk Router, USB",Technology,Accessories
3957,OFF-ST-10004185,"Fellowes Trays, Single Width",Office Supplies,Storage
3958,OFF-EN-10000968,"Kraft Mailers, Recycled",Office Supplies,Envelopes
3959,OFF-BI-10001032,"Avery Binding Machine, Recycled",Office Supplies,Binders
3960,FUR-FU-10001791,"Tenex Photo Frame, Durable",Furniture,Furnishings
3961,OFF-BI-10001304,"Cardinal 3-Hole Punch, Recycled",Office Supplies,Binders
3962,OFF-ST-10000287,"Rogers Box, Blue",Office Supplies,Storage
3963,OFF-FA-10001953,"Advantus Clamps, Bulk Pack",Office Supplies,Fasteners
3964,OFF-EN-10001099,Staples,Office Supplies,Envelopes
3965,OFF-AR-10002583,"BIC Markers, Fluorescent",Office Supplies,Art
3966,OFF-FA-10002101,"OIC Thumb Tacks, 12 Pack",Office Supplies,Fasteners
3967,TEC-AC-10003327,"Logitech Keyboard, Erganomic",Technology,Accessories
3968,OFF-LA-10002354,"Novimex Color Coded Labels, 5000 Label Set",Office Supplies,Labels
3969,OFF-ST-10001890,"Eldon Trays, Industrial",Office Supplies,Storage
3970,FUR-FU-10000018,"Eldon Clock, Erganomic",Furniture,Furnishings
3971,OFF-AP-10000891,Kensington 7 Outlet MasterPiece HOMEOFFICE Power Control Center,Office Supplies,Appliances
3972,TEC-AC-10004044,"SanDisk Mouse, Programmable",Technology,Accessories
3973,OFF-LA-10004749,"Avery Legal Exhibit Labels, Laser Printer Compatible",Office Supplies,Labels
3974,OFF-AP-10003914,"Sanitaire Vibra Groomer IR Commercial Upright Vacuum, Replacement Belts",Office Supplies,Appliances
3975,OFF-WIL-10004697,"Wilson Jones Binder, Economy",Office Supplies,Binders
3976,TEC-PH-10001536,Spigen Samsung Galaxy S5 Case Wallet,Technology,Phones
3977,OFF-LA-10003148,Avery 51,Office Supplies,Labels
3978,OFF-PA-10004610,Xerox 1900,Office Supplies,Paper
3979,TEC-PH-10003970,"Cisco Headset, Full Size",Technology,Phones
3980,OFF-BI-10001721,Trimflex Flexible Post Binders,Office Supplies,Binders
3981,OFF-FA-10000053,Revere Boxed Rubber Bands by Revere,Office Supplies,Fasteners
3982,OFF-EN-10003845,Colored Envelopes,Office Supplies,Envelopes
3983,OFF-BI-10001890,Avery Poly Binder Pockets,Office Supplies,Binders
3984,FUR-TA-10001496,"Barricks Computer Table, Fully Assembled",Furniture,Tables
3985,TEC-AC-10003403,"Enermax Router, USB",Technology,Accessories
3986,FUR-FU-10000668,"Tenex Frame, Durable",Furniture,Furnishings
3987,FUR-BO-10001392,"Sauder Classic Bookcase, Traditional",Furniture,Bookcases
3988,OFF-AP-10000200,"KitchenAid Refrigerator, Red",Office Supplies,Appliances
3989,OFF-SU-10003789,"Fiskars Box Cutter, Steel",Office Supplies,Supplies
3990,FUR-CH-10000171,"SAFCO Steel Folding Chair, Adjustable",Furniture,Chairs
3991,OFF-ST-10004597,"Rogers File Cart, Blue",Office Supplies,Storage
3992,OFF-AP-10003043,"Breville Blender, White",Office Supplies,Appliances
3993,TEC-CO-10001042,"Sharp Fax and Copier, High-Speed",Technology,Copiers
3994,OFF-AR-10000904,"Sanford Sketch Pad, Blue",Office Supplies,Art
3995,FUR-FU-10003451,"Eldon Frame, Black",Furniture,Furnishings
3996,OFF-ST-10000299,"Tenex Trays, Single Width",Office Supplies,Storage
3997,OFF-ST-10001124,"Fellowes Trays, Wire Frame",Office Supplies,Storage
3998,FUR-FU-10002521,"Tenex Stacking Tray, Black",Furniture,Furnishings
3999,OFF-AP-10002697,"Breville Coffee Grinder, Red",Office Supplies,Appliances
4000,FUR-FU-10000222,"Seth Thomas 16"" Steel Case Clock",Furniture,Furnishings
4001,TEC-STA-10000008,"StarTech Calculator, Wireless",Technology,Machines
4002,OFF-FA-10003218,"Advantus Push Pins, Assorted Sizes",Office Supplies,Fasteners
4003,OFF-LA-10001800,"Hon Shipping Labels, Laser Printer Compatible",Office Supplies,Labels
4004,OFF-EN-10000532,"Cameo Clasp Envelope, Set of 50",Office Supplies,Envelopes
4005,OFF-PA-10000924,"Green Bar Message Books, Multicolor",Office Supplies,Paper
4006,FUR-FU-10004842,"Advantus Light Bulb, Erganomic",Furniture,Furnishings
4007,OFF-ACC-10003788,"Acco Hole Reinforcements, Clear",Office Supplies,Binders
4008,OFF-KRA-10001967,"Kraft Business Envelopes, Set of 50",Office Supplies,Envelopes
4009,FUR-TA-10000052,"Hon Training Table, Adjustable Height",Furniture,Tables
4010,OFF-ST-10004754,"Fellowes Lockers, Single Width",Office Supplies,Storage
4011,TEC-MA-10001881,"Konica Card Printer, Red",Technology,Machines
4012,FUR-CH-10002626,"Hon Steel Folding Chair, Adjustable",Furniture,Chairs
4013,FUR-BO-10003779,"Ikea Library with Doors, Traditional",Furniture,Bookcases
4014,TEC-MA-10000354,"StarTech Calculator, Wireless",Technology,Machines
4015,TEC-PH-10003055,"Apple Audio Dock, Cordless",Technology,Phones
4016,TEC-AC-10001002,"SanDisk Memory Card, USB",Technology,Accessories
4017,FUR-BUS-10002138,"Bush Stackable Bookrack, Pine",Furniture,Bookcases
4018,OFF-AP-10003972,"Hoover Coffee Grinder, Silver",Office Supplies,Appliances
4019,FUR-FU-10000142,"Tenex Stacking Tray, Erganomic",Furniture,Furnishings
4020,OFF-FA-10001401,"OIC Staples, 12 Pack",Office Supplies,Fasteners
4021,OFF-PA-10000961,"Green Bar Parchment Paper, Premium",Office Supplies,Paper
4022,FUR-TA-10002789,"Hon Coffee Table, with Bottom Storage",Furniture,Tables
4023,FUR-BO-10001541,"Bush Stackable Bookrack, Traditional",Furniture,Bookcases
4024,OFF-BI-10001058,"Ibico Binding Machine, Clear",Office Supplies,Binders
4025,OFF-EN-10001453,"Tyvek Interoffice Envelopes, 9 1/2"" x 12 1/2"", 100/Box",Office Supplies,Envelopes
4026,OFF-SU-10002544,"Kleencut Box Cutter, Serrated",Office Supplies,Supplies
4027,FUR-FU-10001090,"Advantus Stacking Tray, Erganomic",Furniture,Furnishings
4028,OFF-PA-10003039,Xerox 1960,Office Supplies,Paper
4029,OFF-EN-10004462,"Ames Peel and Seal, Security-Tint",Office Supplies,Envelopes
4030,OFF-ST-10000943,Eldon ProFile File 'N Store Portable File Tub Letter/Legal Size Black,Office Supplies,Storage
4031,OFF-FA-10000248,"Stockwell Rubber Bands, Assorted Sizes",Office Supplies,Fasteners
4032,TEC-AC-10004633,"Verbatim 25 GB 6x Blu-ray Single Layer Recordable Disc, 3/Pack",Technology,Accessories
4033,FUR-FU-10004671,"Executive Impressions 12"" Wall Clock",Furniture,Furnishings
4034,OFF-ST-10004963,Eldon Gobal File Keepers,Office Supplies,Storage
4035,TEC-MA-10004086,Plantronics Single Ear Headset,Technology,Machines
4036,OFF-AR-10000411,Boston 16701 Slimline Battery Pencil Sharpener,Office Supplies,Art
4037,TEC-AC-10001109,Logitech Trackman Marble Mouse,Technology,Accessories
4038,OFF-BI-10003712,"Acco Pressboard Covers with Storage Hooks, 14 7/8"" x 11"", Light Blue",Office Supplies,Binders
4039,OFF-PA-10000682,Xerox 1924,Office Supplies,Paper
4040,OFF-AR-10001473,Newell 313,Office Supplies,Art
4041,OFF-PA-10000393,"Xerox Memo Slips, 8.5 x 11",Office Supplies,Paper
4042,TEC-MA-10004896,"StarTech Phone, White",Technology,Machines
4043,TEC-MA-10001127,"HP Designjet T520 Inkjet Large Format Printer - 24"" Color",Technology,Machines
4044,TEC-MA-10003353,Xerox WorkCentre 6505DN Laser Multifunction Printer,Technology,Machines
4045,OFF-BRE-10002738,"Breville Microwave, Silver",Office Supplies,Appliances
4046,FUR-BO-10002031,"Sauder Classic Bookcase, Pine",Furniture,Bookcases
4047,OFF-AP-10002128,"Hoover Blender, Black",Office Supplies,Appliances
4048,FUR-BO-10001946,"Sauder 3-Shelf Cabinet, Metal",Furniture,Bookcases
4049,TEC-CO-10001628,"Sharp Personal Copier, Digital",Technology,Copiers
4050,OFF-AP-10001567,"Breville Blender, White",Office Supplies,Appliances
4051,TEC-CO-10000344,"Hewlett Copy Machine, Color",Technology,Copiers
4052,TEC-PH-10000824,"Cisco Office Telephone, Full Size",Technology,Phones
4053,OFF-SU-10001233,"Stiletto Trimmer, Serrated",Office Supplies,Supplies
4054,OFF-ST-10001321,"Decoflex Hanging Personal Folder File, Blue",Office Supplies,Storage
4055,TEC-HP -10004149,"HP Copy Machine, Color",Technology,Copiers
4056,FUR-TEN-10004388,"Tenex Door Stop, Black",Furniture,Furnishings
4057,FUR-FU-10001691,"Deflect-O Photo Frame, Black",Furniture,Furnishings
4058,OFF-ST-10003722,Project Tote Personal File,Office Supplies,Storage
4059,OFF-FA-10001026,"Stockwell Paper Clips, Assorted Sizes",Office Supplies,Fasteners
4060,FUR-TA-10004607,Hon 2111 Invitation Series Straight Table,Furniture,Tables
4061,OFF-FIS-10002759,"Fiskars Letter Opener, High Speed",Office Supplies,Supplies
4062,OFF-PA-10003350,"Eaton Message Books, 8.5 x 11",Office Supplies,Paper
4063,OFF-AR-10004986,"Boston Pens, Easy-Erase",Office Supplies,Art
4064,OFF-ST-10002714,"Tenex Shelving, Blue",Office Supplies,Storage
4065,OFF-AR-10004485,"Sanford Pens, Water Color",Office Supplies,Art
4066,OFF-FA-10004410,"Stockwell Staples, Metal",Office Supplies,Fasteners
4067,OFF-BI-10004861,"Cardinal Binding Machine, Clear",Office Supplies,Binders
4068,TEC-CO-10004365,"HP Wireless Fax, Color",Technology,Copiers
4069,FUR-BO-10002213,DMI Eclipse Executive Suite Bookcases,Furniture,Bookcases
4070,TEC-PH-10003072,Panasonic KX-TG9541B DECT 6.0 Digital 2-Line Expandable Cordless Phone With Digital Answering System,Technology,Phones
4071,TEC-CO-10002174,"HP Copy Machine, Laser",Technology,Copiers
4072,FUR-CH-10002288,"SAFCO Bag Chairs, Red",Furniture,Chairs
4073,OFF-BI-10003579,"Avery 3-Hole Punch, Economy",Office Supplies,Binders
4074,FUR-CH-10002991,"Novimex Steel Folding Chair, Adjustable",Furniture,Chairs
4075,FUR-HON-10001343,"Hon Coffee Table, Fully Assembled",Furniture,Tables
4076,TEC-ENE-10001541,"Enermax Router, USB",Technology,Accessories
4077,FUR-FU-10004952,"C-Line Cubicle Keepers Polyproplyene Holder w/Velcro Back, 8-1/2x11, 25/Bx",Furniture,Furnishings
4078,OFF-BI-10002465,"Avery Binding Machine, Clear",Office Supplies,Binders
4079,OFF-SAN-10000931,"SanDisk Message Books, 8.5 x 11",Office Supplies,Paper
4080,FUR-CH-10004609,"Harbour Creations Steel Folding Chair, Adjustable",Furniture,Chairs
4081,OFF-AR-10000711,"BIC Pens, Easy-Erase",Office Supplies,Art
4082,OFF-AR-10002236,"Stanley Pencil Sharpener, Water Color",Office Supplies,Art
4083,OFF-ST-10003335,"Smead Box, Blue",Office Supplies,Storage
4084,OFF-GLO-10001688,"GlobeWeis Manila Envelope, Recycled",Office Supplies,Envelopes
4085,TEC-PH-10002185,QVS USB Car Charger 2-Port 2.1Amp for iPod/iPhone/iPad/iPad 2/iPad 3,Technology,Phones
4086,OFF-AP-10001366,Staples,Office Supplies,Appliances
4087,OFF-PA-10003724,"Wirebound Message Book, 4 per Page",Office Supplies,Paper
4088,OFF-LA-10001569,Avery 499,Office Supplies,Labels
4089,FUR-BO-10004999,"Safco Classic Bookcase, Metal",Furniture,Bookcases
4090,TEC-CO-10002313,Canon PC1080F Personal Copier,Technology,Copiers
4091,FUR-BO-10004340,"Safco Classic Bookcase, Mobile",Furniture,Bookcases
4092,FUR-BO-10004771,"Safco Library with Doors, Traditional",Furniture,Bookcases
4093,OFF-KIT-10004515,"KitchenAid Microwave, Red",Office Supplies,Appliances
4094,TEC-PH-10003012,Nortel Meridian M3904 Professional Digital phone,Technology,Phones
4095,TEC-PH-10001299,Polycom CX300 Desktop Phone USB VoIP phone,Technology,Phones
4096,OFF-ST-10004597,"Eldon File Cart, Industrial",Office Supplies,Storage
4097,OFF-PA-10001348,"Eaton Note Cards, Multicolor",Office Supplies,Paper
4098,FUR-HON-10000029,"Hon Bag Chairs, Black",Furniture,Chairs
4099,OFF-ST-10001440,"Eldon Shelving, Blue",Office Supplies,Storage
4100,OFF-PA-10000215,"Eaton Parchment Paper, Premium",Office Supplies,Paper
4101,TEC-CO-10004152,"HP Ink, Laser",Technology,Copiers
4102,FUR-FU-10000705,"Advantus Frame, Black",Furniture,Furnishings
4103,OFF-EN-10004483,"#10 White Business Envelopes,4 1/8 x 9 1/2",Office Supplies,Envelopes
4104,OFF-AP-10000358,Fellowes Basic Home/Office Series Surge Protectors,Office Supplies,Appliances
4105,OFF-AR-10001615,Newell 34,Office Supplies,Art
4106,OFF-BI-10004054,"Cardinal Hole Reinforcements, Economy",Office Supplies,Binders
4107,OFF-AR-10002956,Boston 16801 Nautilus Battery Pencil Sharpener,Office Supplies,Art
4108,OFF-PA-10002246,"Wirebound Four 2-3/4 x 5 Forms per Page, 400 Sets per Book",Office Supplies,Paper
4109,OFF-AR-10004218,"Sanford Pencil Sharpener, Water Color",Office Supplies,Art
4110,OFF-LA-10000356,"Novimex Round Labels, 5000 Label Set",Office Supplies,Labels
4111,FUR-FU-10000813,"Tenex Door Stop, Durable",Furniture,Furnishings
4112,OFF-PA-10004000,"While You Were Out Pads, 50 per Pad, 4 x 5 1/4, Green Cycle",Office Supplies,Paper
4113,OFF-TEN-10000894,"Tenex Folders, Single Width",Office Supplies,Storage
4114,FUR-FU-10001546,Dana Swing-Arm Lamps,Furniture,Furnishings
4115,OFF-STO-10003342,"Stockwell Rubber Bands, Assorted Sizes",Office Supplies,Fasteners
4116,OFF-SME-10004754,"Smead Round Labels, Adjustable",Office Supplies,Labels
4117,FUR-FU-10003901,"Advantus Stacking Tray, Erganomic",Furniture,Furnishings
4118,FUR-BO-10004537,"Dania Floating Shelf Set, Mobile",Furniture,Bookcases
4119,FUR-CH-10004983,Office Star - Mid Back Dual function Ergonomic High Back Chair with 2-Way Adjustable Arms,Furniture,Chairs
4120,OFF-ST-10002354,"Eldon Lockers, Wire Frame",Office Supplies,Storage
4121,FUR-TA-10000695,"Lesro Wood Table, Rectangular",Furniture,Tables
4122,OFF-AR-10000184,"Boston Pencil Sharpener, Water Color",Office Supplies,Art
4123,TEC-CO-10001352,"HP Ink, Digital",Technology,Copiers
4124,OFF-AR-10000660,"Boston Canvas, Water Color",Office Supplies,Art
4125,TEC-PH-10001070,"Samsung Headset, VoIP",Technology,Phones
4126,OFF-AME-10000870,"Ames Peel and Seal, Recycled",Office Supplies,Envelopes
4127,TEC-KON-10001519,"Konica Calculator, White",Technology,Machines
4128,TEC-MA-10004897,"StarTech Calculator, White",Technology,Machines
4129,OFF-ST-10000675,"File Shuttle II and Handi-File, Black",Office Supplies,Storage
4130,FUR-FU-10003664,"Tenex Frame, Erganomic",Furniture,Furnishings
4131,OFF-BI-10003642,"Wilson Jones Binder, Economy",Office Supplies,Binders
4132,FUR-FU-10001876,"Computer Room Manger, 14""",Furniture,Furnishings
4133,FUR-ADV-10000571,"Advantus Frame, Erganomic",Furniture,Furnishings
4134,FUR-SAF-10000593,"SAFCO Chairmat, Adjustable",Furniture,Chairs
4135,OFF-FA-10001526,"Stockwell Rubber Bands, 12 Pack",Office Supplies,Fasteners
4136,OFF-AR-10003876,"Avery Hi-Liter GlideStik Fluorescent Highlighter, Yellow Ink",Office Supplies,Art
4137,OFF-AP-10000486,"Cuisinart Stove, Silver",Office Supplies,Appliances
4138,OFF-BI-10001120,Ibico EPK-21 Electric Binding System,Office Supplies,Binders
4139,TEC-CO-10001654,"Hewlett Wireless Fax, Digital",Technology,Copiers
4140,OFF-AP-10001103,"Breville Microwave, Silver",Office Supplies,Appliances
4141,TEC-MA-10003624,"StarTech Inkjet, Wireless",Technology,Machines
4142,FUR-BO-10003320,"Dania Classic Bookcase, Metal",Furniture,Bookcases
4143,FUR-BO-10003199,"Bush Classic Bookcase, Mobile",Furniture,Bookcases
4144,OFF-AP-10002764,"Hoover Microwave, Black",Office Supplies,Appliances
4145,OFF-AR-10004492,"BIC Canvas, Blue",Office Supplies,Art
4146,OFF-AP-10004515,"Hamilton Beach Coffee Grinder, Red",Office Supplies,Appliances
4147,FUR-BO-10003878,"Safco Corner Shelving, Mobile",Furniture,Bookcases
4148,FUR-CH-10002768,"Office Star Swivel Stool, Black",Furniture,Chairs
4149,FUR-FU-10004787,"Advantus Frame, Durable",Furniture,Furnishings
4150,OFF-PA-10000317,"Xerox Computer Printout Paper, Premium",Office Supplies,Paper
4151,OFF-STI-10000305,"Stiletto Shears, High Speed",Office Supplies,Supplies
4152,OFF-BI-10001987,"Acco Binding Machine, Economy",Office Supplies,Binders
4153,OFF-ST-10002292,"Fellowes Lockers, Single Width",Office Supplies,Storage
4154,OFF-BI-10004965,Ibico Covers for Plastic or Wire Binding Elements,Office Supplies,Binders
4155,OFF-PA-10000423,"Enermax Computer Printout Paper, Recycled",Office Supplies,Paper
4156,OFF-FA-10000563,"Accos Push Pins, Assorted Sizes",Office Supplies,Fasteners
4157,OFF-EN-10001979,"Cameo Clasp Envelope, Security-Tint",Office Supplies,Envelopes
4158,OFF-FA-10004027,"OIC Staples, Bulk Pack",Office Supplies,Fasteners
4159,OFF-BIC-10001682,"BIC Pens, Fluorescent",Office Supplies,Art
4160,OFF-BI-10004654,Avery Binding System Hidden Tab Executive Style Index Sets,Office Supplies,Binders
4161,OFF-PA-10000030,"Eaton Parchment Paper, Recycled",Office Supplies,Paper
4162,OFF-SAN-10004288,"Sanford Sketch Pad, Blue",Office Supplies,Art
4163,OFF-PA-10004888,Xerox 217,Office Supplies,Paper
4164,FUR-DEF-10000622,"Deflect-O Light Bulb, Black",Furniture,Furnishings
4165,OFF-FA-10000522,"Stockwell Thumb Tacks, 12 Pack",Office Supplies,Fasteners
4166,OFF-BI-10000301,GBC Instant Report Kit,Office Supplies,Binders
4167,OFF-HAR-10004011,"Harbour Creations File Folder Labels, Alphabetical",Office Supplies,Labels
4168,FUR-BO-10002000,"Ikea Classic Bookcase, Metal",Furniture,Bookcases
4169,OFF-ST-10001713,"Gould Plastics 9-Pocket Panel Bin, 18-3/8w x 5-1/4d x 20-1/2h, Black",Office Supplies,Storage
4170,FUR-FU-10000605,"Rubbermaid Light Bulb, Black",Furniture,Furnishings
4171,FUR-FU-10003540,"Deflect-O Light Bulb, Erganomic",Furniture,Furnishings
4172,TEC-CO-10002035,"Canon Wireless Fax, High-Speed",Technology,Copiers
4173,FUR-BO-10004899,"Safco Floating Shelf Set, Pine",Furniture,Bookcases
4174,TEC-MA-10002711,"Epson Card Printer, Durable",Technology,Machines
4175,OFF-SU-10000914,"Kleencut Scissors, Serrated",Office Supplies,Supplies
4176,OFF-PA-10003270,Xerox 1954,Office Supplies,Paper
4177,OFF-BI-10002982,Avery Self-Adhesive Photo Pockets for Polaroid Photos,Office Supplies,Binders
4178,OFF-AP-10001593,"Cuisinart Microwave, Red",Office Supplies,Appliances
4179,OFF-AP-10002312,"KitchenAid Refrigerator, Black",Office Supplies,Appliances
4180,FUR-BO-10004806,"Safco Corner Shelving, Traditional",Furniture,Bookcases
4181,TEC-PH-10004601,"Nokia Audio Dock, with Caller ID",Technology,Phones
4182,TEC-PH-10000419,"Apple Smart Phone, Full Size",Technology,Phones
4183,OFF-ST-10002615,"Dual Level, Single-Width Filing Carts",Office Supplies,Storage
4184,TEC-CO-10001968,"Sharp Ink, High-Speed",Technology,Copiers
4185,OFF-FA-10000757,"Stockwell Paper Clips, Assorted Sizes",Office Supplies,Fasteners
4186,OFF-LA-10004122,"Avery Color Coded Labels, Laser Printer Compatible",Office Supplies,Labels
4187,OFF-PA-10003418,"Enermax Memo Slips, Multicolor",Office Supplies,Paper
4188,FUR-CH-10002961,"Leather Task Chair, Black",Furniture,Chairs
4189,TEC-PH-10000647,"Samsung Office Telephone, VoIP",Technology,Phones
4190,FUR-CH-10002093,"Harbour Creations Rocking Chair, Adjustable",Furniture,Chairs
4191,FUR-OFF-10004495,"Office Star Swivel Stool, Black",Furniture,Chairs
4192,OFF-AP-10002191,Belkin 8 Outlet SurgeMaster II Gold Surge Protector,Office Supplies,Appliances
4193,OFF-LA-10001915,"Avery Legal Exhibit Labels, 5000 Label Set",Office Supplies,Labels
4194,OFF-FA-10000571,"Accos Rubber Bands, Assorted Sizes",Office Supplies,Fasteners
4195,OFF-LA-10003422,"Smead Color Coded Labels, Alphabetical",Office Supplies,Labels
4196,TEC-AC-10004859,"Maxell Pro 80 Minute CD-R, 10/Pack",Technology,Accessories
4197,FUR-FU-10004617,"Eldon Stacking Tray, Duo Pack",Furniture,Furnishings
4198,OFF-ST-10000880,"Rogers Box, Blue",Office Supplies,Storage
4199,OFF-SU-10003717,"Stiletto Ruler, Serrated",Office Supplies,Supplies
4200,OFF-FA-10004533,"Stockwell Staples, Metal",Office Supplies,Fasteners
4201,OFF-SU-10001515,"Kleencut Box Cutter, Easy Grip",Office Supplies,Supplies
4202,OFF-AP-10001492,"Acco Six-Outlet Power Strip, 4' Cord Length",Office Supplies,Appliances
4203,OFF-AP-10001634,Hoover Commercial Lightweight Upright Vacuum,Office Supplies,Appliances
4204,OFF-FA-10000189,"OIC Paper Clips, 12 Pack",Office Supplies,Fasteners
4205,OFF-BI-10002523,"Wilson Jones Index Tab, Economy",Office Supplies,Binders
4206,OFF-PA-10004943,"Enermax Memo Slips, 8.5 x 11",Office Supplies,Paper
4207,OFF-BI-10003274,"Avery Durable Slant Ring Binders, No Labels",Office Supplies,Binders
4208,TEC-AC-10002370,Maxell CD-R Discs,Technology,Accessories
4209,OFF-BI-10003460,Acco 3-Hole Punch,Office Supplies,Binders
4210,TEC-KON-10002052,"Konica Inkjet, Wireless",Technology,Machines
4211,TEC-CO-10001596,"Brother Wireless Fax, Color",Technology,Copiers
4212,OFF-AP-10001527,"Hamilton Beach Microwave, Black",Office Supplies,Appliances
4213,FUR-BO-10001192,"Bush Library with Doors, Mobile",Furniture,Bookcases
4214,FUR-BO-10003887,"Ikea Floating Shelf Set, Traditional",Furniture,Bookcases
4215,TEC-CO-10003158,"Sharp Wireless Fax, Laser",Technology,Copiers
4216,OFF-AP-10002499,"Cuisinart Microwave, White",Office Supplies,Appliances
4217,OFF-CUI-10003665,"Cuisinart Blender, Red",Office Supplies,Appliances
4218,OFF-EN-10002581,"GlobeWeis Peel and Seal, Set of 50",Office Supplies,Envelopes
4219,TEC-AC-10004203,"Logitech Flash Drive, Bluetooth",Technology,Accessories
4220,TEC-CAN-10001789,"Canon Copy Machine, Digital",Technology,Copiers
4221,OFF-EN-10003431,"Cameo Interoffice Envelope, Security-Tint",Office Supplies,Envelopes
4222,OFF-EN-10000056,"Ames Manila Envelope, Security-Tint",Office Supplies,Envelopes
4223,FUR-CH-10002374,"SAFCO Bag Chairs, Black",Furniture,Chairs
4224,FUR-CH-10002207,"Hon Chairmat, Set of Two",Furniture,Chairs
4225,OFF-EN-10002850,"Ames Manila Envelope, Recycled",Office Supplies,Envelopes
4226,OFF-EN-10002396,"Jiffy Mailers, Set of 50",Office Supplies,Envelopes
4227,FUR-FU-10001588,"Deflect-o SuperTray Unbreakable Stackable Tray, Letter, Black",Furniture,Furnishings
4228,OFF-SU-10001573,"Kleencut Shears, Serrated",Office Supplies,Supplies
4229,OFF-BIC-10003473,"BIC Markers, Fluorescent",Office Supplies,Art
4230,FUR-SAF-10002360,"Safco Stackable Bookrack, Pine",Furniture,Bookcases
4231,FUR-CH-10003883,"Office Star Swivel Stool, Set of Two",Furniture,Chairs
4232,OFF-SU-10004659,"Elite Letter Opener, Easy Grip",Office Supplies,Supplies
4233,OFF-LA-10002927,"Avery File Folder Labels, 5000 Label Set",Office Supplies,Labels
4234,FUR-SAU-10000893,"Sauder Stackable Bookrack, Mobile",Furniture,Bookcases
4235,OFF-ST-10002659,"Smead Shelving, Wire Frame",Office Supplies,Storage
4236,TEC-AC-10004434,"Memorex Flash Drive, USB",Technology,Accessories
4237,OFF-BIN-10003023,"Binney & Smith Sketch Pad, Fluorescent",Office Supplies,Art
4238,OFF-PA-10000644,"Green Bar Cards & Envelopes, Recycled",Office Supplies,Paper
4239,OFF-SME-10003752,"Smead File Cart, Single Width",Office Supplies,Storage
4240,OFF-AR-10000347,"Sanford Pens, Blue",Office Supplies,Art
4241,OFF-AR-10003551,"Sanford Pens, Water Color",Office Supplies,Art
4242,OFF-ST-10000351,"Smead Shelving, Wire Frame",Office Supplies,Storage
4243,OFF-PA-10000944,"Enermax Computer Printout Paper, 8.5 x 11",Office Supplies,Paper
4244,OFF-LA-10004495,"Novimex Round Labels, Alphabetical",Office Supplies,Labels
4245,OFF-AP-10003558,"Hoover Refrigerator, White",Office Supplies,Appliances
4246,TEC-CO-10000956,"Sharp Copy Machine, Laser",Technology,Copiers
4247,FUR-FU-10003297,"Rubbermaid Frame, Erganomic",Furniture,Furnishings
4248,TEC-AC-10001274,"Belkin Memory Card, Bluetooth",Technology,Accessories
4249,OFF-ST-10002362,"Eldon Shelving, Single Width",Office Supplies,Storage
4250,FUR-CH-10001037,"SAFCO Chairmat, Adjustable",Furniture,Chairs
4251,FUR-FU-10000277,Deflect-o DuraMat Antistatic Studded Beveled Mat for Medium Pile Carpeting,Furniture,Furnishings
4252,TEC-STA-10004536,"StarTech Inkjet, Wireless",Technology,Machines
4253,TEC-PH-10000004,"Cisco Headset, with Caller ID",Technology,Phones
4254,OFF-AP-10001402,"KitchenAid Coffee Grinder, White",Office Supplies,Appliances
4255,OFF-AR-10003077,"Boston Markers, Fluorescent",Office Supplies,Art
4256,FUR-FU-10001161,"Deflect-O Photo Frame, Duo Pack",Furniture,Furnishings
4257,OFF-ST-10002670,"Smead Folders, Industrial",Office Supplies,Storage
4258,OFF-FA-10003990,"Stockwell Clamps, Metal",Office Supplies,Fasteners
4259,FUR-FU-10001933,"Rubbermaid Stacking Tray, Erganomic",Furniture,Furnishings
4260,OFF-PA-10001457,White GlueTop Scratch Pads,Office Supplies,Paper
4261,OFF-BI-10002126,"Wilson Jones Index Tab, Clear",Office Supplies,Binders
4262,OFF-AR-10003557,"Boston Highlighters, Easy-Erase",Office Supplies,Art
4263,OFF-EN-10001147,"Jiffy Clasp Envelope, Recycled",Office Supplies,Envelopes
4264,OFF-EN-10002240,"GlobeWeis Clasp Envelope, with clear poly window",Office Supplies,Envelopes
4265,OFF-LA-10002673,"Harbour Creations Round Labels, Laser Printer Compatible",Office Supplies,Labels
4266,OFF-BI-10001598,"Avery Hole Reinforcements, Recycled",Office Supplies,Binders
4267,OFF-BOS-10004262,"Boston Highlighters, Easy-Erase",Office Supplies,Art
4268,TEC-MA-10004241,Star Micronics TSP800 TSP847IIU Receipt Printer,Technology,Machines
4269,OFF-ST-10000046,Fellowes Super Stor/Drawer Files,Office Supplies,Storage
4270,FUR-FU-10000541,"Advantus Frame, Duo Pack",Furniture,Furnishings
4271,FUR-FU-10000521,"Seth Thomas 14"" Putty-Colored Wall Clock",Furniture,Furnishings
4272,FUR-BO-10004508,"Ikea Floating Shelf Set, Mobile",Furniture,Bookcases
4273,FUR-FU-10004188,Luxo Professional Combination Clamp-On Lamps,Furniture,Furnishings
4274,OFF-LA-10002945,"Permanent Self-Adhesive File Folder Labels for Typewriters, 1 1/8 x 3 1/2, White",Office Supplies,Labels
4275,OFF-ST-10004340,"Fellowes Mobile File Cart, Black",Office Supplies,Storage
4276,OFF-SU-10004077,"Acme Letter Opener, Easy Grip",Office Supplies,Supplies
4277,OFF-EN-10002749,"Kraft Mailers, with clear poly window",Office Supplies,Envelopes
4278,OFF-PA-10001497,"Xerox Note Cards, 8.5 x 11",Office Supplies,Paper
4279,OFF-PA-10000533,Southworth Parchment Paper & Envelopes,Office Supplies,Paper
4280,OFF-LA-10000121,Avery 48,Office Supplies,Labels
4281,OFF-ENE-10002784,"Enermax Parchment Paper, Multicolor",Office Supplies,Paper
4282,OFF-LA-10000039,"Smead Legal Exhibit Labels, Adjustable",Office Supplies,Labels
4283,OFF-PA-10002105,Xerox 223,Office Supplies,Paper
4284,FUR-FU-10001706,Longer-Life Soft White Bulbs,Furniture,Furnishings
4285,OFF-BI-10001308,GBC Standard Plastic Binding Systems' Combs,Office Supplies,Binders
4286,OFF-AP-10003217,Eureka Sanitaire  Commercial Upright,Office Supplies,Appliances
4287,OFF-AP-10002681,"Hamilton Beach Stove, Black",Office Supplies,Appliances
4288,OFF-AP-10002425,"Hamilton Beach Refrigerator, Black",Office Supplies,Appliances
4289,OFF-BI-10002459,"Cardinal Binding Machine, Recycled",Office Supplies,Binders
4290,FUR-TA-10002433,"Chromcraft Computer Table, with Bottom Storage",Furniture,Tables
4291,OFF-SU-10004627,"Stiletto Box Cutter, High Speed",Office Supplies,Supplies
4292,FUR-CH-10003248,"SAFCO Bag Chairs, Black",Furniture,Chairs
4293,OFF-BI-10003708,"Cardinal Binder, Recycled",Office Supplies,Binders
4294,TEC-HEW-10001908,"Hewlett Fax and Copier, Laser",Technology,Copiers
4295,OFF-SU-10003834,"Stiletto Shears, High Speed",Office Supplies,Supplies
4296,TEC-AC-10000642,"Logitech Flash Drive, Bluetooth",Technology,Accessories
4297,FUR-BO-10003297,"Ikea 3-Shelf Cabinet, Metal",Furniture,Bookcases
4298,OFF-PA-10004092,Tops Green Bar Computer Printout Paper,Office Supplies,Paper
4299,OFF-FA-10004449,"OIC Clamps, Assorted Sizes",Office Supplies,Fasteners
4300,FUR-FU-10000422,"Deflect-O Photo Frame, Black",Furniture,Furnishings
4301,OFF-ACM-10003591,"Acme Trimmer, Steel",Office Supplies,Supplies
4302,TEC-SAN-10003238,"SanDisk Router, Erganomic",Technology,Accessories
4303,OFF-FA-10003034,"OIC Rubber Bands, 12 Pack",Office Supplies,Fasteners
4304,OFF-FA-10000254,Sterling Rubber Bands by Alliance,Office Supplies,Fasteners
4305,TEC-PH-10001760,Bose SoundLink Bluetooth Speaker,Technology,Phones
4306,OFF-EN-10004846,Letter or Legal Size Expandable Poly String Tie Envelopes,Office Supplies,Envelopes
4307,OFF-SU-10003567,Stiletto Hand Letter Openers,Office Supplies,Supplies
4308,OFF-FA-10000735,Staples,Office Supplies,Fasteners
4309,OFF-PA-10001838,"Adams Telephone Message Book W/Dividers/Space For Phone Numbers, 5 1/4""X8 1/2"", 300/Messages",Office Supplies,Paper
4310,TEC-AC-10003038,Kingston Digital DataTraveler 16GB USB 2.0,Technology,Accessories
4311,FUR-CH-10004669,"Novimex Executive Leather Armchair, Black",Furniture,Chairs
4312,TEC-MA-10001290,"Panasonic Printer, White",Technology,Machines
4313,TEC-PH-10004959,"Motorola Audio Dock, with Caller ID",Technology,Phones
4314,TEC-CO-10002657,"Canon Copy Machine, High-Speed",Technology,Copiers
4315,FUR-BO-10001471,"Sauder Classic Bookcase, Metal",Furniture,Bookcases
4316,OFF-SU-10004401,"Acme Shears, High Speed",Office Supplies,Supplies
4317,FUR-BO-10001621,"Dania Stackable Bookrack, Traditional",Furniture,Bookcases
4318,TEC-AC-10003023,Logitech G105 Gaming Keyboard,Technology,Accessories
4319,OFF-ST-10004577,"Tenex Shelving, Wire Frame",Office Supplies,Storage
4320,OFF-AVE-10004251,"Avery Binding Machine, Economy",Office Supplies,Binders
4321,OFF-PA-10001972,"Eaton Message Books, Premium",Office Supplies,Paper
4322,FUR-CH-10002774,"Global Deluxe Stacking Chair, Gray",Furniture,Chairs
4323,OFF-LA-10000413,"Hon Legal Exhibit Labels, Alphabetical",Office Supplies,Labels
4324,OFF-EN-10004030,Convenience Packs of Business Envelopes,Office Supplies,Envelopes
4325,OFF-LA-10002490,"Hon Round Labels, Alphabetical",Office Supplies,Labels
4326,OFF-LA-10002271,Smead Alpha-Z Color-Coded Second Alphabetical Labels and Starter Set,Office Supplies,Labels
4327,FUR-CH-10003298,"Office Star - Contemporary Task Swivel chair with Loop Arms, Charcoal",Furniture,Chairs
4328,TEC-CO-10002796,"Canon Wireless Fax, Color",Technology,Copiers
4329,TEC-CO-10002089,"Brother Personal Copier, Laser",Technology,Copiers
4330,TEC-PH-10002018,"Samsung Audio Dock, VoIP",Technology,Phones
4331,FUR-BO-10001598,"Bush Corner Shelving, Pine",Furniture,Bookcases
4332,TEC-AC-10004853,"Logitech Memory Card, Programmable",Technology,Accessories
4333,OFF-SU-10000343,"Stiletto Trimmer, Serrated",Office Supplies,Supplies
4334,TEC-CO-10001450,"Canon Personal Copier, High-Speed",Technology,Copiers
4335,FUR-FU-10000972,"Rubbermaid Clock, Erganomic",Furniture,Furnishings
4336,OFF-PA-10002771,"Xerox Computer Printout Paper, Premium",Office Supplies,Paper
4337,TEC-MA-10003361,"Konica Printer, Red",Technology,Machines
4338,OFF-AP-10004665,"Hamilton Beach Coffee Grinder, Red",Office Supplies,Appliances
4339,OFF-CAR-10002031,"Cardinal 3-Hole Punch, Durable",Office Supplies,Binders
4340,FUR-TA-10003371,"Chromcraft Training Table, Adjustable Height",Furniture,Tables
4341,OFF-LA-10004689,Avery 512,Office Supplies,Labels
4342,OFF-PA-10003774,"Enermax Computer Printout Paper, Recycled",Office Supplies,Paper
4343,OFF-LA-10002475,Avery 519,Office Supplies,Labels
4344,TEC-MA-10003261,"Panasonic Phone, Durable",Technology,Machines
4345,OFF-EN-10001939,"Kraft Manila Envelope, Security-Tint",Office Supplies,Envelopes
4346,OFF-SU-10004575,"Fiskars Letter Opener, Steel",Office Supplies,Supplies
4347,OFF-AR-10002535,"Stanley Markers, Water Color",Office Supplies,Art
4348,OFF-FA-10004112,"Stockwell Staples, 12 Pack",Office Supplies,Fasteners
4349,FUR-CH-10003692,"SAFCO Swivel Stool, Set of Two",Furniture,Chairs
4350,OFF-AR-10004139,"Stanley Sketch Pad, Easy-Erase",Office Supplies,Art
4351,OFF-AR-10001708,"Boston Sketch Pad, Blue",Office Supplies,Art
4352,TEC-PH-10000497,"Nokia Office Telephone, Cordless",Technology,Phones
4353,TEC-AC-10001295,"Memorex Memory Card, Bluetooth",Technology,Accessories
4354,OFF-FA-10003817,"Stockwell Clamps, Metal",Office Supplies,Fasteners
4355,OFF-AVE-10003549,"Avery Binding Machine, Recycled",Office Supplies,Binders
4356,OFF-EN-10002491,"Cameo Peel and Seal, Set of 50",Office Supplies,Envelopes
4357,OFF-LA-10003610,"Avery Removable Labels, 5000 Label Set",Office Supplies,Labels
4358,OFF-FA-10000074,"Stockwell Push Pins, Bulk Pack",Office Supplies,Fasteners
4359,FUR-FU-10001254,"Deflect-O Light Bulb, Black",Furniture,Furnishings
4360,FUR-TA-10000022,"Hon Conference Table, Adjustable Height",Furniture,Tables
4361,OFF-AP-10003598,"Breville Refrigerator, Red",Office Supplies,Appliances
4362,FUR-BO-10001362,"Ikea Classic Bookcase, Metal",Furniture,Bookcases
4363,TEC-AC-10004018,"SanDisk Memory Card, USB",Technology,Accessories
4364,TEC-PH-10003348,"Cisco Speaker Phone, with Caller ID",Technology,Phones
4365,FUR-TA-10000670,"Chromcraft Coffee Table, Adjustable Height",Furniture,Tables
4366,TEC-CO-10002696,"Hewlett Personal Copier, Color",Technology,Copiers
4367,OFF-ST-10000003,"Tenex Shelving, Industrial",Office Supplies,Storage
4368,OFF-ST-10004350,"Rogers Shelving, Blue",Office Supplies,Storage
4369,TEC-MA-10000606,"Okidata Printer, White",Technology,Machines
4370,FUR-FU-10004503,"Tenex Photo Frame, Black",Furniture,Furnishings
4371,OFF-ST-10001932,Fellowes Staxonsteel Drawer Files,Office Supplies,Storage
4372,TEC-AC-10002130,"Logitech Flash Drive, Erganomic",Technology,Accessories
4373,OFF-SU-10004938,"Fiskars Trimmer, Steel",Office Supplies,Supplies
4374,FUR-IKE-10000619,"Ikea Corner Shelving, Pine",Furniture,Bookcases
4375,FUR-CH-10000105,"Novimex Bag Chairs, Black",Furniture,Chairs
4376,FUR-NOV-10002333,"Novimex Steel Folding Chair, Black",Furniture,Chairs
4377,OFF-ST-10003578,"Smead Box, Blue",Office Supplies,Storage
4378,OFF-ST-10000642,"Tennsco Lockers, Gray",Office Supplies,Storage
4379,OFF-AR-10003023,"Stanley Highlighters, Water Color",Office Supplies,Art
4380,TEC-SAN-10002477,"SanDisk Flash Drive, Bluetooth",Technology,Accessories
4381,FUR-BO-10002309,"Dania 3-Shelf Cabinet, Traditional",Furniture,Bookcases
4382,TEC-AC-10001445,Imation USB 2.0 Swivel Flash Drive USB flash drive - 4 GB - Pink,Technology,Accessories
4383,FUR-BAR-10004561,"Barricks Wood Table, Fully Assembled",Furniture,Tables
4384,TEC-CO-10002700,"Hewlett Fax and Copier, Digital",Technology,Copiers
4385,TEC-PH-10002183,"Apple Audio Dock, with Caller ID",Technology,Phones
4386,TEC-PH-10002867,"Cisco Smart Phone, with Caller ID",Technology,Phones
4387,FUR-BO-10001309,"Ikea Classic Bookcase, Traditional",Furniture,Bookcases
4388,TEC-CIS-10003017,"Cisco Signal Booster, with Caller ID",Technology,Phones
4389,OFF-PA-10003273,"Green Bar Cards & Envelopes, Premium",Office Supplies,Paper
4390,FUR-BO-10004459,"Safco 3-Shelf Cabinet, Traditional",Furniture,Bookcases
4391,FUR-FU-10004780,"Deflect-O Frame, Duo Pack",Furniture,Furnishings
4392,TEC-BEL-10001971,"Belkin Flash Drive, USB",Technology,Accessories
4393,FUR-BO-10001042,"Dania 3-Shelf Cabinet, Pine",Furniture,Bookcases
4394,TEC-ENE-10004728,"Enermax Keyboard, Erganomic",Technology,Accessories
4395,OFF-SU-10001894,"Elite Scissors, Steel",Office Supplies,Supplies
4396,OFF-FA-10001152,"Stockwell Clamps, Metal",Office Supplies,Fasteners
4397,OFF-AR-10001482,"Stanley Markers, Easy-Erase",Office Supplies,Art
4398,OFF-AR-10001271,"Sanford Markers, Fluorescent",Office Supplies,Art
4399,OFF-AR-10004153,"Binney & Smith Highlighters, Easy-Erase",Office Supplies,Art
4400,OFF-SU-10000388,"Acme Ruler, Serrated",Office Supplies,Supplies
4401,TEC-AC-10002170,"Logitech Flash Drive, Programmable",Technology,Accessories
4402,OFF-LA-10001187,"Smead Color Coded Labels, Alphabetical",Office Supplies,Labels
4403,TEC-PH-10003075,"Samsung Signal Booster, Full Size",Technology,Phones
4404,OFF-PA-10000362,"Xerox Parchment Paper, Premium",Office Supplies,Paper
4405,OFF-SU-10004762,"Fiskars Ruler, Steel",Office Supplies,Supplies
4406,OFF-AR-10002419,"Sanford Markers, Fluorescent",Office Supplies,Art
4407,OFF-BI-10000518,"Wilson Jones Index Tab, Clear",Office Supplies,Binders
4408,OFF-SME-10000335,"Smead Box, Wire Frame",Office Supplies,Storage
4409,TEC-MA-10002340,"Konica Receipt Printer, White",Technology,Machines
4410,TEC-CO-10000953,"HP Wireless Fax, Laser",Technology,Copiers
4411,FUR-BO-10002964,"Dania Floating Shelf Set, Pine",Furniture,Bookcases
4412,OFF-AR-10003031,"Stanley Highlighters, Easy-Erase",Office Supplies,Art
4413,FUR-BO-10003904,"Ikea Corner Shelving, Traditional",Furniture,Bookcases
4414,OFF-PA-10003823,Xerox 197,Office Supplies,Paper
4415,OFF-AR-10001850,"BIC Highlighters, Fluorescent",Office Supplies,Art
4416,TEC-AC-10002331,"Maxell 74 Minute CDR, 10/Pack",Technology,Accessories
4417,TEC-MEM-10002202,"Memorex Router, USB",Technology,Accessories
4418,OFF-AP-10000873,"Hamilton Beach Microwave, Red",Office Supplies,Appliances
4419,TEC-MA-10001311,"Epson Printer, Wireless",Technology,Machines
4420,OFF-AR-10000937,"Dixon Ticonderoga Core-Lock Colored Pencils, 48-Color Set",Office Supplies,Art
4421,TEC-CO-10001818,"Brother Ink, Digital",Technology,Copiers
4422,TEC-MA-10002694,Hewlett-Packard Deskjet F4180 All-in-One Color Ink-jet - Printer / copier / scanner,Technology,Machines
4423,FUR-FU-10001765,"Eldon Clock, Durable",Furniture,Furnishings
4424,OFF-EN-10001219,"#10- 4 1/8"" x 9 1/2"" Security-Tint Envelopes",Office Supplies,Envelopes
4425,OFF-ST-10003990,"Smead Folders, Single Width",Office Supplies,Storage
4426,OFF-AR-10000082,"Binney & Smith Pencil Sharpener, Water Color",Office Supplies,Art
4427,FUR-CH-10000229,Global Enterprise Series Seating High-Back Swivel/Tilt Chairs,Furniture,Chairs
4428,TEC-AC-10002942,WD My Passport Ultra 1TB Portable External Hard Drive,Technology,Accessories
4429,OFF-ST-10003816,Fellowes High-Stak Drawer Files,Office Supplies,Storage
4430,OFF-ST-10002352,Iris Project Case,Office Supplies,Storage
4431,FUR-FU-10001196,DAX Cubicle Frames - 8x10,Furniture,Furnishings
4432,OFF-LA-10003591,"Smead Removable Labels, Laser Printer Compatible",Office Supplies,Labels
4433,FUR-FU-10003605,"Eldon Light Bulb, Durable",Furniture,Furnishings
4434,OFF-KLE-10002118,"Kleencut Ruler, Serrated",Office Supplies,Supplies
4435,OFF-BI-10002289,"Ibico Binder, Economy",Office Supplies,Binders
4436,OFF-ACC-10004364,"Accos Push Pins, Bulk Pack",Office Supplies,Fasteners
4437,FUR-FU-10002107,Eldon Pizzaz Desk Accessories,Furniture,Furnishings
4438,TEC-PH-10002663,"Nokia Signal Booster, VoIP",Technology,Phones
4439,OFF-ST-10001460,"Smead Trays, Industrial",Office Supplies,Storage
4440,FUR-BO-10000728,"Ikea Classic Bookcase, Mobile",Furniture,Bookcases
4441,OFF-AP-10003945,"Breville Toaster, Silver",Office Supplies,Appliances
4442,FUR-BUS-10003708,"Bush Stackable Bookrack, Traditional",Furniture,Bookcases
4443,OFF-ST-10003800,"Rogers Folders, Wire Frame",Office Supplies,Storage
4444,OFF-FA-10000509,"Advantus Clamps, Bulk Pack",Office Supplies,Fasteners
4445,OFF-ST-10004432,"Fellowes Folders, Blue",Office Supplies,Storage
4446,TEC-HP -10003248,"HP Fax Machine, High-Speed",Technology,Copiers
4447,OFF-KLE-10002550,"Kleencut Scissors, Serrated",Office Supplies,Supplies
4448,OFF-ST-10002370,"Sortfiler Multipurpose Personal File Organizer, Black",Office Supplies,Storage
4449,OFF-SU-10000898,"Acme Hot Forged Carbon Steel Scissors with Nickel-Plated Handles, 3 7/8"" Cut, 8""L",Office Supplies,Supplies
4450,OFF-ACC-10003984,"Accos Paper Clips, Assorted Sizes",Office Supplies,Fasteners
4451,OFF-ST-10002900,"Smead Lockers, Wire Frame",Office Supplies,Storage
4452,FUR-TA-10002903,"Bevis Round Bullnose 29"" High Table Top",Furniture,Tables
4453,OFF-ST-10003641,Space Solutions Industrial Galvanized Steel Shelving.,Office Supplies,Storage
4454,FUR-BO-10001370,"Sauder Classic Bookcase, Mobile",Furniture,Bookcases
4455,TEC-CO-10001626,"Brother Copy Machine, Color",Technology,Copiers
4456,TEC-PH-10004200,"Motorola Audio Dock, Full Size",Technology,Phones
4457,OFF-AP-10000904,"Cuisinart Coffee Grinder, Silver",Office Supplies,Appliances
4458,TEC-PH-10002306,"Motorola Smart Phone, Full Size",Technology,Phones
4459,OFF-AR-10004748,"Boston Pencil Sharpener, Easy-Erase",Office Supplies,Art
4460,TEC-CO-10000372,"Brother Ink, High-Speed",Technology,Copiers
4461,OFF-SU-10002388,"Elite Shears, Easy Grip",Office Supplies,Supplies
4462,FUR-BO-10002981,"Sauder Stackable Bookrack, Traditional",Furniture,Bookcases
4463,OFF-ST-10000290,"Rogers Folders, Single Width",Office Supplies,Storage
4464,OFF-ST-10000661,"Tenex Box, Industrial",Office Supplies,Storage
4465,OFF-BIN-10000308,"Binney & Smith Canvas, Water Color",Office Supplies,Art
4466,OFF-EN-10003160,Pastel Pink Envelopes,Office Supplies,Envelopes
4467,FUR-CH-10004751,"Hon Steel Folding Chair, Black",Furniture,Chairs
4468,TEC-MEM-10001409,"Memorex Keyboard, Bluetooth",Technology,Accessories
4469,FUR-OFF-10002486,"Office Star Bag Chairs, Black",Furniture,Chairs
4470,OFF-BIC-10003575,"BIC Markers, Easy-Erase",Office Supplies,Art
4471,FUR-FU-10001371,"Deflect-O Stacking Tray, Black",Furniture,Furnishings
4472,OFF-SU-10002412,"Stiletto Letter Opener, Steel",Office Supplies,Supplies
4473,OFF-AR-10000502,"BIC Highlighters, Easy-Erase",Office Supplies,Art
4474,OFF-SU-10003665,"Stiletto Letter Opener, Steel",Office Supplies,Supplies
4475,TEC-AC-10001101,Sony 16GB Class 10 Micro SDHC R40 Memory Card,Technology,Accessories
4476,OFF-LA-10003215,"Smead File Folder Labels, Laser Printer Compatible",Office Supplies,Labels
4477,OFF-BI-10004738,Flexible Leather- Look Classic Collection Ring Binder,Office Supplies,Binders
4478,OFF-BI-10001967,"Acco Binder, Recycled",Office Supplies,Binders
4479,OFF-PA-10003033,"Enermax Parchment Paper, Recycled",Office Supplies,Paper
4480,FUR-CH-10000749,Office Star - Ergonomic Mid Back Chair with 2-Way Adjustable Arms,Furniture,Chairs
4481,TEC-CO-10002095,Hewlett Packard 610 Color Digital Copier / Printer,Technology,Copiers
4482,TEC-PH-10001712,"Nokia Smart Phone, Full Size",Technology,Phones
4483,OFF-ST-10000990,"Eldon Lockers, Single Width",Office Supplies,Storage
4484,TEC-CO-10002065,"Hewlett Copy Machine, Laser",Technology,Copiers
4485,OFF-EN-10003859,"Jiffy Interoffice Envelope, with clear poly window",Office Supplies,Envelopes
4486,OFF-EN-10004649,"Cameo Mailers, with clear poly window",Office Supplies,Envelopes
4487,OFF-TEN-10000827,"Tenex File Cart, Industrial",Office Supplies,Storage
4488,OFF-ST-10000615,"SimpliFile Personal File, Black Granite, 15w x 6-15/16d x 11-1/4h",Office Supplies,Storage
4489,OFF-ST-10003953,"Smead File Cart, Industrial",Office Supplies,Storage
4490,TEC-AC-10000596,"Enermax Memory Card, Erganomic",Technology,Accessories
4491,OFF-AR-10001518,"Binney & Smith Pencil Sharpener, Water Color",Office Supplies,Art
4492,TEC-AC-10004801,"Logitech Mouse, Programmable",Technology,Accessories
4493,FUR-HON-10003137,"Hon Steel Folding Chair, Set of Two",Furniture,Chairs
4494,OFF-BI-10002190,"Wilson Jones Binder, Durable",Office Supplies,Binders
4495,OFF-LA-10004894,"Hon Shipping Labels, Alphabetical",Office Supplies,Labels
4496,OFF-AR-10004148,"Sanford Pens, Easy-Erase",Office Supplies,Art
4497,OFF-PA-10001184,Xerox 1903,Office Supplies,Paper
4498,OFF-AP-10004052,"Hoover Replacement Belts For Soft Guard & Commercial Ltweight Upright Vacs, 2/Pk",Office Supplies,Appliances
4499,FUR-BO-10002766,"Bush Classic Bookcase, Traditional",Furniture,Bookcases
4500,TEC-CO-10003924,"Hewlett Fax Machine, Digital",Technology,Copiers
4501,TEC-CO-10000222,"Sharp Fax and Copier, Color",Technology,Copiers
4502,OFF-AP-10004913,"KitchenAid Refrigerator, Black",Office Supplies,Appliances
4503,TEC-PH-10003794,"Nokia Smart Phone, Full Size",Technology,Phones
4504,FUR-BO-10004911,"Ikea Corner Shelving, Mobile",Furniture,Bookcases
4505,FUR-TA-10002146,"Hon Coffee Table, with Bottom Storage",Furniture,Tables
4506,OFF-ST-10003952,"Rogers Trays, Single Width",Office Supplies,Storage
4507,FUR-CH-10004242,"Office Star Steel Folding Chair, Black",Furniture,Chairs
4508,OFF-LA-10002741,"Avery Color Coded Labels, Adjustable",Office Supplies,Labels
4509,OFF-LA-10002895,"Avery Legal Exhibit Labels, Laser Printer Compatible",Office Supplies,Labels
4510,OFF-BI-10003159,"Avery Binding Machine, Durable",Office Supplies,Binders
4511,OFF-ST-10000442,"Rogers Box, Wire Frame",Office Supplies,Storage
4512,TEC-CO-10002404,"HP Fax Machine, Color",Technology,Copiers
4513,TEC-AC-10003610,Logitech Illuminated - Keyboard,Technology,Accessories
4514,OFF-ST-10003089,"Tenex Lockers, Industrial",Office Supplies,Storage
4515,TEC-AC-10004334,"Belkin Memory Card, USB",Technology,Accessories
4516,OFF-PA-10003878,"Enermax Cards & Envelopes, Premium",Office Supplies,Paper
4517,OFF-SU-10004198,"Kleencut Scissors, Easy Grip",Office Supplies,Supplies
4518,FUR-CH-10004462,"Hon Executive Leather Armchair, Adjustable",Furniture,Chairs
4519,FUR-BO-10004053,"Dania Library with Doors, Metal",Furniture,Bookcases
4520,FUR-BO-10001967,"Safco Corner Shelving, Mobile",Furniture,Bookcases
4521,FUR-BO-10002981,"Bush Floating Shelf Set, Metal",Furniture,Bookcases
4522,TEC-MA-10003492,"Okidata Printer, Wireless",Technology,Machines
4523,OFF-SU-10001618,"Kleencut Letter Opener, Easy Grip",Office Supplies,Supplies
4524,FUR-FU-10002803,"Deflect-O Stacking Tray, Erganomic",Furniture,Furnishings
4525,FUR-CH-10000694,"Novimex Steel Folding Chair, Red",Furniture,Chairs
4526,FUR-CH-10001382,"Office Star Chairmat, Red",Furniture,Chairs
4527,OFF-SU-10002732,"Acme Box Cutter, High Speed",Office Supplies,Supplies
4528,TEC-AC-10001407,"Belkin Mouse, Erganomic",Technology,Accessories
4529,OFF-LA-10003285,"Avery Removable Labels, Adjustable",Office Supplies,Labels
4530,OFF-EN-10003435,"GlobeWeis Business Envelopes, with clear poly window",Office Supplies,Envelopes
4531,TEC-CO-10000771,"Canon Wireless Fax, Laser",Technology,Copiers
4532,TEC-PH-10002352,Avaya IP Phone 1140E VoIP phone,Technology,Phones
4533,FUR-CH-10004626,Office Star Flex Back Scooter Chair with Aluminum Finish Frame,Furniture,Chairs
4534,OFF-AP-10004756,"Hamilton Beach Toaster, Red",Office Supplies,Appliances
4535,FUR-CH-10003774,"Global Wood Trimmed Manager's Task Chair, Khaki",Furniture,Chairs
4536,OFF-ST-10003479,"Eldon Base for stackable storage shelf, platinum",Office Supplies,Storage
4537,FUR-CH-10000336,"SAFCO Chairmat, Set of Two",Furniture,Chairs
4538,OFF-BI-10000124,"Acco Binder Covers, Clear",Office Supplies,Binders
4539,FUR-FU-10000735,"Tenex Frame, Erganomic",Furniture,Furnishings
4540,OFF-EN-10001335,"White Business Envelopes with Contemporary Seam, Recycled White Business Envelopes",Office Supplies,Envelopes
4541,OFF-ST-10004897,"Tenex Folders, Blue",Office Supplies,Storage
4542,OFF-PA-10002295,"Xerox Cards & Envelopes, 8.5 x 11",Office Supplies,Paper
4543,OFF-BI-10003784,Computer Printout Index Tabs,Office Supplies,Binders
4544,FUR-TA-10004383,"Bevis Coffee Table, Adjustable Height",Furniture,Tables
4545,FUR-BO-10002003,"Sauder Classic Bookcase, Metal",Furniture,Bookcases
4546,TEC-MA-10003632,"Epson Calculator, Wireless",Technology,Machines
4547,TEC-MA-10004985,"StarTech Card Printer, Durable",Technology,Machines
4548,OFF-SU-10002543,"Stiletto Scissors, Easy Grip",Office Supplies,Supplies
4549,OFF-AR-10002115,"Boston Canvas, Fluorescent",Office Supplies,Art
4550,OFF-ACM-10004669,"Acme Shears, Easy Grip",Office Supplies,Supplies
4551,OFF-SU-10002816,"Kleencut Shears, Serrated",Office Supplies,Supplies
4552,FUR-CH-10000677,"Hon Steel Folding Chair, Red",Furniture,Chairs
4553,TEC-PH-10001305,Panasonic KX TS208W Corded phone,Technology,Phones
4554,OFF-EN-10003728,"Cameo Mailers, with clear poly window",Office Supplies,Envelopes
4555,OFF-PA-10003228,Xerox 1917,Office Supplies,Paper
4556,OFF-AR-10000681,"Binney & Smith Sketch Pad, Water Color",Office Supplies,Art
4557,OFF-SU-10002599,"Stiletto Letter Opener, Easy Grip",Office Supplies,Supplies
4558,OFF-AR-10004010,"Sanford Pencil Sharpener, Water Color",Office Supplies,Art
4559,OFF-BI-10003727,Avery Durable Slant Ring Binders With Label Holder,Office Supplies,Binders
4560,OFF-SU-10003485,"Elite Letter Opener, Easy Grip",Office Supplies,Supplies
4561,OFF-PA-10004519,Spiral Phone Message Books with Labels by Adams,Office Supplies,Paper
4562,OFF-BI-10004145,"Wilson Jones Hole Reinforcements, Economy",Office Supplies,Binders
4563,OFF-NOV-10002952,"Novimex Round Labels, Laser Printer Compatible",Office Supplies,Labels
4564,OFF-BI-10003196,Accohide Poly Flexible Ring Binders,Office Supplies,Binders
4565,OFF-ST-10003805,"24 Capacity Maxi Data Binder Racks, Pearl",Office Supplies,Storage
4566,FUR-CH-10001975,"Hon Swivel Stool, Red",Furniture,Chairs
4567,OFF-ST-10004267,"Smead File Cart, Single Width",Office Supplies,Storage
4568,FUR-TA-10003008,"Lesro Round Back Collection Coffee Table, End Table",Furniture,Tables
4569,TEC-MA-10003170,"Konica Calculator, Wireless",Technology,Machines
4570,OFF-SU-10004361,"Kleencut Trimmer, High Speed",Office Supplies,Supplies
4571,OFF-EN-10000824,"GlobeWeis Manila Envelope, Security-Tint",Office Supplies,Envelopes
4572,OFF-LA-10003510,"Avery 4027 File Folder Labels for Dot Matrix Printers, 5000 Labels per Box, White",Office Supplies,Labels
4573,FUR-FU-10003235,"Eldon Frame, Durable",Furniture,Furnishings
4574,FUR-FU-10000432,"Eldon Clock, Black",Furniture,Furnishings
4575,TEC-AC-10003824,"Logitech Numeric Keypad, Bluetooth",Technology,Accessories
4576,OFF-SU-10003522,"Elite Box Cutter, Serrated",Office Supplies,Supplies
4577,OFF-PA-10001653,"Green Bar Memo Slips, Multicolor",Office Supplies,Paper
4578,OFF-FA-10001520,"Stockwell Thumb Tacks, 12 Pack",Office Supplies,Fasteners
4579,OFF-ST-10000718,"Fellowes Folders, Single Width",Office Supplies,Storage
4580,OFF-LA-10004859,"Avery Legal Exhibit Labels, Alphabetical",Office Supplies,Labels
4581,OFF-LA-10000692,"Avery Legal Exhibit Labels, Adjustable",Office Supplies,Labels
4582,OFF-FA-10000197,"Stockwell Rubber Bands, Assorted Sizes",Office Supplies,Fasteners
4583,OFF-PA-10002109,Wirebound Voice Message Log Book,Office Supplies,Paper
4584,OFF-PA-10002352,"Eaton Parchment Paper, Premium",Office Supplies,Paper
4585,FUR-TA-10000617,"Hon Practical Foundations 30 x 60 Training Table, Light Gray/Charcoal",Furniture,Tables
4586,FUR-CH-10001784,"SAFCO Steel Folding Chair, Set of Two",Furniture,Chairs
4587,FUR-FU-10000225,"Rubbermaid Photo Frame, Durable",Furniture,Furnishings
4588,OFF-PA-10003969,"Green Bar Note Cards, 8.5 x 11",Office Supplies,Paper
4589,OFF-AR-10002800,"Binney & Smith Pencil Sharpener, Water Color",Office Supplies,Art
4590,OFF-ST-10003810,"Tenex Box, Single Width",Office Supplies,Storage
4591,OFF-AP-10001723,"Hoover Blender, Black",Office Supplies,Appliances
4592,OFF-PA-10001801,"Xerox Memo Slips, Premium",Office Supplies,Paper
4593,OFF-AP-10003236,"Hoover Blender, Black",Office Supplies,Appliances
4594,OFF-BI-10001460,Plastic Binding Combs,Office Supplies,Binders
4595,OFF-ST-10003489,"Smead Shelving, Wire Frame",Office Supplies,Storage
4596,OFF-AR-10001022,SANFORD Liquid Accent Tank-Style Highlighters,Office Supplies,Art
4597,OFF-EN-10002778,"Ames Clasp Envelope, Set of 50",Office Supplies,Envelopes
4598,OFF-ST-10004768,"Eldon Lockers, Industrial",Office Supplies,Storage
4599,TEC-SHA-10002696,"Sharp Ink, Color",Technology,Copiers
4600,FUR-FU-10004549,"Advantus Frame, Erganomic",Furniture,Furnishings
4601,TEC-MA-10002226,"Epson Phone, Red",Technology,Machines
4602,FUR-FU-10000193,Tenex Chairmats For Use with Hard Floors,Furniture,Furnishings
4603,TEC-CIS-10001877,"Cisco Office Telephone, with Caller ID",Technology,Phones
4604,FUR-FU-10004289,"Deflect-O Stacking Tray, Black",Furniture,Furnishings
4605,OFF-EN-10002736,"Cameo Clasp Envelope, with clear poly window",Office Supplies,Envelopes
4606,FUR-CH-10004010,"SAFCO Bag Chairs, Red",Furniture,Chairs
4607,OFF-STO-10001239,"Stockwell Clamps, Metal",Office Supplies,Fasteners
4608,OFF-AR-10003989,"Sanford Pencil Sharpener, Fluorescent",Office Supplies,Art
4609,TEC-CO-10002526,"Sharp Wireless Fax, Digital",Technology,Copiers
4610,TEC-PH-10002815,"Samsung Smart Phone, VoIP",Technology,Phones
4611,TEC-PH-10000493,"Apple Smart Phone, Full Size",Technology,Phones
4612,OFF-BI-10003588,"Ibico Binder, Economy",Office Supplies,Binders
4613,OFF-FA-10002763,Advantus Map Pennant Flags and Round Head Tacks,Office Supplies,Fasteners
4614,OFF-PA-10002927,"Enermax Computer Printout Paper, 8.5 x 11",Office Supplies,Paper
4615,OFF-SU-10003115,"Acme Scissors, Serrated",Office Supplies,Supplies
4616,OFF-LA-10001230,"Smead Removable Labels, Adjustable",Office Supplies,Labels
4617,FUR-TA-10001595,"Chromcraft Coffee Table, Adjustable Height",Furniture,Tables
4618,TEC-AC-10002308,"Belkin Memory Card, Erganomic",Technology,Accessories
4619,TEC-AC-10002159,"Logitech Router, Erganomic",Technology,Accessories
4620,FUR-TA-10003451,"Hon Coffee Table, Adjustable Height",Furniture,Tables
4621,TEC-MA-10002633,"StarTech Inkjet, Durable",Technology,Machines
4622,FUR-FU-10004474,"Rubbermaid Door Stop, Duo Pack",Furniture,Furnishings
4623,TEC-AC-10001950,"Belkin Flash Drive, Programmable",Technology,Accessories
4624,OFF-LA-10002609,"Avery Color Coded Labels, Alphabetical",Office Supplies,Labels
4625,OFF-BI-10002353,GBC VeloBind Cover Sets,Office Supplies,Binders
4626,OFF-BI-10002715,"Avery Index Tab, Clear",Office Supplies,Binders
4627,TEC-AC-10001553,"Memorex 25GB 6X Branded Blu-Ray Recordable Disc, 15/Pack",Technology,Accessories
4628,OFF-FA-10000027,"Stockwell Rubber Bands, Bulk Pack",Office Supplies,Fasteners
4629,OFF-AR-10001965,"BIC Markers, Easy-Erase",Office Supplies,Art
4630,OFF-BI-10003646,"Avery Index Tab, Economy",Office Supplies,Binders
4631,OFF-FA-10002100,"OIC Paper Clips, 12 Pack",Office Supplies,Fasteners
4632,OFF-BI-10001275,"Avery Index Tab, Durable",Office Supplies,Binders
4633,TEC-CO-10003342,"Canon Fax Machine, High-Speed",Technology,Copiers
4634,OFF-AP-10004191,"Cuisinart Refrigerator, Silver",Office Supplies,Appliances
4635,OFF-SU-10000707,"Stiletto Shears, Serrated",Office Supplies,Supplies
4636,OFF-SU-10003473,"Elite Trimmer, Steel",Office Supplies,Supplies
4637,OFF-BI-10002792,"Ibico Index Tab, Durable",Office Supplies,Binders
4638,FUR-FU-10000448,Tenex Chairmats For Use With Carpeted Floors,Furniture,Furnishings
4639,OFF-PA-10003982,"SanDisk Message Books, Premium",Office Supplies,Paper
4640,OFF-PA-10002219,"SanDisk Parchment Paper, Multicolor",Office Supplies,Paper
4641,OFF-PA-10000872,"Xerox Parchment Paper, Multicolor",Office Supplies,Paper
4642,OFF-CAR-10000319,"Cardinal Binder Covers, Recycled",Office Supplies,Binders
4643,OFF-LA-10002630,"Novimex Legal Exhibit Labels, Laser Printer Compatible",Office Supplies,Labels
4644,TEC-CO-10003901,"HP Copy Machine, Color",Technology,Copiers
4645,FUR-TA-10000963,"Chromcraft Round Table, with Bottom Storage",Furniture,Tables
4646,FUR-BO-10004725,"Sauder Library with Doors, Metal",Furniture,Bookcases
4647,FUR-BO-10003793,"Bush 3-Shelf Cabinet, Metal",Furniture,Bookcases
4648,TEC-PH-10000896,"Cisco Signal Booster, VoIP",Technology,Phones
4649,OFF-AP-10002283,"Hoover Toaster, Silver",Office Supplies,Appliances
4650,FUR-FU-10000516,"Advantus Clock, Duo Pack",Furniture,Furnishings
4651,TEC-PAN-10002613,"Panasonic Printer, Durable",Technology,Machines
4652,TEC-AC-10004188,"Belkin Keyboard, USB",Technology,Accessories
4653,TEC-MA-10004954,"StarTech Calculator, Red",Technology,Machines
4654,FUR-BO-10001721,"Bush Corner Shelving, Mobile",Furniture,Bookcases
4655,OFF-PA-10004286,"Enermax Cards & Envelopes, Recycled",Office Supplies,Paper
4656,OFF-PA-10003664,"Enermax Computer Printout Paper, Premium",Office Supplies,Paper
4657,OFF-PA-10004261,"Green Bar Memo Slips, 8.5 x 11",Office Supplies,Paper
4658,OFF-FA-10000644,"Accos Push Pins, Metal",Office Supplies,Fasteners
4659,OFF-LA-10004648,"Avery Color Coded Labels, 5000 Label Set",Office Supplies,Labels
4660,OFF-FA-10000470,"Stockwell Paper Clips, Assorted Sizes",Office Supplies,Fasteners
4661,OFF-BI-10000206,"Wilson Jones Binder Covers, Economy",Office Supplies,Binders
4662,OFF-FA-10003885,"Stockwell Rubber Bands, Metal",Office Supplies,Fasteners
4663,OFF-BI-10003917,"Avery Hole Reinforcements, Economy",Office Supplies,Binders
4664,OFF-ST-10002605,"Smead Box, Wire Frame",Office Supplies,Storage
4665,TEC-AC-10002568,"Enermax Numeric Keypad, Erganomic",Technology,Accessories
4666,FUR-CH-10000602,"Novimex Executive Leather Armchair, Red",Furniture,Chairs
4667,TEC-PH-10004404,"Samsung Headset, VoIP",Technology,Phones
4668,TEC-PH-10001336,Digium D40 VoIP phone,Technology,Phones
4669,OFF-SU-10000646,Premier Automatic Letter Opener,Office Supplies,Supplies
4670,FUR-FU-10000267,"Advantus Clock, Durable",Furniture,Furnishings
4671,OFF-FA-10002156,"Advantus Push Pins, Metal",Office Supplies,Fasteners
4672,OFF-AR-10000594,"Binney & Smith Highlighters, Water Color",Office Supplies,Art
4673,OFF-SU-10002301,Serrated Blade or Curved Handle Hand Letter Openers,Office Supplies,Supplies
4674,OFF-ST-10001694,"Smead Folders, Blue",Office Supplies,Storage
4675,FUR-CH-10000583,"Novimex Swivel Stool, Set of Two",Furniture,Chairs
4676,FUR-TA-10001633,"Bevis Wood Table, with Bottom Storage",Furniture,Tables
4677,OFF-FA-10004257,"Accos Clamps, Metal",Office Supplies,Fasteners
4678,TEC-AC-10003433,Maxell 4.7GB DVD+R 5/Pack,Technology,Accessories
4679,OFF-LA-10002876,"Hon Legal Exhibit Labels, Adjustable",Office Supplies,Labels
4680,TEC-AC-10004568,Maxell LTO Ultrium - 800 GB,Technology,Accessories
4681,FUR-BUS-10004336,"Bush Corner Shelving, Traditional",Furniture,Bookcases
4682,OFF-ST-10002632,"Smead Shelving, Industrial",Office Supplies,Storage
4683,OFF-ST-10001963,Tennsco Regal Shelving Units,Office Supplies,Storage
4684,OFF-ST-10003996,"Letter/Legal File Tote with Clear Snap-On Lid, Black Granite",Office Supplies,Storage
4685,FUR-BO-10002975,"Dania Stackable Bookrack, Traditional",Furniture,Bookcases
4686,FUR-FU-10004460,"Tenex Clock, Black",Furniture,Furnishings
4687,OFF-AR-10003046,"Sanford Sketch Pad, Fluorescent",Office Supplies,Art
4688,OFF-PA-10000477,Xerox 1952,Office Supplies,Paper
4689,OFF-SU-10004446,"Acme Scissors, Steel",Office Supplies,Supplies
4690,OFF-BI-10003397,"Acco Hole Reinforcements, Clear",Office Supplies,Binders
4691,OFF-BI-10003392,"Acco Binder Covers, Durable",Office Supplies,Binders
4692,FUR-FU-10002364,"Eldon Expressions Wood Desk Accessories, Oak",Furniture,Furnishings
4693,OFF-AR-10001683,Lumber Crayons,Office Supplies,Art
4694,OFF-FA-10002025,"Stockwell Clamps, Bulk Pack",Office Supplies,Fasteners
4695,OFF-AR-10001419,Newell 325,Office Supplies,Art
4696,OFF-SME-10000973,"Smead Folders, Industrial",Office Supplies,Storage
4697,FUR-FU-10000023,Eldon Wave Desk Accessories,Furniture,Furnishings
4698,OFF-BI-10004001,GBC Recycled VeloBinder Covers,Office Supplies,Binders
4699,OFF-BI-10002571,"Avery Framed View Binder, EZD Ring (Locking), Navy, 1 1/2""",Office Supplies,Binders
4700,OFF-FA-10002975,Staples,Office Supplies,Fasteners
4701,OFF-PA-10002195,"RSVP Cards & Envelopes, Blank White, 8-1/2"" X 11"", 24 Cards/25 Envelopes/Set",Office Supplies,Paper
4702,TEC-PH-10001795,ClearOne CHATAttach 160 - speaker phone,Technology,Phones
4703,TEC-ENE-10000154,"Enermax Router, Bluetooth",Technology,Accessories
4704,OFF-ST-10004576,"Rogers File Cart, Single Width",Office Supplies,Storage
4705,TEC-CAN-10003392,"Canon Copy Machine, Color",Technology,Copiers
4706,OFF-ST-10000624,"Eldon File Cart, Single Width",Office Supplies,Storage
4707,TEC-PH-10004434,Cisco IP Phone 7961G VoIP phone - Dark gray,Technology,Phones
4708,FUR-BO-10000022,"Dania Floating Shelf Set, Traditional",Furniture,Bookcases
4709,OFF-ST-10002159,"Fellowes Lockers, Wire Frame",Office Supplies,Storage
4710,OFF-ST-10003964,"Fellowes Lockers, Industrial",Office Supplies,Storage
4711,TEC-CO-10000043,"Brother Fax Machine, Laser",Technology,Copiers
4712,TEC-CO-10003124,"Canon Ink, Laser",Technology,Copiers
4713,OFF-AP-10002882,"KitchenAid Coffee Grinder, Silver",Office Supplies,Appliances
4714,TEC-OKI-10001062,"Okidata Printer, White",Technology,Machines
4715,OFF-BI-10001744,"Acco Binding Machine, Economy",Office Supplies,Binders
4716,OFF-SU-10003803,"Acme Trimmer, Steel",Office Supplies,Supplies
4717,OFF-SU-10001578,"Stiletto Shears, High Speed",Office Supplies,Supplies
4718,OFF-ST-10003547,"Smead Shelving, Blue",Office Supplies,Storage
4719,OFF-PA-10003359,"Eaton Cards & Envelopes, 8.5 x 11",Office Supplies,Paper
4720,TEC-SAM-10001017,"Samsung Speaker Phone, Cordless",Technology,Phones
4721,OFF-ST-10000464,"Multi-Use Personal File Cart and Caster Set, Three Stacking Bins",Office Supplies,Storage
4722,FUR-CH-10003697,"Novimex Chairmat, Adjustable",Furniture,Chairs
4723,FUR-FU-10002253,"Howard Miller 13"" Diameter Pewter Finish Round Wall Clock",Furniture,Furnishings
4724,OFF-EN-10000657,"Jiffy Peel and Seal, with clear poly window",Office Supplies,Envelopes
4725,TEC-EPS-10001323,"Epson Calculator, Wireless",Technology,Machines
4726,TEC-MA-10004064,"Panasonic Calculator, Red",Technology,Machines
4727,OFF-BI-10004220,"Cardinal 3-Hole Punch, Recycled",Office Supplies,Binders
4728,OFF-BI-10000323,"Wilson Jones 3-Hole Punch, Clear",Office Supplies,Binders
4729,TEC-PH-10000673,Plantronics Voyager Pro HD - Bluetooth Headset,Technology,Phones
4730,OFF-LA-10002401,"Avery Shipping Labels, Laser Printer Compatible",Office Supplies,Labels
4731,OFF-LA-10003498,Avery 475,Office Supplies,Labels
4732,OFF-LA-10000116,"Harbour Creations File Folder Labels, Adjustable",Office Supplies,Labels
4733,FUR-FU-10003142,"Master Big Foot Doorstop, Beige",Furniture,Furnishings
4734,OFF-FA-10003496,"Stockwell Push Pins, Assorted Sizes",Office Supplies,Fasteners
4735,OFF-PA-10004947,Staples,Office Supplies,Paper
4736,OFF-FA-10003021,Staples,Office Supplies,Fasteners
4737,TEC-PH-10003636,"Samsung Speaker Phone, Cordless",Technology,Phones
4738,FUR-CH-10001582,"Office Star Executive Leather Armchair, Black",Furniture,Chairs
4739,FUR-BO-10003221,"Safco Corner Shelving, Mobile",Furniture,Bookcases
4740,TEC-HEW-10003260,"Hewlett Fax and Copier, Digital",Technology,Copiers
4741,FUR-CH-10001726,"Office Star Steel Folding Chair, Adjustable",Furniture,Chairs
4742,OFF-ST-10003208,Adjustable Depth Letter/Legal Cart,Office Supplies,Storage
4743,TEC-CO-10000972,"Sharp Fax and Copier, Digital",Technology,Copiers
4744,FUR-DEF-10000572,"Deflect-O Photo Frame, Duo Pack",Furniture,Furnishings
4745,FUR-CH-10004844,"Novimex Swivel Stool, Adjustable",Furniture,Chairs
4746,TEC-SAM-10003493,"Samsung Signal Booster, VoIP",Technology,Phones
4747,FUR-CH-10004969,"Office Star Bag Chairs, Red",Furniture,Chairs
4748,OFF-BI-10001984,"Ibico Binding Machine, Economy",Office Supplies,Binders
4749,OFF-EN-10004571,"Ames Peel and Seal, with clear poly window",Office Supplies,Envelopes
4750,TEC-AC-10000097,"Memorex Keyboard, Bluetooth",Technology,Accessories
4751,OFF-FA-10002895,"Advantus Rubber Bands, Bulk Pack",Office Supplies,Fasteners
4752,OFF-LA-10002674,"Harbour Creations Color Coded Labels, 5000 Label Set",Office Supplies,Labels
4753,OFF-EAT-10003338,"Eaton Message Books, 8.5 x 11",Office Supplies,Paper
4754,TEC-PH-10001750,Samsung Rugby III,Technology,Phones
4755,FUR-HAR-10001144,"Harbour Creations Bag Chairs, Adjustable",Furniture,Chairs
4756,OFF-LA-10004745,"Harbour Creations Shipping Labels, Adjustable",Office Supplies,Labels
4757,FUR-FU-10001126,"Rubbermaid Clock, Erganomic",Furniture,Furnishings
4758,OFF-AP-10004246,"Breville Stove, Red",Office Supplies,Appliances
4759,OFF-AP-10001623,"Hoover Stove, White",Office Supplies,Appliances
4760,FUR-CH-10003232,"Harbour Creations Executive Leather Armchair, Adjustable",Furniture,Chairs
4761,OFF-AP-10004183,"Breville Microwave, Red",Office Supplies,Appliances
4762,FUR-FU-10001468,Tenex Antistatic Computer Chair Mats,Furniture,Furnishings
4763,TEC-MA-10002712,"Okidata Printer, Wireless",Technology,Machines
4764,FUR-TA-10001768,Hon Racetrack Conference Tables,Furniture,Tables
4765,TEC-STA-10004834,"StarTech Receipt Printer, Red",Technology,Machines
4766,TEC-AC-10003280,Belkin F8E887 USB Wired Ergonomic Keyboard,Technology,Accessories
4767,OFF-LA-10000861,"Avery Color Coded Labels, Alphabetical",Office Supplies,Labels
4768,TEC-NOK-10003341,"Nokia Headset, Cordless",Technology,Phones
4769,OFF-LA-10002086,"Hon Shipping Labels, 5000 Label Set",Office Supplies,Labels
4770,OFF-EN-10003422,"Kraft Peel and Seal, Recycled",Office Supplies,Envelopes
4771,OFF-PA-10002755,"Xerox Computer Printout Paper, Multicolor",Office Supplies,Paper
4772,OFF-AR-10003228,"Stanley Sketch Pad, Blue",Office Supplies,Art
4773,OFF-FA-10003144,"Stockwell Clamps, Metal",Office Supplies,Fasteners
4774,OFF-EN-10003069,"Ames Mailers, Set of 50",Office Supplies,Envelopes
4775,FUR-FU-10000718,"Rubbermaid Stacking Tray, Black",Furniture,Furnishings
4776,OFF-EN-10000061,"Cameo Business Envelopes, Set of 50",Office Supplies,Envelopes
4777,OFF-FIS-10002703,"Fiskars Letter Opener, Easy Grip",Office Supplies,Supplies
4778,OFF-PA-10000141,"Ampad Evidence Wirebond Steno Books, 6"" x 9""",Office Supplies,Paper
4779,TEC-MA-10002927,Canon imageCLASS MF7460 Monochrome Digital Laser Multifunction Copier,Technology,Machines
4780,TEC-MA-10004655,"Konica Receipt Printer, White",Technology,Machines
4781,OFF-AP-10004646,"Hoover Refrigerator, Black",Office Supplies,Appliances
4782,FUR-TA-10003003,"Lesro Wood Table, Rectangular",Furniture,Tables
4783,TEC-PH-10001079,Polycom SoundPoint Pro SE-225 Corded phone,Technology,Phones
4784,OFF-AP-10004627,"Hamilton Beach Stove, Silver",Office Supplies,Appliances
4785,TEC-AC-10000892,NETGEAR N750 Dual Band Wi-Fi Gigabit Router,Technology,Accessories
4786,OFF-ST-10000648,"Eldon File Cart, Industrial",Office Supplies,Storage
4787,TEC-MA-10003812,"Panasonic Printer, Wireless",Technology,Machines
4788,FUR-CH-10004277,"SAFCO Swivel Stool, Black",Furniture,Chairs
4789,TEC-HP -10001577,"HP Copy Machine, Laser",Technology,Copiers
4790,TEC-MA-10003246,Hewlett-Packard Deskjet D4360 Printer,Technology,Machines
4791,FUR-FU-10002387,"Rubbermaid Photo Frame, Durable",Furniture,Furnishings
4792,FUR-FU-10003384,"Advantus Photo Frame, Duo Pack",Furniture,Furnishings
4793,OFF-SU-10001909,"Fiskars Scissors, Steel",Office Supplies,Supplies
4794,OFF-EN-10004303,"Jiffy Mailers, Recycled",Office Supplies,Envelopes
4795,FUR-CH-10002574,"Office Star Chairmat, Black",Furniture,Chairs
4796,OFF-SU-10003739,"Elite Box Cutter, Steel",Office Supplies,Supplies
4797,TEC-SAN-10000740,"SanDisk Numeric Keypad, Bluetooth",Technology,Accessories
4798,OFF-FIS-10001797,"Fiskars Trimmer, Steel",Office Supplies,Supplies
4799,FUR-SAF-10001949,"SAFCO Bag Chairs, Red",Furniture,Chairs
4800,TEC-MEM-10000312,"Memorex Mouse, Programmable",Technology,Accessories
4801,OFF-BIC-10001211,"BIC Highlighters, Water Color",Office Supplies,Art
4802,OFF-ST-10002974,"Trav-L-File Heavy-Duty Shuttle II, Black",Office Supplies,Storage
4803,OFF-LA-10000648,"Harbour Creations Round Labels, Alphabetical",Office Supplies,Labels
4804,OFF-FA-10001337,"Stockwell Staples, Assorted Sizes",Office Supplies,Fasteners
4805,OFF-BI-10000962,"Acco Flexible ACCOHIDE Square Ring Data Binder, Dark Blue, 11 1/2"" X 14"" 7/8""",Office Supplies,Binders
4806,OFF-EN-10004183,"Jiffy Business Envelopes, Recycled",Office Supplies,Envelopes
4807,OFF-BI-10001036,Cardinal EasyOpen D-Ring Binders,Office Supplies,Binders
4808,OFF-AVE-10004312,"Avery Index Tab, Clear",Office Supplies,Binders
4809,OFF-OIC-10000988,"OIC Rubber Bands, Metal",Office Supplies,Fasteners
4810,OFF-FA-10000585,OIC Bulk Pack Metal Binder Clips,Office Supplies,Fasteners
4811,OFF-AR-10000940,Newell 343,Office Supplies,Art
4812,TEC-PH-10002623,"Cisco Smart Phone, with Caller ID",Technology,Phones
4813,OFF-AP-10004201,"Breville Refrigerator, White",Office Supplies,Appliances
4814,OFF-ST-10003716,Tennsco Double-Tier Lockers,Office Supplies,Storage
4815,TEC-NOK-10001678,"Nokia Audio Dock, Cordless",Technology,Phones
4816,TEC-KON-10001017,"Konica Receipt Printer, White",Technology,Machines
4817,FUR-CH-10004754,"Global Stack Chair with Arms, Black",Furniture,Chairs
4818,TEC-AC-10000110,"Belkin Numeric Keypad, Bluetooth",Technology,Accessories
4819,OFF-ST-10001346,"Smead File Cart, Industrial",Office Supplies,Storage
4820,OFF-SU-10000207,"Kleencut Box Cutter, High Speed",Office Supplies,Supplies
4821,TEC-PH-10000788,"Cisco Office Telephone, Full Size",Technology,Phones
4822,TEC-AC-10004864,Memorex Micro Travel Drive 32 GB,Technology,Accessories
4823,FUR-FU-10000816,"Tenex Clock, Erganomic",Furniture,Furnishings
4824,FUR-FU-10000320,OIC Stacking Trays,Furniture,Furnishings
4825,TEC-MA-10004772,"Konica Inkjet, White",Technology,Machines
4826,FUR-CH-10004050,"Novimex Executive Leather Armchair, Adjustable",Furniture,Chairs
4827,TEC-PH-10001699,"Samsung Smart Phone, Full Size",Technology,Phones
4828,TEC-PH-10001614,"Motorola Audio Dock, VoIP",Technology,Phones
4829,TEC-AC-10004289,"SanDisk Memory Card, Erganomic",Technology,Accessories
4830,OFF-CAM-10004790,"Cameo Peel and Seal, Set of 50",Office Supplies,Envelopes
4831,FUR-ELD-10003479,"Eldon Clock, Durable",Furniture,Furnishings
4832,OFF-EN-10003550,"Ames Mailers, Set of 50",Office Supplies,Envelopes
4833,FUR-CH-10003107,"Office Star Swivel Stool, Red",Furniture,Chairs
4834,OFF-AR-10002240,Panasonic KP-150 Electric Pencil Sharpener,Office Supplies,Art
4835,FUR-FU-10003036,"Eldon Door Stop, Durable",Furniture,Furnishings
4836,OFF-BI-10001305,"Cardinal Binder, Clear",Office Supplies,Binders
4837,OFF-PA-10002338,"Green Bar Parchment Paper, Recycled",Office Supplies,Paper
4838,OFF-PA-10001850,"Eaton Note Cards, Premium",Office Supplies,Paper
4839,OFF-PA-10002248,"Green Bar Memo Slips, 8.5 x 11",Office Supplies,Paper
4840,OFF-ELI-10003911,"Elite Shears, Serrated",Office Supplies,Supplies
4841,OFF-STO-10000923,"Stockwell Staples, Bulk Pack",Office Supplies,Fasteners
4842,FUR-RUB-10001190,"Rubbermaid Clock, Erganomic",Furniture,Furnishings
4843,FUR-FU-10004338,"Tenex Light Bulb, Black",Furniture,Furnishings
4844,OFF-ENE-10002922,"Enermax Note Cards, Premium",Office Supplies,Paper
4845,OFF-PA-10004531,"SanDisk Note Cards, 8.5 x 11",Office Supplies,Paper
4846,OFF-PA-10003034,"SanDisk Memo Slips, 8.5 x 11",Office Supplies,Paper
4847,OFF-FA-10004447,"Advantus Rubber Bands, Metal",Office Supplies,Fasteners
4848,OFF-ST-10004190,"Smead Box, Single Width",Office Supplies,Storage
4849,OFF-AR-10001192,"Binney & Smith Canvas, Fluorescent",Office Supplies,Art
4850,FUR-FU-10002104,"Advantus Photo Frame, Black",Furniture,Furnishings
4851,OFF-SU-10004115,Acme Stainless Steel Office Snips,Office Supplies,Supplies
4852,OFF-STO-10003604,"Stockwell Staples, Metal",Office Supplies,Fasteners
4853,OFF-FIS-10004721,"Fiskars Box Cutter, Serrated",Office Supplies,Supplies
4854,OFF-BI-10000201,"Avery Triangle Shaped Sheet Lifters, Black, 2/Pack",Office Supplies,Binders
4855,FUR-CH-10004755,"Novimex Swivel Stool, Red",Furniture,Chairs
4856,FUR-BO-10004585,"Ikea 3-Shelf Cabinet, Traditional",Furniture,Bookcases
4857,FUR-OFF-10001224,"Office Star Swivel Stool, Red",Furniture,Chairs
4858,TEC-PH-10004447,Toshiba IPT2010-SD IP Telephone,Technology,Phones
4859,OFF-SU-10004911,"Acme Shears, High Speed",Office Supplies,Supplies
4860,OFF-ST-10000486,"Rogers Trays, Industrial",Office Supplies,Storage
4861,TEC-ENE-10001466,"Enermax Memory Card, Erganomic",Technology,Accessories
4862,OFF-EN-10002540,"GlobeWeis Clasp Envelope, with clear poly window",Office Supplies,Envelopes
4863,FUR-CH-10001262,"Novimex Bag Chairs, Red",Furniture,Chairs
4864,TEC-HP -10004590,"HP Fax Machine, Color",Technology,Copiers
4865,OFF-LA-10004744,"Smead Shipping Labels, Alphabetical",Office Supplies,Labels
4866,OFF-PA-10003573,"Enermax Parchment Paper, 8.5 x 11",Office Supplies,Paper
4867,OFF-STO-10003802,"Stockwell Rubber Bands, Assorted Sizes",Office Supplies,Fasteners
4868,OFF-LA-10001265,"Hon File Folder Labels, Alphabetical",Office Supplies,Labels
4869,OFF-PA-10000318,"Enermax Message Books, Multicolor",Office Supplies,Paper
4870,OFF-AVE-10004159,"Avery File Folder Labels, 5000 Label Set",Office Supplies,Labels
4871,OFF-HAR-10004816,"Harbour Creations Shipping Labels, Alphabetical",Office Supplies,Labels
4872,FUR-CHR-10001018,"Chromcraft Round Table, Rectangular",Furniture,Tables
4873,FUR-TA-10003522,"Chromcraft Conference Table, with Bottom Storage",Furniture,Tables
4874,TEC-AC-10002244,"Enermax Router, Erganomic",Technology,Accessories
4875,FUR-BO-10001601,"Sauder Mission Library with Doors, Fruitwood Finish",Furniture,Bookcases
4876,OFF-PA-10003465,Xerox 1912,Office Supplies,Paper
4877,FUR-CH-10003026,"Novimex Bag Chairs, Adjustable",Furniture,Chairs
4878,OFF-PA-10001509,"Recycled Desk Saver Line ""While You Were Out"" Book, 5 1/2"" X 4""",Office Supplies,Paper
4879,FUR-CH-10002970,"Harbour Creations Chairmat, Black",Furniture,Chairs
4880,TEC-AC-10004196,"Belkin Memory Card, USB",Technology,Accessories
4881,OFF-PA-10003105,"SanDisk Parchment Paper, Premium",Office Supplies,Paper
4882,FUR-FU-10004091,"Eldon 200 Class Desk Accessories, Black",Furniture,Furnishings
4883,TEC-PH-10000494,"Apple Speaker Phone, Cordless",Technology,Phones
4884,OFF-ADV-10000551,"Advantus Thumb Tacks, Bulk Pack",Office Supplies,Fasteners
4885,OFF-FA-10002248,"Stockwell Staples, Assorted Sizes",Office Supplies,Fasteners
4886,OFF-AP-10000407,"KitchenAid Refrigerator, Silver",Office Supplies,Appliances
4887,FUR-BO-10002990,"Dania Library with Doors, Traditional",Furniture,Bookcases
4888,TEC-PH-10000412,"Cisco Office Telephone, Full Size",Technology,Phones
4889,OFF-AP-10003182,"Breville Toaster, Silver",Office Supplies,Appliances
4890,FUR-BO-10000269,"Dania Stackable Bookrack, Pine",Furniture,Bookcases
4891,FUR-CH-10003341,"Office Star Chairmat, Red",Furniture,Chairs
4892,OFF-EN-10002671,"GlobeWeis Interoffice Envelope, with clear poly window",Office Supplies,Envelopes
4893,FUR-CH-10000996,"Harbour Creations Steel Folding Chair, Black",Furniture,Chairs
4894,OFF-ST-10002233,"Smead Trays, Single Width",Office Supplies,Storage
4895,OFF-PA-10000878,"SanDisk Note Cards, Multicolor",Office Supplies,Paper
4896,TEC-PH-10000437,"Cisco Signal Booster, VoIP",Technology,Phones
4897,FUR-FU-10001867,"Eldon Expressions Punched Metal & Wood Desk Accessories, Pewter & Cherry",Furniture,Furnishings
4898,OFF-PA-10002396,"Eaton Memo Slips, 8.5 x 11",Office Supplies,Paper
4899,FUR-FU-10000397,Luxo Economy Swing Arm Lamp,Furniture,Furnishings
4900,OFF-PA-10001371,"Xerox Computer Printout Paper, 8.5 x 11",Office Supplies,Paper
4901,OFF-BI-10001362,"Avery Binder, Clear",Office Supplies,Binders
4902,OFF-LA-10000407,Avery White Multi-Purpose Labels,Office Supplies,Labels
4903,OFF-BI-10003653,"Avery 3-Hole Punch, Durable",Office Supplies,Binders
4904,OFF-BI-10000267,"Ibico Hole Reinforcements, Clear",Office Supplies,Binders
4905,OFF-ST-10004950,Acco Perma 3000 Stacking Storage Drawers,Office Supplies,Storage
4906,OFF-BI-10002301,"Cardinal Hole Reinforcements, Economy",Office Supplies,Binders
4907,OFF-PA-10000130,Xerox 199,Office Supplies,Paper
4908,OFF-PA-10002479,Xerox 4200 Series MultiUse Premium Copy Paper (20Lb. and 84 Bright),Office Supplies,Paper
4909,OFF-AR-10001149,"Avery Hi-Liter Comfort Grip Fluorescent Highlighter, Yellow Ink",Office Supplies,Art
4910,TEC-PH-10004057,"Motorola Smart Phone, with Caller ID",Technology,Phones
4911,FUR-CH-10003861,"Novimex Rocking Chair, Set of Two",Furniture,Chairs
4912,TEC-AC-10001348,"Logitech Router, Bluetooth",Technology,Accessories
4913,TEC-CO-10001787,"HP Fax and Copier, Laser",Technology,Copiers
4914,OFF-BI-10003527,Fellowes PB500 Electric Punch Plastic Comb Binding Machine with Manual Bind,Office Supplies,Binders
4915,TEC-CO-10001087,"Hewlett Ink, Laser",Technology,Copiers
4916,OFF-ST-10004186,"Stur-D-Stor Shelving, Vertical 5-Shelf: 72""H x 36""W x 18 1/2""D",Office Supplies,Storage
4917,FUR-CH-10000665,"Global Airflow Leather Mesh Back Chair, Black",Furniture,Chairs
4918,FUR-BO-10002545,"Atlantic Metals Mobile 3-Shelf Bookcases, Custom Colors",Furniture,Bookcases
4919,TEC-MA-10000240,"Okidata Inkjet, Wireless",Technology,Machines
4920,OFF-PA-10001033,Xerox 1893,Office Supplies,Paper
4921,OFF-PA-10004039,Xerox 1882,Office Supplies,Paper
4922,OFF-PA-10003625,Xerox 1979,Office Supplies,Paper
4923,TEC-PH-10000560,Samsung Galaxy S III - 16GB - pebble blue (T-Mobile),Technology,Phones
4924,FUR-BO-10002250,"Dania Floating Shelf Set, Mobile",Furniture,Bookcases
4925,TEC-PH-10004959,Classic Ivory Antique Telephone ZL1810,Technology,Phones
4926,FUR-TEN-10002448,"Tenex Stacking Tray, Erganomic",Furniture,Furnishings
4927,OFF-HON-10000172,"Hon File Folder Labels, Alphabetical",Office Supplies,Labels
4928,OFF-BI-10001895,"Ibico Binding Machine, Economy",Office Supplies,Binders
4929,TEC-CO-10002493,"Hewlett Personal Copier, Color",Technology,Copiers
4930,OFF-EN-10001315,"Jiffy Manila Envelope, Security-Tint",Office Supplies,Envelopes
4931,OFF-BI-10004969,"Acco Binding Machine, Durable",Office Supplies,Binders
4932,OFF-AR-10003582,"Boston Electric Pencil Sharpener, Model 1818, Charcoal Black",Office Supplies,Art
4933,OFF-BOS-10000577,"Boston Highlighters, Blue",Office Supplies,Art
4934,OFF-AR-10003156,50 Colored Long Pencils,Office Supplies,Art
4935,OFF-PA-10001776,"Wirebound Message Books, Four 2 3/4"" x 5"" Forms per Page, 600 Sets per Book",Office Supplies,Paper
4936,OFF-FEL-10002837,"Fellowes Folders, Single Width",Office Supplies,Storage
4937,OFF-SU-10000979,"Acme Letter Opener, Easy Grip",Office Supplies,Supplies
4938,FUR-FU-10000175,DAX Wood Document Frame.,Furniture,Furnishings
4939,OFF-BI-10003585,"Acco 3-Hole Punch, Clear",Office Supplies,Binders
4940,OFF-AR-10002096,"Binney & Smith Markers, Fluorescent",Office Supplies,Art
4941,OFF-BI-10001267,"Universal Recycled Hanging Pressboard Report Binders, Letter Size",Office Supplies,Binders
4942,FUR-TA-10002356,Bevis Boat-Shaped Conference Table,Furniture,Tables
4943,OFF-PA-10002811,"Green Bar Message Books, 8.5 x 11",Office Supplies,Paper
4944,OFF-ST-10001328,"Personal Filing Tote with Lid, Black/Gray",Office Supplies,Storage
4945,OFF-BI-10001662,"Wilson Jones Binder Covers, Durable",Office Supplies,Binders
4946,OFF-JIF-10000556,"Jiffy Interoffice Envelope, Security-Tint",Office Supplies,Envelopes
4947,TEC-AC-10003832,Imation 16GB Mini TravelDrive USB 2.0 Flash Drive,Technology,Accessories
4948,OFF-CAR-10002931,"Cardinal Hole Reinforcements, Recycled",Office Supplies,Binders
4949,OFF-BI-10001347,"Cardinal Binder Covers, Economy",Office Supplies,Binders
4950,OFF-PA-10001947,Xerox 1974,Office Supplies,Paper
4951,OFF-BI-10001138,"Acco 3-Hole Punch, Clear",Office Supplies,Binders
4952,TEC-PH-10000499,"Motorola Smart Phone, Full Size",Technology,Phones
4953,OFF-AP-10004994,"Hamilton Beach Refrigerator, Red",Office Supplies,Appliances
4954,TEC-CO-10004507,"Brother Fax and Copier, Digital",Technology,Copiers
4955,TEC-AC-10002629,"Belkin Memory Card, Programmable",Technology,Accessories
4956,FUR-BO-10004541,"Dania Library with Doors, Mobile",Furniture,Bookcases
4957,FUR-BO-10000210,"Ikea Library with Doors, Pine",Furniture,Bookcases
4958,FUR-FU-10001942,"Eldon Frame, Duo Pack",Furniture,Furnishings
4959,FUR-FU-10001452,"Rubbermaid Door Stop, Black",Furniture,Furnishings
4960,TEC-AC-10003408,"Enermax Keyboard, Programmable",Technology,Accessories
4961,OFF-FA-10000974,"Stockwell Paper Clips, Bulk Pack",Office Supplies,Fasteners
4962,OFF-FA-10001184,"Stockwell Staples, Assorted Sizes",Office Supplies,Fasteners
4963,OFF-PA-10004609,Xerox 221,Office Supplies,Paper
4964,OFF-PA-10002262,Xerox 192,Office Supplies,Paper
4965,OFF-FA-10003123,"Stockwell Staples, Bulk Pack",Office Supplies,Fasteners
4966,OFF-PA-10004470,"Adams Write n' Stick Phone Message Book, 11"" X 5 1/4"", 200 Messages",Office Supplies,Paper
4967,OFF-LA-10002598,"Harbour Creations Removable Labels, Laser Printer Compatible",Office Supplies,Labels
4968,FUR-FU-10004923,"Advantus Stacking Tray, Durable",Furniture,Furnishings
4969,OFF-LA-10004756,"Avery Removable Labels, Laser Printer Compatible",Office Supplies,Labels
4970,FUR-BO-10004707,"Ikea Library with Doors, Traditional",Furniture,Bookcases
4971,TEC-AC-10003832,Logitech P710e Mobile Speakerphone,Technology,Accessories
4972,FUR-CH-10000843,"SAFCO Executive Leather Armchair, Set of Two",Furniture,Chairs
4973,FUR-BO-10002708,"Dania Library with Doors, Pine",Furniture,Bookcases
4974,OFF-EN-10003001,Ames Color-File Green Diamond Border X-ray Mailers,Office Supplies,Envelopes
4975,TEC-CO-10004099,"Sharp Fax Machine, Digital",Technology,Copiers
4976,TEC-PH-10001117,"Apple Smart Phone, Full Size",Technology,Phones
4977,FUR-CH-10003941,"Novimex Executive Leather Armchair, Adjustable",Furniture,Chairs
4978,FUR-CH-10002974,"SAFCO Rocking Chair, Red",Furniture,Chairs
4979,TEC-PH-10003511,"Samsung Speaker Phone, Full Size",Technology,Phones
4980,TEC-MA-10002538,"Okidata Phone, Wireless",Technology,Machines
4981,TEC-PH-10002218,"Apple Speaker Phone, Cordless",Technology,Phones
4982,OFF-BI-10000506,"Ibico Binder, Economy",Office Supplies,Binders
4983,OFF-EN-10002624,"Jiffy Clasp Envelope, Set of 50",Office Supplies,Envelopes
4984,OFF-AR-10000404,"Stanley Pencil Sharpener, Easy-Erase",Office Supplies,Art
4985,OFF-SU-10001722,"Stiletto Box Cutter, Easy Grip",Office Supplies,Supplies
4986,OFF-EN-10002258,"Jiffy Mailers, with clear poly window",Office Supplies,Envelopes
4987,OFF-ST-10003718,"Fellowes Shelving, Single Width",Office Supplies,Storage
4988,OFF-LA-10004370,"Novimex File Folder Labels, 5000 Label Set",Office Supplies,Labels
4989,FUR-FU-10002505,Eldon 100 Class Desk Accessories,Furniture,Furnishings
4990,OFF-AR-10001315,Newell 310,Office Supplies,Art
4991,FUR-BO-10004015,"Bush Andora Bookcase, Maple/Graphite Gray Finish",Furniture,Bookcases
4992,TEC-HP -10000081,"HP Ink, Color",Technology,Copiers
4993,FUR-BO-10002510,"Safco 3-Shelf Cabinet, Traditional",Furniture,Bookcases
4994,TEC-BRO-10003986,"Brother Personal Copier, Color",Technology,Copiers
4995,TEC-MA-10004452,"Epson Receipt Printer, Durable",Technology,Machines
4996,OFF-ST-10004473,"Tenex Trays, Wire Frame",Office Supplies,Storage
4997,TEC-PH-10004188,OtterBox Commuter Series Case - Samsung Galaxy S4,Technology,Phones
4998,OFF-AP-10002413,"Breville Coffee Grinder, Black",Office Supplies,Appliances
4999,FUR-CH-10002017,SAFCO Optional Arm Kit for Workspace Cribbage Stacking Chair,Furniture,Chairs
5000,OFF-EN-10004518,"GlobeWeis Mailers, Recycled",Office Supplies,Envelopes
5001,OFF-ST-10003426,"Tenex Box, Wire Frame",Office Supplies,Storage
5002,OFF-BI-10001634,Wilson Jones Active Use Binders,Office Supplies,Binders
5003,OFF-FA-10004799,"Advantus Thumb Tacks, Bulk Pack",Office Supplies,Fasteners
5004,OFF-AR-10002060,"Stanley Pens, Fluorescent",Office Supplies,Art
5005,OFF-LA-10001312,"Hon File Folder Labels, Laser Printer Compatible",Office Supplies,Labels
5006,OFF-AVE-10000110,"Avery Round Labels, Laser Printer Compatible",Office Supplies,Labels
5007,OFF-BI-10004903,"Ibico Hole Reinforcements, Durable",Office Supplies,Binders
5008,OFF-LA-10001045,Permanent Self-Adhesive File Folder Labels for Typewriters by Universal,Office Supplies,Labels
5009,TEC-CO-10001595,"Brother Copy Machine, Color",Technology,Copiers
5010,TEC-STA-10003081,"StarTech Phone, White",Technology,Machines
5011,TEC-MA-10003998,"Epson Card Printer, Wireless",Technology,Machines
5012,OFF-AP-10001242,APC 7 Outlet Network SurgeArrest Surge Protector,Office Supplies,Appliances
5013,FUR-FU-10002379,Eldon Econocleat Chair Mats for Low Pile Carpets,Furniture,Furnishings
5014,TEC-CO-10003007,"Hewlett Fax and Copier, Color",Technology,Copiers
5015,OFF-PA-10003884,"Eaton Message Books, Multicolor",Office Supplies,Paper
5016,OFF-BI-10003952,"Acco Binding Machine, Recycled",Office Supplies,Binders
5017,TEC-CO-10004521,"HP Personal Copier, Laser",Technology,Copiers
5018,OFF-SAN-10001074,"SanDisk Message Books, Premium",Office Supplies,Paper
5019,TEC-BEL-10001391,"Belkin Numeric Keypad, USB",Technology,Accessories
5020,OFF-SAN-10004706,"SanDisk Note Cards, Premium",Office Supplies,Paper
5021,OFF-PA-10003591,Southworth 100% Cotton The Best Paper,Office Supplies,Paper
5022,OFF-ST-10004802,"Rogers File Cart, Industrial",Office Supplies,Storage
5023,FUR-BO-10000170,"Safco Library with Doors, Mobile",Furniture,Bookcases
5024,FUR-CH-10002468,"Hon Rocking Chair, Adjustable",Furniture,Chairs
5025,FUR-BO-10003546,Hon 4-Shelf Metal Bookcases,Furniture,Bookcases
5026,TEC-CO-10001630,"Canon Personal Copier, Digital",Technology,Copiers
5027,TEC-HP -10004801,"HP Personal Copier, High-Speed",Technology,Copiers
5028,FUR-TA-10001113,"Barricks Training Table, Fully Assembled",Furniture,Tables
5029,FUR-CH-10002212,"Hon Chairmat, Black",Furniture,Chairs
5030,TEC-MA-10000087,"StarTech Calculator, White",Technology,Machines
5031,TEC-PH-10004211,"Cisco Headset, Cordless",Technology,Phones
5032,FUR-TA-10000849,Bevis Rectangular Conference Tables,Furniture,Tables
5033,FUR-SAF-10000508,"Safco Library with Doors, Traditional",Furniture,Bookcases
5034,OFF-HAM-10003992,"Hamilton Beach Toaster, Silver",Office Supplies,Appliances
5035,FUR-SAU-10003188,"Sauder Stackable Bookrack, Pine",Furniture,Bookcases
5036,FUR-TA-10002533,BPI Conference Tables,Furniture,Tables
5037,OFF-AP-10000977,"Cuisinart Toaster, Red",Office Supplies,Appliances
5038,FUR-FU-10003553,"Howard Miller 13-1/2"" Diameter Rosebrook Wall Clock",Furniture,Furnishings
5039,FUR-FU-10001473,"Eldon Executive Woodline II Desk Accessories, Mahogany",Furniture,Furnishings
5040,OFF-ST-10000885,Fellowes Desktop Hanging File Manager,Office Supplies,Storage
5041,OFF-TEN-10003948,"Tenex Box, Blue",Office Supplies,Storage
5042,OFF-IBI-10002805,"Ibico 3-Hole Punch, Economy",Office Supplies,Binders
5043,OFF-ST-10003656,Safco Industrial Wire Shelving,Office Supplies,Storage
5044,FUR-RUB-10002945,"Rubbermaid Photo Frame, Duo Pack",Furniture,Furnishings
5045,OFF-PA-10003808,"SanDisk Note Cards, Premium",Office Supplies,Paper
5046,FUR-FU-10003370,"Tenex Light Bulb, Durable",Furniture,Furnishings
5047,OFF-PA-10000383,"Green Bar Note Cards, Premium",Office Supplies,Paper
5048,OFF-OIC-10004255,"OIC Paper Clips, Assorted Sizes",Office Supplies,Fasteners
5049,OFF-BI-10001757,Pressboard Hanging Data Binders for Unburst Sheets,Office Supplies,Binders
5050,OFF-BI-10001107,"GBC White Gloss Covers, Plain Front",Office Supplies,Binders
5051,TEC-PH-10004875,PNY Rapid USB Car Charger - Black,Technology,Phones
5052,OFF-STO-10004971,"Stockwell Paper Clips, Assorted Sizes",Office Supplies,Fasteners
5053,OFF-GLO-10001127,"GlobeWeis Business Envelopes, Set of 50",Office Supplies,Envelopes
5054,OFF-STI-10001743,"Stiletto Scissors, Easy Grip",Office Supplies,Supplies
5055,OFF-AVE-10000894,"Avery Color Coded Labels, Adjustable",Office Supplies,Labels
5056,OFF-STA-10004484,"Stanley Pens, Water Color",Office Supplies,Art
5057,OFF-BI-10004656,Peel & Stick Add-On Corner Pockets,Office Supplies,Binders
5058,FUR-TA-10002868,"Barricks Coffee Table, Adjustable Height",Furniture,Tables
5059,TEC-AC-10002844,"SanDisk Flash Drive, USB",Technology,Accessories
5060,FUR-SAF-10002495,"Safco Library with Doors, Mobile",Furniture,Bookcases
5061,OFF-PA-10000357,Xerox 1888,Office Supplies,Paper
5062,OFF-SU-10000650,"Acme Shears, Steel",Office Supplies,Supplies
5063,TEC-PH-10002296,"Nokia Signal Booster, with Caller ID",Technology,Phones
5064,TEC-PH-10004896,Nokia Lumia 521 (T-Mobile),Technology,Phones
5065,TEC-AC-10002345,HP Standard 104 key PS/2 Keyboard,Technology,Accessories
5066,OFF-PA-10001583,"1/4 Fold Party Design Invitations & White Envelopes, 24 8-1/2"" X 11"" Cards, 25 Env./Pack",Office Supplies,Paper
5067,OFF-SME-10003134,"Smead Box, Single Width",Office Supplies,Storage
5068,OFF-SU-10002627,"Kleencut Scissors, Serrated",Office Supplies,Supplies
5069,OFF-EN-10002592,"Peel & Seel Recycled Catalog Envelopes, Brown",Office Supplies,Envelopes
5070,OFF-BI-10003669,3M Organizer Strips,Office Supplies,Binders
5071,OFF-FA-10004269,"Accos Staples, Assorted Sizes",Office Supplies,Fasteners
5072,TEC-PH-10003002,"Cisco Smart Phone, Full Size",Technology,Phones
5073,FUR-SAF-10004664,"SAFCO Steel Folding Chair, Set of Two",Furniture,Chairs
5074,OFF-PA-10004359,Multicolor Computer Printout Paper,Office Supplies,Paper
5075,TEC-AC-10000742,"SanDisk Flash Drive, Erganomic",Technology,Accessories
5076,OFF-AP-10004569,"Hoover Coffee Grinder, Red",Office Supplies,Appliances
5077,TEC-SAM-10000613,"Samsung Speaker Phone, with Caller ID",Technology,Phones
5078,TEC-HEW-10000365,"Hewlett Copy Machine, Laser",Technology,Copiers
5079,FUR-CH-10001150,"SAFCO Steel Folding Chair, Red",Furniture,Chairs
5080,OFF-FA-10003730,"Stockwell Thumb Tacks, Bulk Pack",Office Supplies,Fasteners
5081,OFF-HOO-10003820,"Hoover Toaster, White",Office Supplies,Appliances
5082,OFF-LA-10002334,"Smead Shipping Labels, Alphabetical",Office Supplies,Labels
5083,OFF-BI-10003702,"Wilson Jones Binder Covers, Durable",Office Supplies,Binders
5084,OFF-AVE-10002102,"Avery 3-Hole Punch, Economy",Office Supplies,Binders
5085,OFF-PA-10001708,"Green Bar Note Cards, Premium",Office Supplies,Paper
5086,OFF-KRA-10000113,"Kraft Peel and Seal, Recycled",Office Supplies,Envelopes
5087,OFF-GLO-10000201,"GlobeWeis Clasp Envelope, Recycled",Office Supplies,Envelopes
5088,OFF-PA-10001609,Tops Wirebound Message Log Books,Office Supplies,Paper
5089,OFF-AP-10001630,"Hamilton Beach Microwave, Black",Office Supplies,Appliances
5090,OFF-AP-10003561,"Breville Microwave, Black",Office Supplies,Appliances
5091,TEC-CO-10002009,"Brother Wireless Fax, High-Speed",Technology,Copiers
5092,OFF-AP-10002734,Holmes Harmony HEPA Air Purifier for 17 x 20 Room,Office Supplies,Appliances
5093,FUR-LES-10002852,"Lesro Computer Table, Adjustable Height",Furniture,Tables
5094,TEC-PH-10001548,"Nokia Speaker Phone, Full Size",Technology,Phones
5095,TEC-AC-10001720,"Enermax Memory Card, Bluetooth",Technology,Accessories
5096,FUR-FU-10000514,"Deflect-O Photo Frame, Erganomic",Furniture,Furnishings
5097,OFF-EN-10002784,"Cameo Manila Envelope, Recycled",Office Supplies,Envelopes
5098,OFF-AR-10000715,"Boston Markers, Blue",Office Supplies,Art
5099,OFF-LA-10002995,"Avery Removable Labels, Adjustable",Office Supplies,Labels
5100,OFF-AR-10001659,"Boston Markers, Blue",Office Supplies,Art
5101,TEC-AC-10000494,"Logitech Numeric Keypad, USB",Technology,Accessories
5102,TEC-AC-10001090,"Enermax Mouse, Programmable",Technology,Accessories
5103,OFF-AR-10001336,"Binney & Smith Pens, Blue",Office Supplies,Art
5104,OFF-GRE-10003334,"Green Bar Parchment Paper, 8.5 x 11",Office Supplies,Paper
5105,OFF-LA-10004919,"Smead Color Coded Labels, Alphabetical",Office Supplies,Labels
5106,OFF-EN-10004955,Fashion Color Clasp Envelopes,Office Supplies,Envelopes
5107,OFF-SU-10003160,"Acme Ruler, High Speed",Office Supplies,Supplies
5108,OFF-FA-10001776,"Stockwell Rubber Bands, Metal",Office Supplies,Fasteners
5109,OFF-LA-10000477,"Smead Round Labels, Alphabetical",Office Supplies,Labels
5110,OFF-LA-10004918,"Harbour Creations Round Labels, Alphabetical",Office Supplies,Labels
5111,OFF-PA-10002328,"Eaton Memo Slips, Recycled",Office Supplies,Paper
5112,OFF-BI-10000769,"Ibico Binder Covers, Clear",Office Supplies,Binders
5113,OFF-PA-10001752,Hammermill CopyPlus Copy Paper (20Lb. and 84 Bright),Office Supplies,Paper
5114,TEC-MA-10004553,"Epson Receipt Printer, Red",Technology,Machines
5115,FUR-CH-10000595,Safco Contoured Stacking Chairs,Furniture,Chairs
5116,TEC-PH-10000037,"Cisco Signal Booster, Cordless",Technology,Phones
5117,FUR-SAF-10000085,"Safco Library with Doors, Pine",Furniture,Bookcases
5118,TEC-STA-10002286,"StarTech Receipt Printer, White",Technology,Machines
5119,FUR-FU-10004790,"Advantus Photo Frame, Erganomic",Furniture,Furnishings
5120,FUR-CH-10001973,Office Star Flex Back Scooter Chair with White Frame,Furniture,Chairs
5121,FUR-BO-10001888,"Dania Floating Shelf Set, Pine",Furniture,Bookcases
5122,TEC-OKI-10003124,"Okidata Inkjet, Wireless",Technology,Machines
5123,FUR-FU-10003500,"Rubbermaid Photo Frame, Duo Pack",Furniture,Furnishings
5124,FUR-CH-10001138,"Office Star Swivel Stool, Black",Furniture,Chairs
5125,OFF-EN-10004958,"Cameo Manila Envelope, Security-Tint",Office Supplies,Envelopes
5126,OFF-AR-10003685,"Stanley Canvas, Water Color",Office Supplies,Art
5127,OFF-BI-10001254,"Avery Binding Machine, Recycled",Office Supplies,Binders
5128,OFF-EN-10003040,Quality Park Security Envelopes,Office Supplies,Envelopes
5129,OFF-AP-10004336,"Conquest 14 Commercial Heavy-Duty Upright Vacuum, Collection System, Accessory Kit",Office Supplies,Appliances
5130,OFF-ACM-10003978,"Acme Trimmer, High Speed",Office Supplies,Supplies
5131,OFF-EN-10000383,"Ames Clasp Envelope, Recycled",Office Supplies,Envelopes
5132,OFF-CUI-10000203,"Cuisinart Toaster, Black",Office Supplies,Appliances
5133,OFF-HAR-10002914,"Harbour Creations Shipping Labels, Laser Printer Compatible",Office Supplies,Labels
5134,OFF-EN-10002621,Staples,Office Supplies,Envelopes
5135,TEC-MEM-10001732,"Memorex Numeric Keypad, USB",Technology,Accessories
5136,OFF-BI-10002049,UniKeep View Case Binders,Office Supplies,Binders
5137,FUR-FU-10001940,Staples,Furniture,Furnishings
5138,TEC-SAN-10001738,"SanDisk Mouse, Programmable",Technology,Accessories
5139,TEC-CO-10002583,"Canon Fax and Copier, Color",Technology,Copiers
5140,TEC-PH-10002584,Samsung Galaxy S4,Technology,Phones
5141,FUR-TA-10001306,"Hon Wood Table, Adjustable Height",Furniture,Tables
5142,FUR-CH-10000847,Global Executive Mid-Back Manager's Chair,Furniture,Chairs
5143,TEC-MA-10002435,"Epson Receipt Printer, Wireless",Technology,Machines
5144,FUR-CH-10001832,"Novimex Rocking Chair, Red",Furniture,Chairs
5145,TEC-PH-10000599,"Samsung Audio Dock, Cordless",Technology,Phones
5146,FUR-BO-10000624,"Safco Classic Bookcase, Metal",Furniture,Bookcases
5147,OFF-ST-10000036,"Recycled Data-Pak for Archival Bound Computer Printouts, 12-1/2 x 12-1/2 x 16",Office Supplies,Storage
5148,FUR-CH-10001714,"Global Leather & Oak Executive Chair, Burgundy",Furniture,Chairs
5149,OFF-PA-10001815,Xerox 1885,Office Supplies,Paper
5150,TEC-AC-10001772,Memorex Mini Travel Drive 16 GB USB 2.0 Flash Drive,Technology,Accessories
5151,FUR-FU-10002045,"Executive Impressions 14""",Furniture,Furnishings
5152,OFF-BI-10000029,"Ibico Binding Machine, Recycled",Office Supplies,Binders
5153,TEC-PH-10003764,"Cisco Office Telephone, Cordless",Technology,Phones
5154,FUR-FU-10002960,"Eldon 200 Class Desk Accessories, Burgundy",Furniture,Furnishings
5155,OFF-ST-10002546,"Eldon Folders, Single Width",Office Supplies,Storage
5156,OFF-BI-10003350,Acco Expandable Hanging Binders,Office Supplies,Binders
5157,TEC-AC-10001056,"Belkin Router, USB",Technology,Accessories
5158,TEC-CO-10000825,"Brother Ink, Color",Technology,Copiers
5159,FUR-BO-10002325,"Bush Classic Bookcase, Metal",Furniture,Bookcases
5160,FUR-TA-10000577,Bretford CR4500 Series Slim Rectangular Table,Furniture,Tables
5161,FUR-BO-10000071,"Safco 3-Shelf Cabinet, Metal",Furniture,Bookcases
5162,OFF-ST-10004183,"Rogers Trays, Wire Frame",Office Supplies,Storage
5163,TEC-PH-10001580,Logitech Mobile Speakerphone P710e - speaker phone,Technology,Phones
5164,OFF-ST-10001755,"Smead Lockers, Single Width",Office Supplies,Storage
5165,FUR-BO-10003159,"Sauder Camden County Collection Libraries, Planked Cherry Finish",Furniture,Bookcases
5166,TEC-AC-10001246,"Enermax Numeric Keypad, Erganomic",Technology,Accessories
5167,TEC-CO-10000565,"Canon Fax and Copier, Color",Technology,Copiers
5168,OFF-PA-10000575,"Wirebound Message Books, Four 2 3/4 x 5 White Forms per Page",Office Supplies,Paper
5169,OFF-PA-10003252,"Xerox Note Cards, 8.5 x 11",Office Supplies,Paper
5170,OFF-SU-10000970,"Elite Box Cutter, Easy Grip",Office Supplies,Supplies
5171,OFF-AR-10004707,Staples,Office Supplies,Art
5172,OFF-LA-10000248,Avery 52,Office Supplies,Labels
5173,OFF-LA-10001317,Avery 520,Office Supplies,Labels
5174,OFF-AP-10001041,"Hoover Stove, White",Office Supplies,Appliances
5175,TEC-PH-10000292,"Samsung Office Telephone, Full Size",Technology,Phones
5176,OFF-LA-10001158,"Avery Address/Shipping Labels for Typewriters, 4"" x 2""",Office Supplies,Labels
5177,FUR-FU-10000502,"Deflect-O Clock, Black",Furniture,Furnishings
5178,TEC-PH-10002170,ClearSounds CSC500 Amplified Spirit Phone Corded phone,Technology,Phones
5179,OFF-PA-10002586,Xerox 1970,Office Supplies,Paper
5180,OFF-HON-10003010,"Hon Round Labels, 5000 Label Set",Office Supplies,Labels
5181,TEC-AC-10004539,"Logitech Flash Drive, USB",Technology,Accessories
5182,OFF-STO-10002661,"Stockwell Staples, 12 Pack",Office Supplies,Fasteners
5183,OFF-BI-10000963,"Acco Index Tab, Clear",Office Supplies,Binders
5184,OFF-ST-10003322,"Eldon Shelving, Wire Frame",Office Supplies,Storage
5185,FUR-FU-10003268,Eldon Radial Chair Mat for Low to Medium Pile Carpets,Furniture,Furnishings
5186,TEC-MA-10003400,"Panasonic Printer, Durable",Technology,Machines
5187,FUR-FU-10003773,Eldon Cleatmat Plus Chair Mats for High Pile Carpets,Furniture,Furnishings
5188,FUR-TA-10000360,"Chromcraft Wood Table, Fully Assembled",Furniture,Tables
5189,TEC-AC-10003447,Micropad Numeric Keypads,Technology,Accessories
5190,OFF-SU-10001592,"Kleencut Letter Opener, Easy Grip",Office Supplies,Supplies
5191,TEC-BRO-10003401,"Brother Fax and Copier, High-Speed",Technology,Copiers
5192,TEC-CO-10000296,"Canon Fax and Copier, Digital",Technology,Copiers
5193,FUR-CH-10004736,"Novimex Bag Chairs, Adjustable",Furniture,Chairs
5194,FUR-BO-10000330,"Sauder Camden County Barrister Bookcase, Planked Cherry Finish",Furniture,Bookcases
5195,OFF-KRA-10000534,"Kraft Interoffice Envelope, Security-Tint",Office Supplies,Envelopes
5196,OFF-BI-10003324,"Acco Hole Reinforcements, Recycled",Office Supplies,Binders
5197,FUR-BO-10002423,"Safco Floating Shelf Set, Mobile",Furniture,Bookcases
5198,OFF-EN-10003175,"Ames Manila Envelope, Security-Tint",Office Supplies,Envelopes
5199,OFF-LA-10002043,Avery 489,Office Supplies,Labels
5200,OFF-FA-10000046,"Advantus Staples, Bulk Pack",Office Supplies,Fasteners
5201,OFF-ENE-10003314,"Enermax Parchment Paper, Recycled",Office Supplies,Paper
5202,OFF-EN-10003862,Laser & Ink Jet Business Envelopes,Office Supplies,Envelopes
5203,OFF-AR-10001922,"Sanford Pens, Blue",Office Supplies,Art
5204,FUR-FU-10004117,"Eldon Door Stop, Black",Furniture,Furnishings
5205,OFF-FA-10001045,"Stockwell Staples, 12 Pack",Office Supplies,Fasteners
5206,OFF-ST-10002714,"Eldon Box, Industrial",Office Supplies,Storage
5207,OFF-ST-10003445,"Rogers Folders, Industrial",Office Supplies,Storage
5208,OFF-AR-10001954,Newell 331,Office Supplies,Art
5209,OFF-LA-10004737,"Avery Shipping Labels, 5000 Label Set",Office Supplies,Labels
5210,OFF-AR-10003875,"Stanley Highlighters, Easy-Erase",Office Supplies,Art
5211,OFF-SME-10003047,"Smead Color Coded Labels, Laser Printer Compatible",Office Supplies,Labels
5212,OFF-BI-10001286,"Ibico Hole Reinforcements, Durable",Office Supplies,Binders
5213,TEC-CO-10000263,"Hewlett Fax Machine, Digital",Technology,Copiers
5214,TEC-MA-10004023,"Konica Phone, Wireless",Technology,Machines
5215,OFF-ELI-10001705,"Elite Trimmer, Steel",Office Supplies,Supplies
5216,OFF-ST-10001335,"Rogers File Cart, Single Width",Office Supplies,Storage
5217,FUR-FU-10000067,"Rubbermaid Photo Frame, Duo Pack",Furniture,Furnishings
5218,TEC-PAN-10000878,"Panasonic Phone, Wireless",Technology,Machines
5219,OFF-BI-10000482,"Acco 3-Hole Punch, Recycled",Office Supplies,Binders
5220,TEC-PH-10003601,"Apple Office Telephone, with Caller ID",Technology,Phones
5221,OFF-EN-10000872,"Ames Business Envelopes, Set of 50",Office Supplies,Envelopes
5222,TEC-AC-10004334,"Belkin Mouse, Programmable",Technology,Accessories
5223,OFF-FA-10002353,"Accos Paper Clips, Metal",Office Supplies,Fasteners
5224,OFF-SU-10003991,"Fiskars Shears, Steel",Office Supplies,Supplies
5225,OFF-LA-10002821,"Harbour Creations Color Coded Labels, 5000 Label Set",Office Supplies,Labels
5226,OFF-LA-10002964,"Harbour Creations Shipping Labels, 5000 Label Set",Office Supplies,Labels
5227,OFF-ST-10004325,"Eldon Box, Single Width",Office Supplies,Storage
5228,OFF-AR-10000720,"Binney & Smith Markers, Fluorescent",Office Supplies,Art
5229,OFF-BI-10000814,"Wilson Jones Binder, Recycled",Office Supplies,Binders
5230,OFF-AR-10001129,"Stanley Pens, Easy-Erase",Office Supplies,Art
5231,OFF-LA-10002681,"Smead Round Labels, Laser Printer Compatible",Office Supplies,Labels
5232,OFF-LA-10001287,"Harbour Creations Removable Labels, Adjustable",Office Supplies,Labels
5233,OFF-LA-10001582,"Smead Round Labels, 5000 Label Set",Office Supplies,Labels
5234,TEC-CO-10000556,"HP Wireless Fax, Laser",Technology,Copiers
5235,OFF-ST-10003411,"Eldon Trays, Wire Frame",Office Supplies,Storage
5236,TEC-BRO-10004802,"Brother Fax Machine, High-Speed",Technology,Copiers
5237,TEC-AC-10002884,"Belkin Keyboard, USB",Technology,Accessories
5238,OFF-BI-10004105,"Acco 3-Hole Punch, Recycled",Office Supplies,Binders
5239,OFF-AP-10001130,"Breville Toaster, Black",Office Supplies,Appliances
5240,TEC-AC-10002550,"Memorex 25GB 6X Branded Blu-Ray Recordable Disc, 30/Pack",Technology,Accessories
5241,OFF-BI-10001723,"Avery Binder, Clear",Office Supplies,Binders
5242,OFF-ST-10004930,"Tenex Trays, Single Width",Office Supplies,Storage
5243,OFF-EN-10004560,"Ames Mailers, Security-Tint",Office Supplies,Envelopes
5244,OFF-FA-10004605,"OIC Clamps, Assorted Sizes",Office Supplies,Fasteners
5245,OFF-SU-10000304,"Kleencut Ruler, Serrated",Office Supplies,Supplies
5246,OFF-EN-10004007,Park Ridge Embossed Executive Business Envelopes,Office Supplies,Envelopes
5247,OFF-PA-10001818,"Green Bar Note Cards, Multicolor",Office Supplies,Paper
5248,OFF-FA-10004516,"Stockwell Push Pins, Bulk Pack",Office Supplies,Fasteners
5249,FUR-CH-10001854,Office Star - Professional Matrix Back Chair with 2-to-1 Synchro Tilt and Mesh Fabric Seat,Furniture,Chairs
5250,TEC-AC-10001258,"Belkin Router, Erganomic",Technology,Accessories
5251,FUR-CH-10003746,Hon 4070 Series Pagoda Round Back Stacking Chairs,Furniture,Chairs
5252,FUR-TA-10000649,"Bevis Computer Table, Adjustable Height",Furniture,Tables
5253,FUR-FU-10000666,"Rubbermaid Frame, Black",Furniture,Furnishings
5254,OFF-ST-10000632,"Rogers Shelving, Single Width",Office Supplies,Storage
5255,TEC-CO-10002788,"Hewlett Personal Copier, Digital",Technology,Copiers
5256,OFF-EN-10002789,"Kraft Peel and Seal, Recycled",Office Supplies,Envelopes
5257,FUR-CH-10004049,"SAFCO Bag Chairs, Set of Two",Furniture,Chairs
5258,OFF-FEL-10003785,"Fellowes Shelving, Industrial",Office Supplies,Storage
5259,OFF-AR-10001823,"BIC Highlighters, Blue",Office Supplies,Art
5260,OFF-PA-10001323,"Eaton Note Cards, 8.5 x 11",Office Supplies,Paper
5261,FUR-FU-10003878,"Linden 10"" Round Wall Clock, Black",Furniture,Furnishings
5262,FUR-FU-10001861,"Floodlight Indoor Halogen Bulbs, 1 Bulb per Pack, 60 Watts",Furniture,Furnishings
5263,TEC-PH-10001644,"BlueLounge Milo Smartphone Stand, White/Metallic",Technology,Phones
5264,FUR-FU-10000628,"Rubbermaid Light Bulb, Black",Furniture,Furnishings
5265,OFF-LA-10003955,"Avery Shipping Labels, 5000 Label Set",Office Supplies,Labels
5266,OFF-AR-10002897,"BIC Markers, Water Color",Office Supplies,Art
5267,OFF-PA-10002363,"Eaton Message Books, Recycled",Office Supplies,Paper
5268,OFF-PA-10001972,Xerox 214,Office Supplies,Paper
5269,FUR-CH-10004652,"Hon Bag Chairs, Black",Furniture,Chairs
5270,OFF-OIC-10000121,"OIC Paper Clips, 12 Pack",Office Supplies,Fasteners
5271,OFF-LA-10004774,"Avery Shipping Labels, Alphabetical",Office Supplies,Labels
5272,FUR-DAN-10002967,"Dania 3-Shelf Cabinet, Metal",Furniture,Bookcases
5273,TEC-HP -10003618,"HP Fax Machine, Digital",Technology,Copiers
5274,FUR-ADV-10004971,"Advantus Door Stop, Erganomic",Furniture,Furnishings
5275,TEC-CO-10004813,"Hewlett Ink, Digital",Technology,Copiers
5276,TEC-MA-10004143,"Konica Calculator, Wireless",Technology,Machines
5277,OFF-PA-10003115,"Enermax Note Cards, Premium",Office Supplies,Paper
5278,OFF-BI-10000734,"Avery Binding Machine, Recycled",Office Supplies,Binders
5279,TEC-AC-10001267,Imation 32GB Pocket Pro USB 3.0 Flash Drive - 32 GB - Black - 1 P ...,Technology,Accessories
5280,FUR-FU-10003849,"DAX Metal Frame, Desktop, Stepped-Edge",Furniture,Furnishings
5281,TEC-MA-10000261,"StarTech Calculator, Red",Technology,Machines
5282,OFF-AR-10003012,"Sanford Markers, Easy-Erase",Office Supplies,Art
5283,FUR-FU-10002759,12-1/2 Diameter Round Wall Clock,Furniture,Furnishings
5284,OFF-LA-10000634,Avery 509,Office Supplies,Labels
5285,OFF-BI-10002047,"Acco Index Tab, Durable",Office Supplies,Binders
5286,TEC-AC-10000199,Kingston Digital DataTraveler 8GB USB 2.0,Technology,Accessories
5287,TEC-PH-10000160,"Motorola Smart Phone, with Caller ID",Technology,Phones
5288,TEC-CO-10004367,"Canon Wireless Fax, Digital",Technology,Copiers
5289,FUR-BO-10001165,"Bush Library with Doors, Mobile",Furniture,Bookcases
5290,TEC-MA-10000946,"Panasonic Calculator, Red",Technology,Machines
5291,TEC-MA-10002779,"Panasonic Receipt Printer, Red",Technology,Machines
5292,OFF-ST-10002685,"Eldon Lockers, Blue",Office Supplies,Storage
5293,TEC-PH-10003811,Jabra Supreme Plus Driver Edition Headset,Technology,Phones
5294,TEC-PH-10000014,"Motorola Headset, VoIP",Technology,Phones
5295,OFF-SU-10003371,"Kleencut Trimmer, High Speed",Office Supplies,Supplies
5296,OFF-ST-10003409,"Tenex File Cart, Single Width",Office Supplies,Storage
5297,OFF-AP-10004825,"Cuisinart Toaster, Red",Office Supplies,Appliances
5298,FUR-FU-10004954,"Tenex Clock, Duo Pack",Furniture,Furnishings
5299,OFF-ST-10003121,"Rogers Box, Industrial",Office Supplies,Storage
5300,OFF-EN-10000857,"Ames Mailers, Security-Tint",Office Supplies,Envelopes
5301,OFF-BI-10000928,"Ibico Binder, Clear",Office Supplies,Binders
5302,OFF-PA-10000320,"Enermax Parchment Paper, Multicolor",Office Supplies,Paper
5303,OFF-BI-10004801,"Acco Binding Machine, Durable",Office Supplies,Binders
5304,FUR-HON-10001689,"Hon Executive Leather Armchair, Red",Furniture,Chairs
5305,TEC-MA-10003743,"StarTech Printer, Durable",Technology,Machines
5306,OFF-AR-10002671,"Hunt BOSTON Model 1606 High-Volume Electric Pencil Sharpener, Beige",Office Supplies,Art
5307,TEC-PH-10004437,"Cisco Speaker Phone, with Caller ID",Technology,Phones
5308,FUR-CH-10004746,"Office Star Executive Leather Armchair, Adjustable",Furniture,Chairs
5309,TEC-AC-10002533,"Enermax Memory Card, USB",Technology,Accessories
5310,TEC-MA-10000606,"Epson Phone, Wireless",Technology,Machines
5311,FUR-CH-10004011,"SAFCO Executive Leather Armchair, Black",Furniture,Chairs
5312,OFF-AR-10001405,"Binney & Smith Highlighters, Fluorescent",Office Supplies,Art
5313,TEC-PH-10001809,Panasonic KX T7736-B Digital phone,Technology,Phones
5314,OFF-BI-10004534,"Wilson Jones Binding Machine, Recycled",Office Supplies,Binders
5315,OFF-FA-10001199,"Advantus Thumb Tacks, 12 Pack",Office Supplies,Fasteners
5316,OFF-BI-10002424,"Avery Binder, Economy",Office Supplies,Binders
5317,OFF-HAR-10002083,"Harbour Creations Round Labels, 5000 Label Set",Office Supplies,Labels
5318,TEC-PH-10001870,Lunatik TT5L-002 Taktik Strike Impact Protection System for iPhone 5,Technology,Phones
5319,OFF-AVE-10001750,"Avery 3-Hole Punch, Clear",Office Supplies,Binders
5320,OFF-ST-10001496,Standard Rollaway File with Lock,Office Supplies,Storage
5321,TEC-PH-10001066,"Apple Smart Phone, Cordless",Technology,Phones
5322,TEC-CO-10002578,"Canon Copy Machine, Laser",Technology,Copiers
5323,OFF-AP-10003568,"Hoover Stove, Black",Office Supplies,Appliances
5324,FUR-CH-10000685,"Hon Executive Leather Armchair, Black",Furniture,Chairs
5325,TEC-AC-10004249,"Logitech Flash Drive, USB",Technology,Accessories
5326,OFF-BI-10000880,"Wilson Jones Binder, Recycled",Office Supplies,Binders
5327,OFF-FA-10004824,"Stockwell Rubber Bands, Bulk Pack",Office Supplies,Fasteners
5328,TEC-PH-10002222,"Cisco Office Telephone, VoIP",Technology,Phones
5329,TEC-AC-10004975,"SanDisk Numeric Keypad, Erganomic",Technology,Accessories
5330,FUR-BUS-10002192,"Bush 3-Shelf Cabinet, Metal",Furniture,Bookcases
5331,OFF-LA-10003971,"Novimex Color Coded Labels, Laser Printer Compatible",Office Supplies,Labels
5332,OFF-ST-10002485,Rogers Deluxe File Chest,Office Supplies,Storage
5333,TEC-PH-10000307,Shocksock Galaxy S4 Armband,Technology,Phones
5334,OFF-PA-10004313,"Green Bar Computer Printout Paper, 8.5 x 11",Office Supplies,Paper
5335,OFF-ST-10002205,File Shuttle I and Handi-File,Office Supplies,Storage
5336,OFF-PA-10003686,"SanDisk Message Books, Multicolor",Office Supplies,Paper
5337,OFF-AP-10004036,Bionaire 99.97% HEPA Air Cleaner,Office Supplies,Appliances
5338,OFF-ST-10003274,"Eldon Box, Wire Frame",Office Supplies,Storage
5339,OFF-PA-10000062,Green Bar Computer Printout Paper,Office Supplies,Paper
5340,FUR-BO-10002682,"Safco Stackable Bookrack, Mobile",Furniture,Bookcases
5341,FUR-TA-10003748,"Bevis Round Table, Adjustable Height",Furniture,Tables
5342,TEC-PH-10004901,"Nokia Office Telephone, Cordless",Technology,Phones
5343,OFF-ST-10001554,"Eldon Folders, Industrial",Office Supplies,Storage
5344,OFF-SU-10003332,"Elite Letter Opener, Steel",Office Supplies,Supplies
5345,OFF-EN-10002434,"Kraft Manila Envelope, Recycled",Office Supplies,Envelopes
5346,FUR-FU-10000783,"Advantus Light Bulb, Durable",Furniture,Furnishings
5347,OFF-BI-10000305,"Wilson Jones Index Tab, Durable",Office Supplies,Binders
5348,OFF-BI-10004275,"Wilson Jones Index Tab, Recycled",Office Supplies,Binders
5349,FUR-BO-10002318,"Dania Classic Bookcase, Mobile",Furniture,Bookcases
5350,TEC-CO-10003250,"Brother Personal Copier, Digital",Technology,Copiers
5351,TEC-PH-10002565,"Apple Audio Dock, with Caller ID",Technology,Phones
5352,FUR-CH-10004062,"Office Star Rocking Chair, Adjustable",Furniture,Chairs
5353,TEC-CO-10002673,"Brother Fax and Copier, Laser",Technology,Copiers
5354,TEC-OKI-10003221,"Okidata Receipt Printer, Red",Technology,Machines
5355,TEC-CO-10000887,"Hewlett Copy Machine, High-Speed",Technology,Copiers
5356,OFF-EN-10001327,"Cameo Interoffice Envelope, Security-Tint",Office Supplies,Envelopes
5357,OFF-BIC-10000718,"BIC Pencil Sharpener, Fluorescent",Office Supplies,Art
5358,OFF-PA-10001327,"SanDisk Cards & Envelopes, Recycled",Office Supplies,Paper
5359,OFF-PA-10001954,Xerox 1964,Office Supplies,Paper
5360,OFF-AR-10000974,"Stanley Pens, Fluorescent",Office Supplies,Art
5361,OFF-ST-10000777,"Companion Letter/Legal File, Black",Office Supplies,Storage
5362,OFF-SU-10003085,"Stiletto Ruler, Easy Grip",Office Supplies,Supplies
5363,OFF-SU-10001686,"Kleencut Trimmer, Easy Grip",Office Supplies,Supplies
5364,OFF-EN-10004977,"Jiffy Manila Envelope, Recycled",Office Supplies,Envelopes
5365,OFF-LA-10004020,"Hon Color Coded Labels, 5000 Label Set",Office Supplies,Labels
5366,TEC-PH-10003095,Samsung HM1900 Bluetooth Headset,Technology,Phones
5367,OFF-BI-10004628,"Cardinal Binder, Durable",Office Supplies,Binders
5368,OFF-TEN-10000703,"Tenex Trays, Blue",Office Supplies,Storage
5369,OFF-BI-10000440,"Acco Index Tab, Economy",Office Supplies,Binders
5370,OFF-AR-10004360,"Boston Pens, Fluorescent",Office Supplies,Art
5371,OFF-FIS-10002784,"Fiskars Box Cutter, High Speed",Office Supplies,Supplies
5372,OFF-OIC-10004253,"OIC Rubber Bands, Bulk Pack",Office Supplies,Fasteners
5373,OFF-BI-10001132,"Acco PRESSTEX Data Binder with Storage Hooks, Dark Blue, 9 1/2"" X 11""",Office Supplies,Binders
5374,OFF-OIC-10003366,"OIC Staples, Metal",Office Supplies,Fasteners
5375,OFF-ADV-10004274,"Advantus Thumb Tacks, Metal",Office Supplies,Fasteners
5376,FUR-BO-10001356,"Ikea Library with Doors, Mobile",Furniture,Bookcases
5377,TEC-CO-10001222,"Sharp Fax Machine, Laser",Technology,Copiers
5378,FUR-TA-10002611,"Barricks Computer Table, with Bottom Storage",Furniture,Tables
5379,FUR-BO-10001405,"Bush Stackable Bookrack, Pine",Furniture,Bookcases
5380,TEC-CO-10001766,Canon PC940 Copier,Technology,Copiers
5381,TEC-CO-10003819,"Sharp Copy Machine, High-Speed",Technology,Copiers
5382,FUR-CH-10003706,"Harbour Creations Chairmat, Black",Furniture,Chairs
5383,TEC-PH-10003556,"Samsung Speaker Phone, VoIP",Technology,Phones
5384,FUR-FU-10004619,"Tenex Stacking Tray, Erganomic",Furniture,Furnishings
5385,OFF-FA-10004424,"Advantus Clamps, 12 Pack",Office Supplies,Fasteners
5386,OFF-PA-10000756,"Enermax Computer Printout Paper, Premium",Office Supplies,Paper
5387,TEC-AC-10001022,"SanDisk Flash Drive, USB",Technology,Accessories
5388,TEC-PH-10002138,"Apple Audio Dock, Cordless",Technology,Phones
5389,OFF-SAN-10004420,"Sanford Sketch Pad, Water Color",Office Supplies,Art
5390,OFF-LA-10003594,"Hon Removable Labels, Adjustable",Office Supplies,Labels
5391,OFF-PA-10003845,Xerox 1987,Office Supplies,Paper
5392,OFF-BI-10004554,"Avery Index Tab, Clear",Office Supplies,Binders
5393,OFF-SME-10001667,"Smead Shipping Labels, 5000 Label Set",Office Supplies,Labels
5394,OFF-BI-10001885,"Avery Binder Covers, Economy",Office Supplies,Binders
5395,OFF-AME-10002652,"Ames Peel and Seal, Set of 50",Office Supplies,Envelopes
5396,OFF-SU-10000932,"Fiskars Ruler, High Speed",Office Supplies,Supplies
5397,OFF-STO-10004779,"Stockwell Push Pins, Bulk Pack",Office Supplies,Fasteners
5398,OFF-PA-10000143,Astroparche Fine Business Paper,Office Supplies,Paper
5399,FUR-BAR-10003576,"Barricks Training Table, with Bottom Storage",Furniture,Tables
5400,OFF-PA-10000951,"Enermax Note Cards, Multicolor",Office Supplies,Paper
5401,FUR-FU-10002250,"Advantus Photo Frame, Durable",Furniture,Furnishings
5402,FUR-CH-10001708,Office Star - Contemporary Swivel Chair with Padded Adjustable Arms and Flex Back,Furniture,Chairs
5403,OFF-ST-10003858,"Fellowes File Cart, Single Width",Office Supplies,Storage
5404,OFF-PA-10001844,"Eaton Message Books, 8.5 x 11",Office Supplies,Paper
5405,OFF-PA-10002222,"Xerox Color Copier Paper, 11"" x 17"", Ream",Office Supplies,Paper
5406,OFF-AR-10002400,"Boston Highlighters, Water Color",Office Supplies,Art
5407,OFF-BI-10002080,"Acco Binder, Clear",Office Supplies,Binders
5408,OFF-LA-10000483,"Harbour Creations Shipping Labels, Alphabetical",Office Supplies,Labels
5409,OFF-BI-10000315,Poly Designer Cover & Back,Office Supplies,Binders
5410,OFF-LA-10002633,"Novimex Shipping Labels, Laser Printer Compatible",Office Supplies,Labels
5411,TEC-CO-10002617,"Brother Fax Machine, High-Speed",Technology,Copiers
5412,FUR-CH-10002932,"Harbour Creations Rocking Chair, Adjustable",Furniture,Chairs
5413,FUR-BO-10001501,"Bush Classic Bookcase, Metal",Furniture,Bookcases
5414,FUR-TA-10004619,Hon Non-Folding Utility Tables,Furniture,Tables
5415,FUR-CH-10004331,"SAFCO Rocking Chair, Red",Furniture,Chairs
5416,TEC-CO-10002504,"Brother Copy Machine, Laser",Technology,Copiers
5417,FUR-SAU-10001776,"Sauder Stackable Bookrack, Pine",Furniture,Bookcases
5418,OFF-BOS-10003160,"Boston Markers, Water Color",Office Supplies,Art
5419,OFF-BI-10003650,GBC DocuBind 300 Electric Binding Machine,Office Supplies,Binders
5420,FUR-DAN-10001875,"Dania Floating Shelf Set, Metal",Furniture,Bookcases
5421,FUR-CH-10003733,"Hon Steel Folding Chair, Set of Two",Furniture,Chairs
5422,TEC-MA-10003796,"Konica Calculator, Durable",Technology,Machines
5423,OFF-HAM-10001712,"Hamilton Beach Blender, Silver",Office Supplies,Appliances
5424,TEC-PH-10003954,"Cisco Signal Booster, Cordless",Technology,Phones
5425,OFF-BI-10003917,"Wilson Jones 3-Hole Punch, Recycled",Office Supplies,Binders
5426,TEC-KON-10000302,"Konica Phone, White",Technology,Machines
5427,TEC-SAM-10001935,"Samsung Office Telephone, Cordless",Technology,Phones
5428,OFF-PA-10003784,"Eaton Note Cards, Premium",Office Supplies,Paper
5429,FUR-FU-10003975,Eldon Advantage Chair Mats for Low to Medium Pile Carpets,Furniture,Furnishings
5430,OFF-STO-10000753,"Stockwell Thumb Tacks, 12 Pack",Office Supplies,Fasteners
5431,OFF-LA-10003338,"Novimex Legal Exhibit Labels, Alphabetical",Office Supplies,Labels
5432,OFF-EAT-10004908,"Eaton Message Books, Recycled",Office Supplies,Paper
5433,FUR-RUB-10003699,"Rubbermaid Light Bulb, Duo Pack",Furniture,Furnishings
5434,FUR-FU-10004270,"Eldon Image Series Desk Accessories, Burgundy",Furniture,Furnishings
5435,OFF-GLO-10004160,"GlobeWeis Business Envelopes, with clear poly window",Office Supplies,Envelopes
5436,OFF-ST-10000617,Woodgrain Magazine Files by Perma,Office Supplies,Storage
5437,OFF-EN-10003999,"Cameo Peel and Seal, with clear poly window",Office Supplies,Envelopes
5438,OFF-AP-10004168,"Cuisinart Stove, White",Office Supplies,Appliances
5439,FUR-TA-10000184,"Barricks Conference Table, Fully Assembled",Furniture,Tables
5440,TEC-ENE-10000817,"Enermax Mouse, USB",Technology,Accessories
5441,TEC-AC-10003159,"SanDisk Router, USB",Technology,Accessories
5442,FUR-CH-10000656,"Hon Swivel Stool, Adjustable",Furniture,Chairs
5443,FUR-CH-10002543,"SAFCO Steel Folding Chair, Set of Two",Furniture,Chairs
5444,OFF-ST-10002172,"Fellowes Trays, Blue",Office Supplies,Storage
5445,FUR-FU-10003069,"Deflect-O Photo Frame, Durable",Furniture,Furnishings
5446,OFF-AR-10002111,"Sanford Highlighters, Easy-Erase",Office Supplies,Art
5447,FUR-FU-10000686,"Rubbermaid Door Stop, Durable",Furniture,Furnishings
5448,TEC-CIS-10002598,"Cisco Audio Dock, with Caller ID",Technology,Phones
5449,OFF-AR-10001879,"Stanley Pencil Sharpener, Fluorescent",Office Supplies,Art
5450,OFF-AR-10002145,"Binney & Smith Sketch Pad, Fluorescent",Office Supplies,Art
5451,FUR-FU-10002094,"Rubbermaid Photo Frame, Erganomic",Furniture,Furnishings
5452,OFF-PA-10002416,"Xerox Memo Slips, 8.5 x 11",Office Supplies,Paper
5453,OFF-AP-10003007,"Breville Toaster, Red",Office Supplies,Appliances
5454,FUR-FU-10003930,Howard Miller 12-3/4 Diameter Accuwave DS  Wall Clock,Furniture,Furnishings
5455,OFF-SU-10002161,"Elite Ruler, Steel",Office Supplies,Supplies
5456,OFF-ST-10002271,"Rogers Shelving, Wire Frame",Office Supplies,Storage
5457,OFF-EN-10002911,"Ames Manila Envelope, with clear poly window",Office Supplies,Envelopes
5458,FUR-FU-10003540,"Deflect-O Stacking Tray, Erganomic",Furniture,Furnishings
5459,OFF-EN-10000061,"Jiffy Clasp Envelope, Security-Tint",Office Supplies,Envelopes
5460,OFF-PA-10003911,"Green Bar Cards & Envelopes, Premium",Office Supplies,Paper
5461,TEC-PH-10004184,"Motorola Headset, with Caller ID",Technology,Phones
5462,OFF-FA-10002895,"Accos Staples, 12 Pack",Office Supplies,Fasteners
5463,OFF-BI-10000171,"Wilson Jones Index Tab, Recycled",Office Supplies,Binders
5464,OFF-EN-10002003,"Ames Clasp Envelope, Set of 50",Office Supplies,Envelopes
5465,TEC-CO-10001894,"Sharp Copy Machine, High-Speed",Technology,Copiers
5466,TEC-BRO-10003876,"Brother Fax Machine, Laser",Technology,Copiers
5467,OFF-ST-10000546,"Tenex Lockers, Wire Frame",Office Supplies,Storage
5468,TEC-OKI-10004735,"Okidata Receipt Printer, Wireless",Technology,Machines
5469,TEC-AC-10003033,Plantronics CS510 - Over-the-Head monaural Wireless Headset System,Technology,Accessories
5470,FUR-CH-10000528,"Novimex Steel Folding Chair, Adjustable",Furniture,Chairs
5471,FUR-TA-10002645,Hon Rectangular Conference Tables,Furniture,Tables
5472,TEC-MA-10004482,"StarTech Card Printer, Red",Technology,Machines
5473,OFF-BI-10001312,"Cardinal 3-Hole Punch, Clear",Office Supplies,Binders
5474,OFF-AP-10004466,"Cuisinart Toaster, Black",Office Supplies,Appliances
5475,FUR-OFF-10003019,"Office Star Steel Folding Chair, Adjustable",Furniture,Chairs
5476,OFF-AP-10003774,"Hoover Coffee Grinder, Black",Office Supplies,Appliances
5477,OFF-FA-10003059,Assorted Color Push Pins,Office Supplies,Fasteners
5478,OFF-AR-10004614,"Boston Pencil Sharpener, Water Color",Office Supplies,Art
5479,FUR-BO-10002892,"Safco Classic Bookcase, Mobile",Furniture,Bookcases
5480,TEC-MA-10004049,"Epson Printer, White",Technology,Machines
5481,FUR-HON-10000224,"Hon Computer Table, with Bottom Storage",Furniture,Tables
5482,TEC-KON-10001624,"Konica Receipt Printer, Durable",Technology,Machines
5483,FUR-CH-10000294,"Office Star Swivel Stool, Red",Furniture,Chairs
5484,OFF-ACC-10002849,"Acco 3-Hole Punch, Clear",Office Supplies,Binders
5485,OFF-BI-10003774,"Cardinal 3-Hole Punch, Durable",Office Supplies,Binders
5486,TEC-AC-10004306,"Belkin Keyboard, Bluetooth",Technology,Accessories
5487,TEC-MA-10004323,"Panasonic Phone, White",Technology,Machines
5488,TEC-MOT-10001178,"Motorola Signal Booster, with Caller ID",Technology,Phones
5489,FUR-FU-10001063,"Eldon Light Bulb, Black",Furniture,Furnishings
5490,FUR-CH-10003514,"Harbour Creations Rocking Chair, Set of Two",Furniture,Chairs
5491,OFF-BI-10001662,"Avery Binder, Recycled",Office Supplies,Binders
5492,OFF-AR-10000467,"Sanford Markers, Fluorescent",Office Supplies,Art
5493,TEC-BEL-10002324,"Belkin Keyboard, Bluetooth",Technology,Accessories
5494,OFF-BI-10001685,"Avery Index Tab, Durable",Office Supplies,Binders
5495,TEC-MA-10004822,"Epson Calculator, Durable",Technology,Machines
5496,OFF-GLO-10003496,"GlobeWeis Manila Envelope, Set of 50",Office Supplies,Envelopes
5497,TEC-AC-10000152,"Logitech Flash Drive, Erganomic",Technology,Accessories
5498,OFF-SU-10003892,"Acme Box Cutter, High Speed",Office Supplies,Supplies
5499,OFF-LA-10003809,"Novimex Legal Exhibit Labels, Laser Printer Compatible",Office Supplies,Labels
5500,TEC-PH-10000169,ARKON Windshield Dashboard Air Vent Car Mount Holder,Technology,Phones
5501,OFF-WIL-10000604,"Wilson Jones Binder, Clear",Office Supplies,Binders
5502,FUR-FU-10003829,Stackable Trays,Furniture,Furnishings
5503,FUR-TA-10000164,"Lesro Training Table, Fully Assembled",Furniture,Tables
5504,FUR-CH-10001415,"Office Star Executive Leather Armchair, Red",Furniture,Chairs
5505,OFF-AR-10003021,"BIC Sketch Pad, Water Color",Office Supplies,Art
5506,OFF-AP-10003834,"KitchenAid Stove, Red",Office Supplies,Appliances
5507,OFF-AP-10004063,"Cuisinart Stove, Silver",Office Supplies,Appliances
5508,OFF-BI-10000621,"Ibico 3-Hole Punch, Economy",Office Supplies,Binders
5509,TEC-CO-10002769,"HP Fax Machine, Digital",Technology,Copiers
5510,FUR-BO-10003530,"Safco 3-Shelf Cabinet, Pine",Furniture,Bookcases
5511,TEC-AC-10001142,First Data FD10 PIN Pad,Technology,Accessories
5512,TEC-AC-10002719,"Enermax Router, Programmable",Technology,Accessories
5513,OFF-LA-10001839,"Smead Shipping Labels, Laser Printer Compatible",Office Supplies,Labels
5514,OFF-PA-10004946,"SanDisk Note Cards, Multicolor",Office Supplies,Paper
5515,TEC-AC-10002795,"Memorex Mouse, Programmable",Technology,Accessories
5516,OFF-EN-10001157,"Ames Business Envelopes, Security-Tint",Office Supplies,Envelopes
5517,FUR-FU-10004090,"Executive Impressions 14"" Contract Wall Clock",Furniture,Furnishings
5518,TEC-AC-10000269,"Memorex Numeric Keypad, USB",Technology,Accessories
5519,OFF-AR-10000676,"Sanford Markers, Blue",Office Supplies,Art
5520,FUR-FU-10000657,"Eldon Door Stop, Black",Furniture,Furnishings
5521,OFF-SU-10001346,"Stiletto Shears, Steel",Office Supplies,Supplies
5522,OFF-FA-10000490,"OIC Binder Clips, Mini, 1/4"" Capacity, Black",Office Supplies,Fasteners
5523,TEC-MEM-10001163,"Memorex Mouse, Erganomic",Technology,Accessories
5524,OFF-BI-10000591,Avery Binder Labels,Office Supplies,Binders
5525,FUR-TA-10004744,"Lesro Conference Table, with Bottom Storage",Furniture,Tables
5526,FUR-TA-10002153,"Lesro Round Table, with Bottom Storage",Furniture,Tables
5527,FUR-CH-10003033,"Novimex Rocking Chair, Adjustable",Furniture,Chairs
5528,TEC-AC-10002322,"Memorex Memory Card, Bluetooth",Technology,Accessories
5529,TEC-MA-10001627,"Konica Printer, White",Technology,Machines
5530,TEC-MA-10000964,"Okidata Calculator, Red",Technology,Machines
5531,TEC-PH-10004085,"Apple Audio Dock, with Caller ID",Technology,Phones
5532,TEC-MA-10002264,"Panasonic Printer, Durable",Technology,Machines
5533,OFF-BI-10004685,"Acco Binder, Economy",Office Supplies,Binders
5534,OFF-EN-10002757,"Ames Interoffice Envelope, Security-Tint",Office Supplies,Envelopes
5535,OFF-FA-10001783,"Stockwell Rubber Bands, Metal",Office Supplies,Fasteners
5536,OFF-AR-10004780,"Stanley Markers, Blue",Office Supplies,Art
5537,OFF-ST-10003203,"Eldon Lockers, Wire Frame",Office Supplies,Storage
5538,OFF-SU-10003343,"Fiskars Scissors, Serrated",Office Supplies,Supplies
5539,OFF-BI-10003367,"Wilson Jones Binder, Recycled",Office Supplies,Binders
5540,OFF-GLO-10001348,"GlobeWeis Manila Envelope, Security-Tint",Office Supplies,Envelopes
5541,FUR-CH-10000513,High-Back Leather Manager's Chair,Furniture,Chairs
5542,FUR-BO-10004834,"Safco 3-Shelf Cabinet, Mobile",Furniture,Bookcases
5543,TEC-PH-10001944,Wi-Ex zBoost YX540 Cellular Phone Signal Booster,Technology,Phones
5544,TEC-PH-10002085,Clarity 53712,Technology,Phones
5545,OFF-AP-10001824,"Breville Stove, Silver",Office Supplies,Appliances
5546,FUR-TA-10002827,"Hon Computer Table, Fully Assembled",Furniture,Tables
5547,TEC-PH-10002817,RCA ViSYS 25425RE1 Corded phone,Technology,Phones
5548,OFF-PA-10000947,"Eaton Memo Slips, Premium",Office Supplies,Paper
5549,OFF-BI-10001191,Canvas Sectional Post Binders,Office Supplies,Binders
5550,OFF-SU-10000087,"Stiletto Ruler, High Speed",Office Supplies,Supplies
5551,OFF-EN-10004560,"Cameo Business Envelopes, Security-Tint",Office Supplies,Envelopes
5552,TEC-BEL-10002207,"Belkin Memory Card, USB",Technology,Accessories
5553,TEC-AC-10002600,Belkin QODE FastFit Bluetooth Keyboard,Technology,Accessories
5554,OFF-AR-10000821,"Sanford Highlighters, Fluorescent",Office Supplies,Art
5555,OFF-LA-10002334,"Novimex Removable Labels, Adjustable",Office Supplies,Labels
5556,OFF-SU-10000164,"Kleencut Box Cutter, High Speed",Office Supplies,Supplies
5557,TEC-AC-10001402,"Memorex Numeric Keypad, Bluetooth",Technology,Accessories
5558,OFF-ST-10000419,"Rogers Jumbo File, Granite",Office Supplies,Storage
5559,OFF-LA-10002295,"Novimex Shipping Labels, Alphabetical",Office Supplies,Labels
5560,OFF-FA-10003596,"Stockwell Push Pins, Bulk Pack",Office Supplies,Fasteners
5561,OFF-FA-10004248,Advantus T-Pin Paper Clips,Office Supplies,Fasteners
5562,OFF-LA-10001028,"Hon Removable Labels, Adjustable",Office Supplies,Labels
5563,OFF-SU-10002911,"Acme Scissors, Serrated",Office Supplies,Supplies
5564,FUR-TA-10001932,"Chromcraft 48"" x 96"" Racetrack Double Pedestal Table",Furniture,Tables
5565,TEC-AC-10001539,Logitech G430 Surround Sound Gaming Headset with Dolby 7.1 Technology,Technology,Accessories
5566,OFF-CUI-10000105,"Cuisinart Microwave, Black",Office Supplies,Appliances
5567,TEC-CO-10002380,"Canon Fax and Copier, High-Speed",Technology,Copiers
5568,FUR-BO-10001324,"Sauder Floating Shelf Set, Pine",Furniture,Bookcases
5569,FUR-BO-10004452,"Bush Classic Bookcase, Pine",Furniture,Bookcases
5570,FUR-CH-10004860,Global Low Back Tilter Chair,Furniture,Chairs
5571,TEC-CO-10004185,"Sharp Personal Copier, High-Speed",Technology,Copiers
5572,OFF-SU-10003951,"Elite Shears, Easy Grip",Office Supplies,Supplies
5573,TEC-BRO-10003380,"Brother Copy Machine, Color",Technology,Copiers
5574,FUR-CH-10004810,"Hon Swivel Stool, Set of Two",Furniture,Chairs
5575,TEC-PH-10003613,"Apple Signal Booster, VoIP",Technology,Phones
5576,OFF-SU-10004461,"Stiletto Box Cutter, High Speed",Office Supplies,Supplies
5577,FUR-CH-10004875,Harbour Creations 67200 Series Stacking Chairs,Furniture,Chairs
5578,TEC-CO-10000243,"Canon Fax and Copier, Digital",Technology,Copiers
5579,FUR-SAF-10000949,"Safco Floating Shelf Set, Pine",Furniture,Bookcases
5580,OFF-EN-10004759,"Cameo Interoffice Envelope, Recycled",Office Supplies,Envelopes
5581,OFF-AR-10000179,"Binney & Smith Canvas, Easy-Erase",Office Supplies,Art
5582,OFF-ST-10000704,"Rogers File Cart, Blue",Office Supplies,Storage
5583,OFF-AP-10004868,Hoover Commercial Soft Guard Upright Vacuum And Disposable Filtration Bags,Office Supplies,Appliances
5584,FUR-FU-10002818,"Advantus Stacking Tray, Black",Furniture,Furnishings
5585,FUR-FU-10003414,"Deflect-O Light Bulb, Erganomic",Furniture,Furnishings
5586,OFF-AP-10001563,Belkin Premiere Surge Master II 8-outlet surge protector,Office Supplies,Appliances
5587,OFF-BI-10002075,"Wilson Jones Hole Reinforcements, Durable",Office Supplies,Binders
5588,OFF-BI-10002738,"Acco Index Tab, Clear",Office Supplies,Binders
5589,OFF-AR-10004269,Newell 31,Office Supplies,Art
5590,OFF-BI-10002594,"Cardinal Binder Covers, Recycled",Office Supplies,Binders
5591,OFF-LA-10003720,Avery 487,Office Supplies,Labels
5592,TEC-CO-10001419,"Hewlett Copy Machine, Color",Technology,Copiers
5593,FUR-CH-10000391,"Novimex Bag Chairs, Red",Furniture,Chairs
5594,FUR-FU-10003094,"Eldon Clock, Erganomic",Furniture,Furnishings
5595,FUR-BO-10004075,"Safco Floating Shelf Set, Metal",Furniture,Bookcases
5596,FUR-CH-10002212,"Novimex Swivel Stool, Adjustable",Furniture,Chairs
5597,TEC-PH-10000458,"Nokia Office Telephone, Full Size",Technology,Phones
5598,OFF-AR-10004656,"Boston Sketch Pad, Easy-Erase",Office Supplies,Art
5599,TEC-AC-10000111,"SanDisk Mouse, USB",Technology,Accessories
5600,OFF-AP-10002239,"Hoover Toaster, White",Office Supplies,Appliances
5601,TEC-MA-10003330,"Panasonic Receipt Printer, Wireless",Technology,Machines
5602,TEC-PH-10001470,"Cisco Office Telephone, with Caller ID",Technology,Phones
5603,OFF-EN-10004604,"Ames Peel and Seal, Set of 50",Office Supplies,Envelopes
5604,OFF-PA-10003390,"Enermax Computer Printout Paper, Recycled",Office Supplies,Paper
5605,FUR-SAF-10000265,"Safco Library with Doors, Metal",Furniture,Bookcases
5606,OFF-FA-10002084,"Accos Thumb Tacks, 12 Pack",Office Supplies,Fasteners
5607,OFF-AR-10002902,"Sanford Canvas, Water Color",Office Supplies,Art
5608,OFF-ST-10002499,"Fellowes Shelving, Single Width",Office Supplies,Storage
5609,FUR-FU-10004139,"Tenex Photo Frame, Duo Pack",Furniture,Furnishings
5610,OFF-KLE-10003497,"Kleencut Box Cutter, Steel",Office Supplies,Supplies
5611,FUR-FU-10000556,"Tenex Light Bulb, Durable",Furniture,Furnishings
5612,FUR-FU-10002933,"Advantus Stacking Tray, Erganomic",Furniture,Furnishings
5613,OFF-PA-10003937,"Green Bar Memo Slips, Recycled",Office Supplies,Paper
5614,OFF-FA-10003499,"Stockwell Paper Clips, Bulk Pack",Office Supplies,Fasteners
5615,OFF-ENE-10001906,"Enermax Message Books, Recycled",Office Supplies,Paper
5616,TEC-PAN-10001593,"Panasonic Calculator, Durable",Technology,Machines
5617,OFF-EN-10004470,"Ames Clasp Envelope, Security-Tint",Office Supplies,Envelopes
5618,TEC-PH-10000169,"Apple Smart Phone, with Caller ID",Technology,Phones
5619,FUR-TA-10000649,"Barricks Computer Table, with Bottom Storage",Furniture,Tables
5620,TEC-PAN-10002365,"Panasonic Printer, White",Technology,Machines
5621,OFF-AP-10003032,"Hoover Stove, Red",Office Supplies,Appliances
5622,TEC-PAN-10000391,"Panasonic Printer, Red",Technology,Machines
5623,TEC-CIS-10001767,"Cisco Office Telephone, Cordless",Technology,Phones
5624,OFF-BI-10003984,Lock-Up Easel 'Spel-Binder',Office Supplies,Binders
5625,FUR-BO-10001668,"Ikea Floating Shelf Set, Pine",Furniture,Bookcases
5626,OFF-ST-10004946,Desktop 3-Pocket Hot File,Office Supplies,Storage
5627,OFF-AP-10004841,"Hamilton Beach Toaster, Silver",Office Supplies,Appliances
5628,TEC-SAN-10004721,"SanDisk Numeric Keypad, Bluetooth",Technology,Accessories
5629,OFF-EN-10001832,"Ames Mailers, with clear poly window",Office Supplies,Envelopes
5630,TEC-PH-10003549,"Samsung Headset, with Caller ID",Technology,Phones
5631,OFF-AR-10001228,"Binney & Smith Pens, Easy-Erase",Office Supplies,Art
5632,OFF-BI-10001028,"Ibico 3-Hole Punch, Clear",Office Supplies,Binders
5633,FUR-FU-10002972,"Advantus Light Bulb, Duo Pack",Furniture,Furnishings
5634,OFF-AR-10003394,Newell 332,Office Supplies,Art
5635,OFF-BI-10002824,Recycled Easel Ring Binders,Office Supplies,Binders
5636,FUR-CH-10000777,"Harbour Creations Executive Leather Armchair, Adjustable",Furniture,Chairs
5637,TEC-MA-10001622,"Okidata Card Printer, Red",Technology,Machines
5638,OFF-EN-10001375,"GlobeWeis Mailers, with clear poly window",Office Supplies,Envelopes
5639,TEC-NOK-10000534,"Nokia Smart Phone, with Caller ID",Technology,Phones
5640,TEC-PH-10003491,"Samsung Office Telephone, Full Size",Technology,Phones
5641,OFF-SU-10002306,"Elite Scissors, Steel",Office Supplies,Supplies
5642,TEC-AC-10000861,"SanDisk Router, Erganomic",Technology,Accessories
5643,OFF-PA-10002971,"Eaton Memo Slips, Recycled",Office Supplies,Paper
5644,OFF-AP-10002350,Belkin F9H710-06 7 Outlet SurgeMaster Surge Protector,Office Supplies,Appliances
5645,OFF-EN-10004903,"Cameo Manila Envelope, with clear poly window",Office Supplies,Envelopes
5646,OFF-AP-10001565,"Cuisinart Coffee Grinder, Black",Office Supplies,Appliances
5647,FUR-FU-10004450,"Eldon Light Bulb, Duo Pack",Furniture,Furnishings
5648,OFF-AP-10001335,"Hoover Toaster, Black",Office Supplies,Appliances
5649,TEC-HEW-10000839,"Hewlett Wireless Fax, Color",Technology,Copiers
5650,FUR-FU-10002004,"Tenex Stacking Tray, Durable",Furniture,Furnishings
5651,FUR-FU-10002502,"Eldon Light Bulb, Durable",Furniture,Furnishings
5652,OFF-KIT-10002357,"KitchenAid Blender, White",Office Supplies,Appliances
5653,OFF-PA-10001295,Computer Printout Paper with Letter-Trim Perforations,Office Supplies,Paper
5654,OFF-LA-10001546,"Avery Shipping Labels, Adjustable",Office Supplies,Labels
5655,OFF-FA-10000631,"Accos Rubber Bands, Assorted Sizes",Office Supplies,Fasteners
5656,OFF-PA-10003455,"Green Bar Memo Slips, Recycled",Office Supplies,Paper
5657,OFF-AR-10002802,"Binney & Smith Pencil Sharpener, Water Color",Office Supplies,Art
5658,OFF-AR-10004486,"Sanford Canvas, Blue",Office Supplies,Art
5659,FUR-TA-10001676,Hon 61000 Series Interactive Training Tables,Furniture,Tables
5660,OFF-SU-10002214,"Kleencut Letter Opener, Easy Grip",Office Supplies,Supplies
5661,OFF-PA-10004241,"SanDisk Memo Slips, Premium",Office Supplies,Paper
5662,OFF-SU-10001624,"Kleencut Ruler, High Speed",Office Supplies,Supplies
5663,OFF-LA-10002258,"Smead File Folder Labels, Adjustable",Office Supplies,Labels
5664,FUR-BAR-10000946,"Barricks Computer Table, with Bottom Storage",Furniture,Tables
5665,TEC-PH-10000780,"Cisco Smart Phone, with Caller ID",Technology,Phones
5666,FUR-HAR-10001089,"Harbour Creations Rocking Chair, Black",Furniture,Chairs
5667,OFF-AP-10000828,Avanti 4.4 Cu. Ft. Refrigerator,Office Supplies,Appliances
5668,TEC-CO-10001703,"Brother Fax and Copier, High-Speed",Technology,Copiers
5669,OFF-SU-10002027,"Stiletto Letter Opener, High Speed",Office Supplies,Supplies
5670,TEC-PH-10000213,Seidio BD2-HK3IPH5-BK DILEX Case and Holster Combo for Apple iPhone 5/5s - Black,Technology,Phones
5671,OFF-EN-10000623,"Ames Manila Envelope, with clear poly window",Office Supplies,Envelopes
5672,FUR-FU-10003096,"Master Giant Foot Doorstop, Safety Yellow",Furniture,Furnishings
5673,FUR-CH-10003559,"Office Star Chairmat, Black",Furniture,Chairs
5674,TEC-AC-10004708,Sony 32GB Class 10 Micro SDHC R40 Memory Card,Technology,Accessories
5675,FUR-FU-10002554,"Westinghouse Floor Lamp with Metal Mesh Shade, Black",Furniture,Furnishings
5676,OFF-AP-10003278,Belkin 7-Outlet SurgeMaster Home Series,Office Supplies,Appliances
5677,OFF-AVE-10002024,"Avery Index Tab, Durable",Office Supplies,Binders
5678,OFF-FA-10001237,"Stockwell Push Pins, Bulk Pack",Office Supplies,Fasteners
5679,OFF-BI-10002414,"Ibico Index Tab, Economy",Office Supplies,Binders
5680,OFF-BI-10000806,"Acco Index Tab, Economy",Office Supplies,Binders
5681,OFF-FA-10001684,"Accos Staples, Bulk Pack",Office Supplies,Fasteners
5682,OFF-SU-10002363,"Fiskars Letter Opener, Easy Grip",Office Supplies,Supplies
5683,FUR-CH-10002045,"SAFCO Bag Chairs, Red",Furniture,Chairs
5684,OFF-AR-10001132,"BIC Markers, Blue",Office Supplies,Art
5685,OFF-PA-10003699,"SanDisk Parchment Paper, Recycled",Office Supplies,Paper
5686,OFF-PA-10001421,"Green Bar Memo Slips, 8.5 x 11",Office Supplies,Paper
5687,OFF-EN-10002524,"Cameo Peel and Seal, with clear poly window",Office Supplies,Envelopes
5688,OFF-BI-10004361,"Avery 3-Hole Punch, Recycled",Office Supplies,Binders
5689,FUR-TA-10002497,"Chromcraft Computer Table, Adjustable Height",Furniture,Tables
5690,FUR-CH-10004774,"Novimex Executive Leather Armchair, Red",Furniture,Chairs
5691,FUR-CH-10001891,Global Deluxe Office Fabric Chairs,Furniture,Chairs
5692,OFF-AP-10000639,"Breville Microwave, Red",Office Supplies,Appliances
5693,FUR-SAU-10000637,"Sauder Library with Doors, Metal",Furniture,Bookcases
5694,TEC-PH-10002715,"Cisco Audio Dock, VoIP",Technology,Phones
5695,TEC-MA-10003366,"Epson Card Printer, White",Technology,Machines
5696,FUR-SAF-10002112,"SAFCO Executive Leather Armchair, Set of Two",Furniture,Chairs
5697,FUR-DAN-10003011,"Dania Corner Shelving, Metal",Furniture,Bookcases
5698,FUR-CH-10001895,"Hon Chairmat, Adjustable",Furniture,Chairs
5699,TEC-AC-10000763,"SanDisk Memory Card, USB",Technology,Accessories
5700,FUR-HON-10002599,"Hon Chairmat, Adjustable",Furniture,Chairs
5701,OFF-SU-10000411,"Stiletto Box Cutter, Easy Grip",Office Supplies,Supplies
5702,OFF-BIC-10003841,"BIC Canvas, Water Color",Office Supplies,Art
5703,OFF-AP-10002998,Holmes 99% HEPA Air Purifier,Office Supplies,Appliances
5704,FUR-FU-10001711,"Tenex Frame, Erganomic",Furniture,Furnishings
5705,OFF-BI-10000925,"Avery Hole Reinforcements, Economy",Office Supplies,Binders
5706,OFF-AR-10001626,"BIC Pens, Blue",Office Supplies,Art
5707,OFF-LA-10002848,"Novimex Shipping Labels, Laser Printer Compatible",Office Supplies,Labels
5708,OFF-LA-10004132,"Smead Color Coded Labels, Alphabetical",Office Supplies,Labels
5709,TEC-PH-10002299,"Nokia Headset, VoIP",Technology,Phones
5710,OFF-AVE-10004828,"Avery Removable Labels, Laser Printer Compatible",Office Supplies,Labels
5711,OFF-SU-10002189,Acme Rosewood Handle Letter Opener,Office Supplies,Supplies
5712,OFF-SAN-10004602,"SanDisk Parchment Paper, 8.5 x 11",Office Supplies,Paper
5713,OFF-AR-10002257,"Eldon Spacemaker Box, Quick-Snap Lid, Clear",Office Supplies,Art
5714,OFF-BI-10004830,"Ibico Index Tab, Clear",Office Supplies,Binders
5715,TEC-STA-10003386,"StarTech Inkjet, Wireless",Technology,Machines
5716,FUR-TA-10004406,"Bevis Computer Table, Fully Assembled",Furniture,Tables
5717,TEC-PH-10004879,"Nokia Headset, Cordless",Technology,Phones
5718,TEC-CO-10002423,"Canon Personal Copier, High-Speed",Technology,Copiers
5719,FUR-BO-10002738,"Sauder Corner Shelving, Mobile",Furniture,Bookcases
5720,OFF-ACC-10003636,"Acco Binding Machine, Durable",Office Supplies,Binders
5721,FUR-BO-10004425,"Sauder Library with Doors, Mobile",Furniture,Bookcases
5722,TEC-AC-10003198,Enermax Acrylux Wireless Keyboard,Technology,Accessories
5723,FUR-FU-10004904,"Eldon ""L"" Workstation Diamond Chairmat",Furniture,Furnishings
5724,OFF-ST-10002622,"Smead File Cart, Single Width",Office Supplies,Storage
5725,OFF-SU-10000171,"Elite Trimmer, Easy Grip",Office Supplies,Supplies
5726,FUR-ADV-10000183,"Advantus Photo Frame, Black",Furniture,Furnishings
5727,TEC-PH-10000347,"Cisco Speaker Phone, VoIP",Technology,Phones
5728,OFF-ST-10002790,Safco Industrial Shelving,Office Supplies,Storage
5729,TEC-CO-10000791,"Sharp Personal Copier, Laser",Technology,Copiers
5730,TEC-AC-10000263,"Belkin Mouse, USB",Technology,Accessories
5731,OFF-FA-10002226,"Stockwell Thumb Tacks, Metal",Office Supplies,Fasteners
5732,OFF-BI-10001900,"Wilson Jones Binder Covers, Clear",Office Supplies,Binders
5733,TEC-PH-10001014,"Cisco Speaker Phone, with Caller ID",Technology,Phones
5734,FUR-FU-10004509,"Advantus Door Stop, Duo Pack",Furniture,Furnishings
5735,OFF-PA-10001243,Xerox 1983,Office Supplies,Paper
5736,OFF-ST-10002562,Staples,Office Supplies,Storage
5737,OFF-PA-10003657,Xerox 1927,Office Supplies,Paper
5738,OFF-FA-10003485,Staples,Office Supplies,Fasteners
5739,OFF-ST-10004507,Advantus Rolling Storage Box,Office Supplies,Storage
5740,TEC-CO-10001309,"Hewlett Wireless Fax, Laser",Technology,Copiers
5741,FUR-BO-10003541,"Bush Classic Bookcase, Metal",Furniture,Bookcases
5742,OFF-AP-10002651,Hoover Upright Vacuum With Dirt Cup,Office Supplies,Appliances
5743,TEC-PH-10000332,"Samsung Smart Phone, VoIP",Technology,Phones
5744,FUR-FU-10000606,"Deflect-O Photo Frame, Durable",Furniture,Furnishings
5745,OFF-ST-10000689,"Fellowes Strictly Business Drawer File, Letter/Legal Size",Office Supplies,Storage
5746,FUR-CH-10000807,"Hon Rocking Chair, Adjustable",Furniture,Chairs
5747,OFF-HOO-10004188,"Hoover Blender, Black",Office Supplies,Appliances
5748,OFF-HAM-10001621,"Hamilton Beach Refrigerator, Black",Office Supplies,Appliances
5749,TEC-PH-10000785,"Apple Speaker Phone, Cordless",Technology,Phones
5750,TEC-CO-10001264,"Canon Ink, Color",Technology,Copiers
5751,OFF-AR-10003373,"Boston School Pro Electric Pencil Sharpener, 1670",Office Supplies,Art
5752,TEC-PH-10004871,"Motorola Headset, Cordless",Technology,Phones
5753,OFF-PA-10003302,Xerox 1906,Office Supplies,Paper
5754,OFF-AME-10001641,"Ames Interoffice Envelope, Recycled",Office Supplies,Envelopes
5755,OFF-PA-10003492,"Green Bar Computer Printout Paper, Recycled",Office Supplies,Paper
5756,FUR-FU-10000548,"Tenex Stacking Tray, Durable",Furniture,Furnishings
5757,OFF-SME-10003033,"Smead Trays, Industrial",Office Supplies,Storage
5758,OFF-LA-10004727,"Hon File Folder Labels, Laser Printer Compatible",Office Supplies,Labels
5759,TEC-APP-10001389,"Apple Audio Dock, with Caller ID",Technology,Phones
5760,TEC-PH-10001329,"Motorola Headset, Cordless",Technology,Phones
5761,FUR-TEN-10003552,"Tenex Clock, Durable",Furniture,Furnishings
5762,TEC-AC-10001076,"Memorex Keyboard, USB",Technology,Accessories
5763,TEC-SAN-10000260,"SanDisk Keyboard, Programmable",Technology,Accessories
5764,OFF-GLO-10003429,"GlobeWeis Peel and Seal, Set of 50",Office Supplies,Envelopes
5765,FUR-FU-10000790,"Rubbermaid Light Bulb, Black",Furniture,Furnishings
5766,OFF-STO-10003021,"Stockwell Thumb Tacks, 12 Pack",Office Supplies,Fasteners
5767,OFF-EAT-10001303,"Eaton Message Books, Premium",Office Supplies,Paper
5768,TEC-MA-10003183,DYMO CardScan Personal V9 Business Card Scanner,Technology,Machines
5769,TEC-CO-10003362,"Sharp Fax and Copier, High-Speed",Technology,Copiers
5770,TEC-PH-10001304,"Apple Office Telephone, Cordless",Technology,Phones
5771,TEC-PH-10001051,HTC One,Technology,Phones
5772,FUR-BO-10003174,"Dania Floating Shelf Set, Pine",Furniture,Bookcases
5773,FUR-BO-10003103,"Dania Floating Shelf Set, Pine",Furniture,Bookcases
5774,TEC-MA-10002989,"Panasonic Printer, White",Technology,Machines
5775,FUR-FU-10000672,"Executive Impressions 10"" Spectator Wall Clock",Furniture,Furnishings
5776,OFF-PA-10004190,"Xerox Note Cards, Multicolor",Office Supplies,Paper
5777,OFF-FA-10000401,"Advantus Paper Clips, Metal",Office Supplies,Fasteners
5778,OFF-STI-10001955,"Stiletto Box Cutter, Easy Grip",Office Supplies,Supplies
5779,OFF-ST-10000580,"Fellowes Trays, Industrial",Office Supplies,Storage
5780,OFF-ELD-10002279,"Eldon Shelving, Industrial",Office Supplies,Storage
5781,OFF-PA-10004124,"SanDisk Message Books, 8.5 x 11",Office Supplies,Paper
5782,OFF-FA-10003734,"OIC Rubber Bands, Metal",Office Supplies,Fasteners
5783,OFF-PA-10000528,Xerox 1981,Office Supplies,Paper
5784,OFF-LA-10001548,"Avery Shipping Labels, Adjustable",Office Supplies,Labels
5785,OFF-BI-10001815,"Acco Index Tab, Economy",Office Supplies,Binders
5786,OFF-BI-10003305,Avery Hanging File Binders,Office Supplies,Binders
5787,TEC-PH-10004897,Mediabridge Sport Armband iPhone 5s,Technology,Phones
5788,OFF-LA-10004714,"Novimex File Folder Labels, Laser Printer Compatible",Office Supplies,Labels
5789,OFF-LA-10001474,Avery 477,Office Supplies,Labels
5790,FUR-BO-10001874,"Sauder Corner Shelving, Pine",Furniture,Bookcases
5791,FUR-BO-10003559,"Sauder Stackable Bookrack, Pine",Furniture,Bookcases
5792,OFF-AP-10004136,Kensington 6 Outlet SmartSocket Surge Protector,Office Supplies,Appliances
5793,OFF-PA-10000816,"Enermax Memo Slips, Recycled",Office Supplies,Paper
5794,TEC-MA-10002660,"Epson Phone, White",Technology,Machines
5795,OFF-SU-10004008,"Kleencut Letter Opener, Steel",Office Supplies,Supplies
5796,OFF-ST-10002554,Tennsco Industrial Shelving,Office Supplies,Storage
5797,OFF-BOS-10001772,"Boston Markers, Easy-Erase",Office Supplies,Art
5798,OFF-GRE-10003943,"Green Bar Message Books, Multicolor",Office Supplies,Paper
5799,OFF-ELI-10000443,"Elite Shears, Steel",Office Supplies,Supplies
5800,TEC-AC-10002049,Plantronics Savi W720 Multi-Device Wireless Headset System,Technology,Accessories
5801,FUR-BO-10002613,"Atlantic Metals Mobile 4-Shelf Bookcases, Custom Colors",Furniture,Bookcases
5802,TEC-PH-10004908,Panasonic KX TS3282W Corded phone,Technology,Phones
5803,FUR-CH-10004218,"Global Fabric Manager's Chair, Dark Gray",Furniture,Chairs
5804,FUR-BUS-10002639,"Bush Corner Shelving, Mobile",Furniture,Bookcases
5805,TEC-AC-10000358,Imation Secure Drive + Hardware Encrypted USB flash drive - 16 GB,Technology,Accessories
5806,OFF-ST-10002561,"Rogers File Cart, Blue",Office Supplies,Storage
5807,OFF-AP-10000977,"Breville Blender, White",Office Supplies,Appliances
5808,TEC-APP-10000135,"Apple Office Telephone, with Caller ID",Technology,Phones
5809,TEC-AC-10003614,"Verbatim 25 GB 6x Blu-ray Single Layer Recordable Disc, 10/Pack",Technology,Accessories
5810,TEC-AC-10000290,Sabrent 4-Port USB 2.0 Hub,Technology,Accessories
5811,OFF-AP-10004964,"Hoover Stove, White",Office Supplies,Appliances
5812,OFF-ST-10002395,"Rogers Lockers, Single Width",Office Supplies,Storage
5813,TEC-MA-10000864,Cisco 9971 IP Video Phone Charcoal,Technology,Machines
5814,TEC-MA-10004059,"Epson Inkjet, White",Technology,Machines
5815,TEC-AC-10004414,"Enermax Router, Bluetooth",Technology,Accessories
5816,FUR-BO-10004695,O'Sullivan 2-Door Barrister Bookcase in Odessa Pine,Furniture,Bookcases
5817,FUR-TA-10000245,"Chromcraft Computer Table, Adjustable Height",Furniture,Tables
5818,TEC-AC-10003570,"Memorex Flash Drive, Erganomic",Technology,Accessories
5819,TEC-BRO-10002345,"Brother Ink, Digital",Technology,Copiers
5820,OFF-AR-10002677,"BIC Pens, Water Color",Office Supplies,Art
5821,TEC-PH-10002844,Speck Products Candyshell Flip Case,Technology,Phones
5822,OFF-PA-10004285,Xerox 1959,Office Supplies,Paper
5823,OFF-LA-10003717,"Harbour Creations Legal Exhibit Labels, 5000 Label Set",Office Supplies,Labels
5824,OFF-AR-10002036,"Binney & Smith Pencil Sharpener, Fluorescent",Office Supplies,Art
5825,FUR-FU-10002168,"Eldon Photo Frame, Black",Furniture,Furnishings
5826,OFF-JIF-10004616,"Jiffy Manila Envelope, Security-Tint",Office Supplies,Envelopes
5827,FUR-FU-10004224,"Deflect-O Photo Frame, Erganomic",Furniture,Furnishings
5828,FUR-CH-10003853,"Harbour Creations Steel Folding Chair, Red",Furniture,Chairs
5829,OFF-AR-10002105,"Boston Highlighters, Fluorescent",Office Supplies,Art
5830,OFF-ST-10001227,"Eldon Folders, Wire Frame",Office Supplies,Storage
5831,FUR-NOV-10002911,"Novimex Steel Folding Chair, Set of Two",Furniture,Chairs
5832,TEC-KON-10000005,"Konica Phone, Durable",Technology,Machines
5833,OFF-ST-10001026,"Fellowes Trays, Single Width",Office Supplies,Storage
5834,OFF-KRA-10004876,"Kraft Interoffice Envelope, Set of 50",Office Supplies,Envelopes
5835,OFF-GLO-10000016,"GlobeWeis Interoffice Envelope, Recycled",Office Supplies,Envelopes
5836,OFF-ST-10002423,"Smead Shelving, Single Width",Office Supplies,Storage
5837,OFF-FA-10002360,"Advantus Staples, Bulk Pack",Office Supplies,Fasteners
5838,OFF-SU-10002357,"Kleencut Trimmer, High Speed",Office Supplies,Supplies
5839,TEC-AC-10004317,"SanDisk Numeric Keypad, USB",Technology,Accessories
5840,OFF-ST-10003459,"Eldon File Cart, Single Width",Office Supplies,Storage
5841,OFF-ST-10002386,"Fellowes Shelving, Industrial",Office Supplies,Storage
5842,TEC-AC-10004752,"Memorex Keyboard, Erganomic",Technology,Accessories
5843,OFF-BI-10003068,"Ibico Binding Machine, Durable",Office Supplies,Binders
5844,OFF-ST-10000710,"Smead Shelving, Blue",Office Supplies,Storage
5845,FUR-FU-10004152,"Eldon Photo Frame, Erganomic",Furniture,Furnishings
5846,OFF-LA-10002996,"Avery Removable Labels, Laser Printer Compatible",Office Supplies,Labels
5847,OFF-FA-10001228,"Accos Clamps, Bulk Pack",Office Supplies,Fasteners
5848,OFF-GRE-10000492,"Green Bar Memo Slips, Recycled",Office Supplies,Paper
5849,OFF-SME-10004160,"Smead Folders, Wire Frame",Office Supplies,Storage
5850,OFF-BI-10003975,"Cardinal Index Tab, Durable",Office Supplies,Binders
5851,TEC-AC-10001089,"Enermax Keyboard, Erganomic",Technology,Accessories
5852,OFF-AME-10001489,"Ames Manila Envelope, Set of 50",Office Supplies,Envelopes
5853,OFF-PA-10004041,"It's Hot Message Books with Stickers, 2 3/4"" x 5""",Office Supplies,Paper
5854,OFF-XER-10003600,"Xerox Memo Slips, Multicolor",Office Supplies,Paper
5855,OFF-OIC-10004536,"OIC Thumb Tacks, Assorted Sizes",Office Supplies,Fasteners
5856,OFF-CAM-10003511,"Cameo Clasp Envelope, Set of 50",Office Supplies,Envelopes
5857,TEC-CO-10004662,"Hewlett Fax Machine, Color",Technology,Copiers
5858,FUR-TA-10003893,"Lesro Wood Table, with Bottom Storage",Furniture,Tables
5859,TEC-MA-10002424,"StarTech Phone, Durable",Technology,Machines
5860,FUR-FU-10004288,"Eldon Frame, Duo Pack",Furniture,Furnishings
5861,TEC-MA-10000433,"Epson Inkjet, Durable",Technology,Machines
5862,FUR-BO-10004119,"Ikea Floating Shelf Set, Traditional",Furniture,Bookcases
5863,TEC-CAN-10002843,"Canon Ink, Digital",Technology,Copiers
5864,OFF-AP-10001205,Belkin 5 Outlet SurgeMaster Power Centers,Office Supplies,Appliances
5865,OFF-PA-10004160,"SanDisk Note Cards, Premium",Office Supplies,Paper
5866,OFF-PA-10004996,"Speediset Carbonless Redi-Letter 7"" x 8 1/2""",Office Supplies,Paper
5867,OFF-AR-10004691,Boston 1730 StandUp Electric Pencil Sharpener,Office Supplies,Art
5868,OFF-LA-10001719,"Avery Color Coded Labels, 5000 Label Set",Office Supplies,Labels
5869,OFF-ACM-10000777,"Acme Scissors, Serrated",Office Supplies,Supplies
5870,OFF-AP-10003511,"Cuisinart Microwave, Black",Office Supplies,Appliances
5871,TEC-AC-10002901,"Memorex Mouse, Bluetooth",Technology,Accessories
5872,OFF-SAN-10002873,"SanDisk Cards & Envelopes, 8.5 x 11",Office Supplies,Paper
5873,OFF-ST-10000496,"Tenex Folders, Wire Frame",Office Supplies,Storage
5874,FUR-BO-10004679,"Safco Library with Doors, Pine",Furniture,Bookcases
5875,TEC-CO-10000270,"Hewlett Fax Machine, High-Speed",Technology,Copiers
5876,FUR-CH-10003702,"Office Star Rocking Chair, Adjustable",Furniture,Chairs
5877,TEC-CIS-10000791,"Cisco Audio Dock, Full Size",Technology,Phones
5878,FUR-FU-10002804,"Advantus Clock, Duo Pack",Furniture,Furnishings
5879,FUR-FU-10002665,"Advantus Light Bulb, Erganomic",Furniture,Furnishings
5880,OFF-KRA-10002828,"Kraft Peel and Seal, Security-Tint",Office Supplies,Envelopes
5881,OFF-BI-10003181,"Ibico Binder Covers, Recycled",Office Supplies,Binders
5882,TEC-AC-10003704,"Memorex Flash Drive, Erganomic",Technology,Accessories
5883,OFF-KLE-10000527,"Kleencut Scissors, High Speed",Office Supplies,Supplies
5884,TEC-CO-10004005,"Sharp Copy Machine, Laser",Technology,Copiers
5885,OFF-AP-10000584,"Breville Refrigerator, Silver",Office Supplies,Appliances
5886,TEC-PH-10003620,"Apple Signal Booster, Cordless",Technology,Phones
5887,OFF-AP-10002360,"Cuisinart Blender, White",Office Supplies,Appliances
5888,TEC-PH-10002262,LG Electronics Tone+ HBS-730 Bluetooth Headset,Technology,Phones
5889,TEC-MA-10000345,"Konica Phone, Red",Technology,Machines
5890,OFF-BI-10002682,"Cardinal Binding Machine, Economy",Office Supplies,Binders
5891,OFF-ST-10004046,"Fellowes Box, Single Width",Office Supplies,Storage
5892,FUR-FU-10003970,"Rubbermaid Clock, Durable",Furniture,Furnishings
5893,TEC-PH-10000912,Anker 24W Portable Micro USB Car Charger,Technology,Phones
5894,OFF-LA-10002020,"Novimex Color Coded Labels, 5000 Label Set",Office Supplies,Labels
5895,OFF-PA-10004673,"Enermax Message Books, 8.5 x 11",Office Supplies,Paper
5896,OFF-SU-10001703,"Fiskars Box Cutter, High Speed",Office Supplies,Supplies
5897,OFF-LA-10004799,"Hon Legal Exhibit Labels, Alphabetical",Office Supplies,Labels
5898,OFF-SU-10000932,"Elite Shears, Steel",Office Supplies,Supplies
5899,OFF-SU-10003897,"Stiletto Ruler, High Speed",Office Supplies,Supplies
5900,TEC-AC-10000487,SanDisk Cruzer 4 GB USB Flash Drive,Technology,Accessories
5901,OFF-BI-10002990,"Acco Index Tab, Clear",Office Supplies,Binders
5902,TEC-CO-10001775,"Sharp Wireless Fax, Laser",Technology,Copiers
5903,FUR-FU-10004845,"Deflect-o EconoMat Nonstudded, No Bevel Mat",Furniture,Furnishings
5904,TEC-PH-10001585,"Nokia Signal Booster, Cordless",Technology,Phones
5905,FUR-BO-10000112,"Dania Corner Shelving, Pine",Furniture,Bookcases
5906,TEC-NOK-10001070,"Nokia Speaker Phone, with Caller ID",Technology,Phones
5907,OFF-EN-10002924,"GlobeWeis Interoffice Envelope, Security-Tint",Office Supplies,Envelopes
5908,OFF-PA-10004640,"Eaton Message Books, Multicolor",Office Supplies,Paper
5909,OFF-BI-10003364,Binding Machine Supplies,Office Supplies,Binders
5910,TEC-AC-10004683,"Memorex Flash Drive, USB",Technology,Accessories
5911,OFF-SU-10003537,"Kleencut Scissors, Steel",Office Supplies,Supplies
5912,OFF-LA-10002107,"Novimex Legal Exhibit Labels, 5000 Label Set",Office Supplies,Labels
5913,OFF-BI-10000636,"Ibico Hole Reinforcements, Recycled",Office Supplies,Binders
5914,FUR-SAU-10003872,"Sauder Floating Shelf Set, Pine",Furniture,Bookcases
5915,TEC-PH-10002907,"Motorola Headset, VoIP",Technology,Phones
5916,OFF-SME-10001278,"Smead Shipping Labels, Alphabetical",Office Supplies,Labels
5917,TEC-CO-10002376,"Hewlett Fax Machine, Laser",Technology,Copiers
5918,TEC-PH-10004553,"Cisco Audio Dock, VoIP",Technology,Phones
5919,TEC-OKI-10003050,"Okidata Card Printer, White",Technology,Machines
5920,TEC-PH-10004028,"Apple Headset, Full Size",Technology,Phones
5921,TEC-CO-10002379,"Canon Copy Machine, Digital",Technology,Copiers
5922,OFF-PA-10004115,"Green Bar Computer Printout Paper, 8.5 x 11",Office Supplies,Paper
5923,TEC-PH-10003062,"Apple Audio Dock, Full Size",Technology,Phones
5924,TEC-AC-10000474,"Logitech Flash Drive, USB",Technology,Accessories
5925,TEC-AC-10001187,"Memorex Keyboard, USB",Technology,Accessories
5926,TEC-MA-10001966,"Epson Card Printer, Durable",Technology,Machines
5927,OFF-FA-10004657,"Stockwell Thumb Tacks, Metal",Office Supplies,Fasteners
5928,OFF-BI-10001119,"Wilson Jones Index Tab, Clear",Office Supplies,Binders
5929,TEC-PH-10002652,"Cisco Smart Phone, Cordless",Technology,Phones
5930,TEC-CIS-10001661,"Cisco Signal Booster, VoIP",Technology,Phones
5931,TEC-EPS-10004328,"Epson Printer, Durable",Technology,Machines
5932,OFF-AR-10001672,"Boston Sketch Pad, Easy-Erase",Office Supplies,Art
5933,OFF-AP-10000900,"Cuisinart Coffee Grinder, White",Office Supplies,Appliances
5934,OFF-HOO-10000318,"Hoover Microwave, Silver",Office Supplies,Appliances
5935,FUR-DEF-10000384,"Deflect-O Door Stop, Black",Furniture,Furnishings
5936,OFF-FA-10001710,"Advantus Rubber Bands, Metal",Office Supplies,Fasteners
5937,TEC-CIS-10003103,"Cisco Office Telephone, VoIP",Technology,Phones
5938,OFF-BOS-10000363,"Boston Pencil Sharpener, Water Color",Office Supplies,Art
5939,OFF-STO-10003082,"Stockwell Staples, Assorted Sizes",Office Supplies,Fasteners
5940,FUR-FU-10002422,"Eldon Photo Frame, Duo Pack",Furniture,Furnishings
5941,OFF-AP-10000621,"KitchenAid Microwave, Silver",Office Supplies,Appliances
5942,OFF-KLE-10000228,"Kleencut Shears, High Speed",Office Supplies,Supplies
5943,FUR-BO-10004878,"Ikea 3-Shelf Cabinet, Traditional",Furniture,Bookcases
5944,FUR-FU-10003609,"Rubbermaid Frame, Duo Pack",Furniture,Furnishings
5945,FUR-FU-10002549,"Deflect-O Clock, Duo Pack",Furniture,Furnishings
5946,OFF-ST-10002424,"Smead Trays, Industrial",Office Supplies,Storage
5947,FUR-FU-10001366,"Advantus Photo Frame, Duo Pack",Furniture,Furnishings
5948,OFF-PA-10003380,"Green Bar Memo Slips, Multicolor",Office Supplies,Paper
5949,FUR-CH-10004448,"Hon Chairmat, Set of Two",Furniture,Chairs
5950,OFF-EN-10003529,"Ames Peel and Seal, Recycled",Office Supplies,Envelopes
5951,OFF-SU-10004784,"Elite Trimmer, Steel",Office Supplies,Supplies
5952,OFF-FA-10003587,"Advantus Push Pins, Assorted Sizes",Office Supplies,Fasteners
5953,FUR-CH-10003282,"SAFCO Bag Chairs, Black",Furniture,Chairs
5954,FUR-CH-10003336,"SAFCO Chairmat, Adjustable",Furniture,Chairs
5955,FUR-TA-10003273,"Lesro Training Table, Rectangular",Furniture,Tables
5956,FUR-RUB-10002067,"Rubbermaid Frame, Erganomic",Furniture,Furnishings
5957,OFF-PA-10002862,"Green Bar Message Books, Recycled",Office Supplies,Paper
5958,OFF-ST-10000643,"Eldon Trays, Industrial",Office Supplies,Storage
5959,FUR-CH-10000351,"Novimex Chairmat, Set of Two",Furniture,Chairs
5960,OFF-PA-10004326,"Enermax Parchment Paper, Multicolor",Office Supplies,Paper
5961,OFF-SU-10000810,"Kleencut Letter Opener, Steel",Office Supplies,Supplies
5962,OFF-FA-10000154,"OIC Paper Clips, Bulk Pack",Office Supplies,Fasteners
5963,TEC-PH-10002935,"Samsung Smart Phone, VoIP",Technology,Phones
5964,OFF-AP-10002090,"Hamilton Beach Refrigerator, Red",Office Supplies,Appliances
5965,OFF-BI-10001650,"Avery 3-Hole Punch, Economy",Office Supplies,Binders
5966,OFF-AR-10001508,"BIC Canvas, Water Color",Office Supplies,Art
5967,TEC-CIS-10003676,"Cisco Headset, with Caller ID",Technology,Phones
5968,OFF-BI-10000854,"Acco Binder Covers, Economy",Office Supplies,Binders
5969,FUR-CH-10003808,"Harbour Creations Steel Folding Chair, Adjustable",Furniture,Chairs
5970,TEC-APP-10004584,"Apple Office Telephone, VoIP",Technology,Phones
5971,OFF-ACC-10004008,"Acco Binder Covers, Durable",Office Supplies,Binders
5972,FUR-TA-10000323,"Lesro Round Table, Fully Assembled",Furniture,Tables
5973,TEC-HEW-10003695,"Hewlett Wireless Fax, Digital",Technology,Copiers
5974,TEC-MA-10000555,"Panasonic Card Printer, Red",Technology,Machines
5975,TEC-BRO-10000374,"Brother Ink, Laser",Technology,Copiers
5976,OFF-SU-10001488,"Stiletto Scissors, Steel",Office Supplies,Supplies
5977,OFF-BI-10002881,"Wilson Jones Binding Machine, Economy",Office Supplies,Binders
5978,OFF-LA-10004398,"Hon Color Coded Labels, Alphabetical",Office Supplies,Labels
5979,OFF-BOS-10003699,"Boston Sketch Pad, Fluorescent",Office Supplies,Art
5980,OFF-BIN-10002407,"Binney & Smith Highlighters, Water Color",Office Supplies,Art
5981,OFF-LA-10003077,Avery 500,Office Supplies,Labels
5982,TEC-MA-10003121,"StarTech Card Printer, Wireless",Technology,Machines
5983,FUR-BO-10004219,"Safco 3-Shelf Cabinet, Metal",Furniture,Bookcases
5984,FUR-BO-10004161,"Bush Corner Shelving, Mobile",Furniture,Bookcases
5985,OFF-ST-10002240,"Fellowes Shelving, Blue",Office Supplies,Storage
5986,OFF-ST-10004381,"Smead Lockers, Industrial",Office Supplies,Storage
5987,TEC-CO-10002055,"Hewlett Ink, Digital",Technology,Copiers
5988,OFF-EN-10000274,"Kraft Business Envelopes, Recycled",Office Supplies,Envelopes
5989,OFF-PA-10000562,"Enermax Message Books, Multicolor",Office Supplies,Paper
5990,OFF-OIC-10003879,"OIC Clamps, Bulk Pack",Office Supplies,Fasteners
5991,FUR-CH-10000727,"Office Star Chairmat, Set of Two",Furniture,Chairs
5992,FUR-BO-10000666,"Ikea 3-Shelf Cabinet, Mobile",Furniture,Bookcases
5993,OFF-PA-10003790,Xerox 1991,Office Supplies,Paper
5994,TEC-PH-10000342,"Samsung Office Telephone, Full Size",Technology,Phones
5995,OFF-BI-10004741,"Acco Binder, Durable",Office Supplies,Binders
5996,TEC-MEM-10000263,"Memorex Flash Drive, Programmable",Technology,Accessories
5997,OFF-AR-10000475,"Sanford Canvas, Blue",Office Supplies,Art
5998,TEC-CO-10001741,"Brother Copy Machine, Color",Technology,Copiers
5999,TEC-CO-10004045,"Hewlett Ink, High-Speed",Technology,Copiers
6000,TEC-CO-10004125,"Sharp Ink, Laser",Technology,Copiers
6001,OFF-AR-10002882,"BIC Sketch Pad, Water Color",Office Supplies,Art
6002,OFF-ST-10001752,"Tenex Shelving, Wire Frame",Office Supplies,Storage
6003,TEC-PH-10002555,Nortel Meridian M5316 Digital phone,Technology,Phones
6004,OFF-ST-10004236,"Eldon Folders, Blue",Office Supplies,Storage
6005,FUR-FU-10004464,"Deflect-O Clock, Durable",Furniture,Furnishings
6006,OFF-SU-10001868,"Elite Box Cutter, Steel",Office Supplies,Supplies
6007,OFF-AP-10002134,"KitchenAid Coffee Grinder, White",Office Supplies,Appliances
6008,OFF-BI-10003124,"Cardinal Hole Reinforcements, Durable",Office Supplies,Binders
6009,TEC-CO-10004147,"Brother Fax and Copier, High-Speed",Technology,Copiers
6010,OFF-SU-10002227,"Elite Letter Opener, High Speed",Office Supplies,Supplies
6011,FUR-FU-10000490,"Eldon Light Bulb, Erganomic",Furniture,Furnishings
6012,TEC-MA-10000488,Bady BDG101FRU Card Printer,Technology,Machines
6013,OFF-ST-10001050,"Eldon Shelving, Blue",Office Supplies,Storage
6014,OFF-PA-10003332,"Xerox Cards & Envelopes, Recycled",Office Supplies,Paper
6015,OFF-BI-10004240,"Cardinal Binding Machine, Recycled",Office Supplies,Binders
6016,OFF-FA-10003930,"Stockwell Push Pins, Assorted Sizes",Office Supplies,Fasteners
6017,FUR-TEN-10000296,"Tenex Door Stop, Durable",Furniture,Furnishings
6018,OFF-BI-10000121,"Cardinal Index Tab, Clear",Office Supplies,Binders
6019,OFF-PA-10004405,Rediform Voice Mail Log Books,Office Supplies,Paper
6020,OFF-NOV-10003964,"Novimex File Folder Labels, 5000 Label Set",Office Supplies,Labels
6021,OFF-PA-10000867,"SanDisk Message Books, Multicolor",Office Supplies,Paper
6022,OFF-AP-10001191,"Hoover Blender, White",Office Supplies,Appliances
6023,TEC-MA-10002871,"Panasonic Receipt Printer, Red",Technology,Machines
6024,OFF-BIC-10004557,"BIC Canvas, Blue",Office Supplies,Art
6025,FUR-FU-10003799,"Seth Thomas 13 1/2"" Wall Clock",Furniture,Furnishings
6026,OFF-OIC-10002160,"OIC Rubber Bands, 12 Pack",Office Supplies,Fasteners
6027,TEC-PH-10003784,"Motorola Signal Booster, with Caller ID",Technology,Phones
6028,FUR-CH-10001423,"Harbour Creations Rocking Chair, Black",Furniture,Chairs
6029,OFF-PA-10003571,"Enermax Cards & Envelopes, Recycled",Office Supplies,Paper
6030,OFF-SU-10001750,"Stiletto Trimmer, High Speed",Office Supplies,Supplies
6031,FUR-CH-10004576,"Hon Bag Chairs, Adjustable",Furniture,Chairs
6032,OFF-ENE-10000199,"Enermax Computer Printout Paper, Multicolor",Office Supplies,Paper
6033,TEC-PH-10004910,"Samsung Signal Booster, Full Size",Technology,Phones
6034,TEC-AC-10003415,"SanDisk Router, Erganomic",Technology,Accessories
6035,OFF-ST-10003150,"Smead Lockers, Wire Frame",Office Supplies,Storage
6036,OFF-ST-10002834,"Smead File Cart, Single Width",Office Supplies,Storage
6037,OFF-AP-10000172,"Cuisinart Toaster, Silver",Office Supplies,Appliances
6038,FUR-FU-10004596,"Tenex Door Stop, Black",Furniture,Furnishings
6039,FUR-SAU-10000209,"Sauder Corner Shelving, Metal",Furniture,Bookcases
6040,OFF-EN-10004885,"Jiffy Interoffice Envelope, Recycled",Office Supplies,Envelopes
6041,FUR-ELD-10000335,"Eldon Door Stop, Durable",Furniture,Furnishings
6042,FUR-FU-10004093,Hand-Finished Solid Wood Document Frame,Furniture,Furnishings
6043,FUR-FU-10003347,Coloredge Poster Frame,Furniture,Furnishings
6044,OFF-ST-10000892,"Tenex Trays, Wire Frame",Office Supplies,Storage
6045,TEC-CO-10001869,"Brother Fax and Copier, High-Speed",Technology,Copiers
6046,OFF-SU-10001689,"Acme Box Cutter, Easy Grip",Office Supplies,Supplies
6047,TEC-AC-10000588,"SanDisk Flash Drive, Bluetooth",Technology,Accessories
6048,FUR-BO-10002598,"Hon Metal Bookcases, Putty",Furniture,Bookcases
6049,TEC-PH-10002892,"Nokia Speaker Phone, Cordless",Technology,Phones
6050,OFF-PA-10003133,"Eaton Cards & Envelopes, 8.5 x 11",Office Supplies,Paper
6051,OFF-SU-10000105,"Fiskars Shears, Easy Grip",Office Supplies,Supplies
6052,OFF-PA-10000876,"Eaton Computer Printout Paper, Multicolor",Office Supplies,Paper
6053,FUR-BO-10003668,"Sauder Floating Shelf Set, Pine",Furniture,Bookcases
6054,TEC-PAN-10003382,"Panasonic Card Printer, Durable",Technology,Machines
6055,OFF-PA-10002751,Xerox 1920,Office Supplies,Paper
6056,OFF-FA-10003631,"Advantus Paper Clips, Metal",Office Supplies,Fasteners
6057,TEC-AC-10003499,Memorex Mini Travel Drive 8 GB USB 2.0 Flash Drive,Technology,Accessories
6058,OFF-SU-10001968,"Kleencut Letter Opener, Easy Grip",Office Supplies,Supplies
6059,FUR-FU-10002919,"Rubbermaid Frame, Erganomic",Furniture,Furnishings
6060,TEC-CO-10003113,"Hewlett Fax Machine, Color",Technology,Copiers
6061,TEC-SAN-10004424,"SanDisk Router, Bluetooth",Technology,Accessories
6062,OFF-SAN-10001295,"Sanford Pencil Sharpener, Water Color",Office Supplies,Art
6063,OFF-PA-10002033,"Green Bar Cards & Envelopes, 8.5 x 11",Office Supplies,Paper
6064,OFF-AR-10003774,"Stanley Sketch Pad, Fluorescent",Office Supplies,Art
6065,TEC-PH-10001708,"Cisco Audio Dock, with Caller ID",Technology,Phones
6066,FUR-FU-10002979,"Eldon Frame, Black",Furniture,Furnishings
6067,OFF-PA-10000791,"Wirebound Message Books, Four 2 3/4 x 5 Forms per Page, 200 Sets per Book",Office Supplies,Paper
6068,OFF-AR-10001149,"Sanford Colorific Colored Pencils, 12/Box",Office Supplies,Art
6069,TEC-PH-10002428,"Apple Headset, VoIP",Technology,Phones
6070,TEC-MA-10000559,"Epson Card Printer, Red",Technology,Machines
6071,OFF-AP-10002326,"Hamilton Beach Microwave, White",Office Supplies,Appliances
6072,OFF-LA-10003295,"Harbour Creations Color Coded Labels, Alphabetical",Office Supplies,Labels
6073,OFF-FA-10000475,"OIC Paper Clips, Metal",Office Supplies,Fasteners
6074,OFF-CAR-10001358,"Cardinal Hole Reinforcements, Clear",Office Supplies,Binders
6075,TEC-MA-10000768,"Epson Card Printer, White",Technology,Machines
6076,OFF-SU-10003511,"Kleencut Ruler, High Speed",Office Supplies,Supplies
6077,OFF-FA-10004067,"Stockwell Rubber Bands, 12 Pack",Office Supplies,Fasteners
6078,FUR-CH-10003155,"Harbour Creations Bag Chairs, Red",Furniture,Chairs
6079,OFF-ST-10002085,"Tenex File Cart, Industrial",Office Supplies,Storage
6080,OFF-KLE-10004543,"Kleencut Ruler, High Speed",Office Supplies,Supplies
6081,OFF-BIN-10000901,"Binney & Smith Pens, Water Color",Office Supplies,Art
6082,OFF-AP-10000039,"Breville Coffee Grinder, Silver",Office Supplies,Appliances
6083,OFF-EAT-10000820,"Eaton Message Books, Multicolor",Office Supplies,Paper
6084,FUR-BO-10001558,"Safco 3-Shelf Cabinet, Pine",Furniture,Bookcases
6085,FUR-FU-10000339,"Tenex Frame, Black",Furniture,Furnishings
6086,FUR-BAR-10003532,"Barricks Conference Table, Rectangular",Furniture,Tables
6087,FUR-FU-10004019,"Rubbermaid Door Stop, Erganomic",Furniture,Furnishings
6088,OFF-AP-10000078,"Breville Toaster, Silver",Office Supplies,Appliances
6089,OFF-PA-10003320,"Green Bar Parchment Paper, Recycled",Office Supplies,Paper
6090,TEC-AC-10002145,"Belkin Memory Card, Programmable",Technology,Accessories
6091,TEC-AC-10004620,"Belkin Flash Drive, USB",Technology,Accessories
6092,OFF-AR-10000283,"Stanley Highlighters, Blue",Office Supplies,Art
6093,FUR-DEF-10004936,"Deflect-O Light Bulb, Durable",Furniture,Furnishings
6094,OFF-BI-10001544,"Wilson Jones Hole Reinforcements, Clear",Office Supplies,Binders
6095,OFF-SME-10000675,"Smead Round Labels, 5000 Label Set",Office Supplies,Labels
6096,FUR-BO-10004660,"Sauder Library with Doors, Metal",Furniture,Bookcases
6097,TEC-PH-10003011,"Cisco Audio Dock, Full Size",Technology,Phones
6098,TEC-PH-10002834,Google Nexus 5,Technology,Phones
6099,OFF-ST-10000327,"Smead Folders, Wire Frame",Office Supplies,Storage
6100,OFF-EN-10002013,"Kraft Business Envelopes, Security-Tint",Office Supplies,Envelopes
6101,FUR-FU-10000975,"Eldon Clock, Black",Furniture,Furnishings
6102,FUR-FU-10000012,"Tenex Stacking Tray, Black",Furniture,Furnishings
6103,OFF-AR-10001068,"BIC Sketch Pad, Easy-Erase",Office Supplies,Art
6104,OFF-BI-10002897,"Black Avery Memo-Size 3-Ring Binder, 5 1/2"" x 8 1/2""",Office Supplies,Binders
6105,OFF-FIS-10001549,"Fiskars Shears, Serrated",Office Supplies,Supplies
6106,TEC-BEL-10002516,"Belkin Mouse, Bluetooth",Technology,Accessories
6107,TEC-AC-10001705,"Logitech Keyboard, Bluetooth",Technology,Accessories
6108,FUR-CH-10001397,"SAFCO Chairmat, Set of Two",Furniture,Chairs
6109,TEC-AC-10003659,"Memorex Memory Card, Programmable",Technology,Accessories
6110,OFF-EN-10004995,"Ames Interoffice Envelope, with clear poly window",Office Supplies,Envelopes
6111,OFF-SU-10002785,"Fiskars Trimmer, Serrated",Office Supplies,Supplies
6112,OFF-FA-10000256,"Advantus Clamps, Bulk Pack",Office Supplies,Fasteners
6113,TEC-BRO-10000381,"Brother Fax and Copier, Laser",Technology,Copiers
6114,OFF-EN-10001669,"Ames Interoffice Envelope, with clear poly window",Office Supplies,Envelopes
6115,OFF-BOS-10003113,"Boston Pens, Water Color",Office Supplies,Art
6116,OFF-PA-10000477,Xerox 22,Office Supplies,Paper
6117,TEC-AC-10001616,"SanDisk Numeric Keypad, Erganomic",Technology,Accessories
6118,FUR-CH-10004089,"Harbour Creations Bag Chairs, Set of Two",Furniture,Chairs
6119,OFF-BI-10004078,"Wilson Jones 3-Hole Punch, Clear",Office Supplies,Binders
6120,OFF-FA-10004523,"OIC Thumb Tacks, Bulk Pack",Office Supplies,Fasteners
6121,TEC-AC-10003217,"Enermax Keyboard, USB",Technology,Accessories
6122,OFF-EN-10002122,"Jiffy Mailers, with clear poly window",Office Supplies,Envelopes
6123,TEC-AC-10002025,"Memorex Flash Drive, Bluetooth",Technology,Accessories
6124,OFF-PA-10002101,"Xerox Parchment Paper, Multicolor",Office Supplies,Paper
6125,OFF-EN-10003685,"Jiffy Mailers, with clear poly window",Office Supplies,Envelopes
6126,OFF-SU-10002325,"Stiletto Trimmer, High Speed",Office Supplies,Supplies
6127,OFF-BI-10000390,"Cardinal Index Tab, Clear",Office Supplies,Binders
6128,TEC-AC-10000422,"Belkin Numeric Keypad, Bluetooth",Technology,Accessories
6129,FUR-CH-10002573,"Office Star Executive Leather Armchair, Adjustable",Furniture,Chairs
6130,OFF-SU-10002214,"Stiletto Box Cutter, Serrated",Office Supplies,Supplies
6131,OFF-LA-10002974,"Avery File Folder Labels, Laser Printer Compatible",Office Supplies,Labels
6132,OFF-LA-10003271,"Novimex Shipping Labels, Adjustable",Office Supplies,Labels
6133,FUR-FU-10003325,"Tenex Door Stop, Duo Pack",Furniture,Furnishings
6134,FUR-OFF-10003713,"Office Star Chairmat, Adjustable",Furniture,Chairs
6135,TEC-KON-10003116,"Konica Receipt Printer, Red",Technology,Machines
6136,FUR-CH-10002989,"SAFCO Bag Chairs, Adjustable",Furniture,Chairs
6137,FUR-FU-10001015,"Eldon Stacking Tray, Black",Furniture,Furnishings
6138,FUR-FU-10000955,"Advantus Stacking Tray, Durable",Furniture,Furnishings
6139,FUR-NOV-10003195,"Novimex Chairmat, Red",Furniture,Chairs
6140,OFF-PA-10002611,"Green Bar Parchment Paper, Multicolor",Office Supplies,Paper
6141,TEC-AC-10000927,Anker Ultrathin Bluetooth Wireless Keyboard Aluminum Cover with Stand ,Technology,Accessories
6142,OFF-KRA-10000916,"Kraft Interoffice Envelope, Recycled",Office Supplies,Envelopes
6143,OFF-GRE-10001814,"Green Bar Computer Printout Paper, 8.5 x 11",Office Supplies,Paper
6144,OFF-SU-10003537,"Stiletto Letter Opener, Easy Grip",Office Supplies,Supplies
6145,OFF-ENE-10003409,"Enermax Memo Slips, Recycled",Office Supplies,Paper
6146,OFF-STO-10001173,"Stockwell Thumb Tacks, Assorted Sizes",Office Supplies,Fasteners
6147,OFF-OIC-10003978,"OIC Staples, Assorted Sizes",Office Supplies,Fasteners
6148,OFF-ST-10002340,"Fellowes Shelving, Industrial",Office Supplies,Storage
6149,OFF-PA-10000249,Staples,Office Supplies,Paper
6150,OFF-PA-10002618,"Eaton Memo Slips, Multicolor",Office Supplies,Paper
6151,OFF-EN-10003111,"GlobeWeis Clasp Envelope, Recycled",Office Supplies,Envelopes
6152,FUR-OFF-10001132,"Office Star Swivel Stool, Adjustable",Furniture,Chairs
6153,TEC-AC-10001904,"Logitech Mouse, Bluetooth",Technology,Accessories
6154,TEC-MA-10001139,"Okidata Receipt Printer, Wireless",Technology,Machines
6155,OFF-BI-10004250,"Cardinal 3-Hole Punch, Recycled",Office Supplies,Binders
6156,OFF-AP-10000804,Hoover Portapower Portable Vacuum,Office Supplies,Appliances
6157,TEC-PH-10004223,"Cisco Speaker Phone, Full Size",Technology,Phones
6158,TEC-PH-10001433,"Motorola Headset, Full Size",Technology,Phones
6159,OFF-FIS-10002924,"Fiskars Scissors, High Speed",Office Supplies,Supplies
6160,TEC-BEL-10000696,"Belkin Mouse, Programmable",Technology,Accessories
6161,FUR-BO-10002387,"Safco Library with Doors, Metal",Furniture,Bookcases
6162,OFF-SU-10002521,"Kleencut Box Cutter, Steel",Office Supplies,Supplies
6163,OFF-PA-10002377,"Adams Telephone Message Book W/Dividers/Space For Phone Numbers, 5 1/4""X8 1/2"", 200/Messages",Office Supplies,Paper
6164,FUR-TA-10001116,"Barricks Conference Table, Fully Assembled",Furniture,Tables
6165,OFF-ST-10003997,"Fellowes File Cart, Industrial",Office Supplies,Storage
6166,TEC-PH-10003800,i.Sound Portable Power - 8000 mAh,Technology,Phones
6167,FUR-FU-10002648,"Rubbermaid Stacking Tray, Erganomic",Furniture,Furnishings
6168,FUR-TEN-10001809,"Tenex Photo Frame, Erganomic",Furniture,Furnishings
6169,OFF-LA-10001793,"Avery Round Labels, Alphabetical",Office Supplies,Labels
6170,OFF-BIC-10003654,"BIC Pens, Blue",Office Supplies,Art
6171,TEC-BRO-10000663,"Brother Fax and Copier, Color",Technology,Copiers
6172,TEC-MA-10001210,"Okidata Calculator, Durable",Technology,Machines
6173,TEC-PH-10004933,"Samsung Headset, VoIP",Technology,Phones
6174,TEC-MA-10001752,"Konica Printer, Durable",Technology,Machines
6175,OFF-ST-10002800,"Tenex Folders, Industrial",Office Supplies,Storage
6176,TEC-CIS-10002814,"Cisco Headset, Cordless",Technology,Phones
6177,OFF-BI-10004541,"Wilson Jones Binder, Durable",Office Supplies,Binders
6178,OFF-ACM-10004895,"Acme Scissors, Easy Grip",Office Supplies,Supplies
6179,TEC-PAN-10002884,"Panasonic Inkjet, Wireless",Technology,Machines
6180,OFF-BI-10004236,"XtraLife ClearVue Slant-D Ring Binder, White, 3""",Office Supplies,Binders
6181,OFF-STO-10003878,"Stockwell Clamps, Assorted Sizes",Office Supplies,Fasteners
6182,OFF-LA-10002943,"Novimex Removable Labels, Laser Printer Compatible",Office Supplies,Labels
6183,FUR-BO-10001811,"Atlantic Metals Mobile 5-Shelf Bookcases, Custom Colors",Furniture,Bookcases
6184,TEC-PH-10003492,"Cisco Audio Dock, Full Size",Technology,Phones
6185,TEC-MA-10003698,"Okidata Phone, White",Technology,Machines
6186,TEC-PH-10003215,Jackery Bar Premium Fast-charging Portable Charger,Technology,Phones
6187,OFF-AR-10003696,Panasonic KP-350BK Electric Pencil Sharpener with Auto Stop,Office Supplies,Art
6188,OFF-AR-10001061,"Stanley Sketch Pad, Water Color",Office Supplies,Art
6189,OFF-PA-10003708,"Green Bar Computer Printout Paper, Premium",Office Supplies,Paper
6190,OFF-ACC-10004281,"Acco Hole Reinforcements, Recycled",Office Supplies,Binders
6191,OFF-AP-10002906,Hoover Replacement Belt for Commercial Guardsman Heavy-Duty Upright Vacuum,Office Supplies,Appliances
6192,TEC-CO-10001008,"Canon Fax and Copier, Laser",Technology,Copiers
6193,TEC-MA-10004224,"StarTech Inkjet, Wireless",Technology,Machines
6194,FUR-BO-10001892,"Sauder Library with Doors, Pine",Furniture,Bookcases
6195,FUR-BO-10004327,"Bush 3-Shelf Cabinet, Mobile",Furniture,Bookcases
6196,TEC-AC-10004108,"Memorex Router, USB",Technology,Accessories
6197,FUR-TA-10001359,"Chromcraft Training Table, with Bottom Storage",Furniture,Tables
6198,FUR-DEF-10000639,"Deflect-O Photo Frame, Black",Furniture,Furnishings
6199,OFF-BI-10004224,"Avery Index Tab, Durable",Office Supplies,Binders
6200,OFF-JIF-10003842,"Jiffy Clasp Envelope, Security-Tint",Office Supplies,Envelopes
6201,OFF-LA-10000990,"Harbour Creations Legal Exhibit Labels, Alphabetical",Office Supplies,Labels
6202,OFF-NOV-10001238,"Novimex Shipping Labels, Alphabetical",Office Supplies,Labels
6203,OFF-FA-10001057,"Accos Clamps, Assorted Sizes",Office Supplies,Fasteners
6204,FUR-BO-10001073,"Safco Classic Bookcase, Metal",Furniture,Bookcases
6205,FUR-CH-10003581,"Hon Executive Leather Armchair, Adjustable",Furniture,Chairs
6206,FUR-CH-10002585,"Harbour Creations Executive Leather Armchair, Black",Furniture,Chairs
6207,TEC-PH-10000562,Samsung Convoy 3,Technology,Phones
6208,TEC-BEL-10003896,"Belkin Mouse, Erganomic",Technology,Accessories
6209,OFF-EN-10004453,"Kraft Interoffice Envelope, Security-Tint",Office Supplies,Envelopes
6210,OFF-KIT-10001380,"KitchenAid Microwave, Black",Office Supplies,Appliances
6211,TEC-SAM-10002682,"Samsung Headset, Full Size",Technology,Phones
6212,FUR-SAF-10004525,"SAFCO Swivel Stool, Red",Furniture,Chairs
6213,OFF-AP-10002222,Staples,Office Supplies,Appliances
6214,FUR-FU-10003247,36X48 HARDFLOOR CHAIRMAT,Furniture,Furnishings
6215,OFF-AP-10003287,"KitchenAid Stove, Silver",Office Supplies,Appliances
6216,FUR-TA-10000591,"Chromcraft Training Table, with Bottom Storage",Furniture,Tables
6217,TEC-CO-10003763,Canon PC1060 Personal Laser Copier,Technology,Copiers
6218,TEC-EPS-10000689,"Epson Card Printer, Wireless",Technology,Machines
6219,OFF-PA-10004741,"SanDisk Cards & Envelopes, 8.5 x 11",Office Supplies,Paper
6220,OFF-AR-10002447,"Stanley Sketch Pad, Water Color",Office Supplies,Art
6221,TEC-AC-10004773,"Memorex Flash Drive, Bluetooth",Technology,Accessories
6222,TEC-SAM-10004851,"Samsung Office Telephone, with Caller ID",Technology,Phones
6223,OFF-XER-10000641,"Xerox Cards & Envelopes, Recycled",Office Supplies,Paper
6224,OFF-SAN-10003660,"SanDisk Computer Printout Paper, Multicolor",Office Supplies,Paper
6225,OFF-SU-10004904,"Fiskars Scissors, Serrated",Office Supplies,Supplies
6226,TEC-CO-10001162,"Canon Wireless Fax, Laser",Technology,Copiers
6227,TEC-PH-10003945,"Nokia Audio Dock, VoIP",Technology,Phones
6228,FUR-BO-10003333,"Sauder Stackable Bookrack, Traditional",Furniture,Bookcases
6229,TEC-PH-10001619,LG G3,Technology,Phones
6230,TEC-AC-10004469,Microsoft Sculpt Comfort Mouse,Technology,Accessories
6231,OFF-BI-10000328,"Acco Binding Machine, Clear",Office Supplies,Binders
6232,TEC-PH-10003796,"Apple Headset, with Caller ID",Technology,Phones
6233,OFF-PA-10000032,"SanDisk Note Cards, Premium",Office Supplies,Paper
6234,OFF-EN-10004211,"GlobeWeis Business Envelopes, Security-Tint",Office Supplies,Envelopes
6235,OFF-ST-10002618,"Tenex Folders, Blue",Office Supplies,Storage
6236,OFF-AR-10001107,"BIC Highlighters, Water Color",Office Supplies,Art
6237,OFF-LA-10000989,"Smead Round Labels, Adjustable",Office Supplies,Labels
6238,OFF-HOO-10002946,"Hoover Stove, Red",Office Supplies,Appliances
6239,OFF-AP-10000381,"Hoover Refrigerator, Red",Office Supplies,Appliances
6240,TEC-EPS-10002711,"Epson Card Printer, Red",Technology,Machines
6241,FUR-CH-10002084,Hon Mobius Operator's Chair,Furniture,Chairs
6242,FUR-FU-10000714,"Tenex Light Bulb, Black",Furniture,Furnishings
6243,FUR-CH-10000438,"Novimex Chairmat, Adjustable",Furniture,Chairs
6244,TEC-SHA-10004184,"Sharp Personal Copier, High-Speed",Technology,Copiers
6245,OFF-AR-10002704,Boston 1900 Electric Pencil Sharpener,Office Supplies,Art
6246,OFF-PA-10003848,Xerox 1997,Office Supplies,Paper
6247,OFF-BI-10003323,"Cardinal Hole Reinforcements, Clear",Office Supplies,Binders
6248,FUR-CH-10000399,"Hon Swivel Stool, Set of Two",Furniture,Chairs
6249,TEC-MA-10000772,"StarTech Printer, Red",Technology,Machines
6250,OFF-ELD-10001477,"Eldon Lockers, Single Width",Office Supplies,Storage
6251,FUR-FU-10003414,"Tenex Clock, Duo Pack",Furniture,Furnishings
6252,OFF-SU-10000216,"Stiletto Ruler, Steel",Office Supplies,Supplies
6253,TEC-AC-10003571,"Memorex Numeric Keypad, Bluetooth",Technology,Accessories
6254,OFF-AR-10000067,"Boston Pencil Sharpener, Water Color",Office Supplies,Art
6255,FUR-IKE-10003796,"Ikea Stackable Bookrack, Metal",Furniture,Bookcases
6256,FUR-CH-10003771,"Harbour Creations Steel Folding Chair, Black",Furniture,Chairs
6257,FUR-BO-10003768,"Sauder 3-Shelf Cabinet, Traditional",Furniture,Bookcases
6258,FUR-CH-10004790,"Office Star Bag Chairs, Black",Furniture,Chairs
6259,OFF-FA-10002759,"Stockwell Clamps, Bulk Pack",Office Supplies,Fasteners
6260,OFF-AR-10004456,"Binney & Smith Markers, Blue",Office Supplies,Art
6261,TEC-PH-10003713,"Cisco Audio Dock, Cordless",Technology,Phones
6262,TEC-AC-10002357,"SanDisk Numeric Keypad, USB",Technology,Accessories
6263,FUR-FU-10002696,"Eldon Frame, Durable",Furniture,Furnishings
6264,TEC-MA-10004956,"Konica Card Printer, Red",Technology,Machines
6265,OFF-EN-10000031,"Ames Peel and Seal, Security-Tint",Office Supplies,Envelopes
6266,FUR-CH-10003794,"SAFCO Bag Chairs, Set of Two",Furniture,Chairs
6267,TEC-CO-10004664,"Hewlett Personal Copier, Color",Technology,Copiers
6268,OFF-SAN-10003041,"Sanford Markers, Water Color",Office Supplies,Art
6269,FUR-CH-10004547,"Office Star Bag Chairs, Black",Furniture,Chairs
6270,TEC-AC-10004241,"Logitech Keyboard, USB",Technology,Accessories
6271,OFF-AVE-10000432,"Avery Index Tab, Clear",Office Supplies,Binders
6272,OFF-STA-10002791,"Stanley Sketch Pad, Water Color",Office Supplies,Art
6273,OFF-BOS-10001386,"Boston Sketch Pad, Water Color",Office Supplies,Art
6274,OFF-EN-10003887,"Cameo Interoffice Envelope, with clear poly window",Office Supplies,Envelopes
6275,OFF-ENE-10004401,"Enermax Parchment Paper, Premium",Office Supplies,Paper
6276,TEC-MA-10004198,"Panasonic Card Printer, White",Technology,Machines
6277,OFF-FA-10003818,"Stockwell Staples, 12 Pack",Office Supplies,Fasteners
6278,TEC-CO-10002937,"Canon Ink, High-Speed",Technology,Copiers
6279,TEC-PH-10003698,"Nokia Signal Booster, Full Size",Technology,Phones
6280,OFF-PA-10001795,"Green Bar Message Books, Premium",Office Supplies,Paper
6281,OFF-EN-10000053,"Ames Business Envelopes, Recycled",Office Supplies,Envelopes
6282,TEC-PH-10003356,"SmartStand Mobile Device Holder, Assorted Colors",Technology,Phones
6283,OFF-BI-10001507,"Wilson Jones Binder Covers, Economy",Office Supplies,Binders
6284,OFF-PA-10003037,"Eaton Memo Slips, Multicolor",Office Supplies,Paper
6285,TEC-CO-10003516,"Sharp Ink, High-Speed",Technology,Copiers
6286,FUR-TA-10001740,"Barricks Conference Table, Adjustable Height",Furniture,Tables
6287,FUR-BO-10001393,"Safco 3-Shelf Cabinet, Pine",Furniture,Bookcases
6288,FUR-BO-10002985,"Sauder Corner Shelving, Mobile",Furniture,Bookcases
6289,TEC-AC-10001830,"Enermax Router, Erganomic",Technology,Accessories
6290,TEC-ENE-10004509,"Enermax Router, Programmable",Technology,Accessories
6291,TEC-PH-10004882,"Nokia Office Telephone, VoIP",Technology,Phones
6292,TEC-HP -10002307,"HP Fax and Copier, Laser",Technology,Copiers
6293,OFF-EN-10004775,"Kraft Manila Envelope, Set of 50",Office Supplies,Envelopes
6294,TEC-PH-10001527,Plantronics MX500i Earset,Technology,Phones
6295,OFF-SU-10003632,"Acme Letter Opener, Easy Grip",Office Supplies,Supplies
6296,OFF-FA-10003931,"Stockwell Clamps, Bulk Pack",Office Supplies,Fasteners
6297,OFF-AR-10001761,Avery Hi-Liter Smear-Safe Highlighters,Office Supplies,Art
6298,FUR-FU-10001215,"Howard Miller 11-1/2"" Diameter Brentwood Wall Clock",Furniture,Furnishings
6299,OFF-ST-10001228,Personal File Boxes with Fold-Down Carry Handle,Office Supplies,Storage
6300,OFF-GRE-10003213,"Green Bar Memo Slips, Premium",Office Supplies,Paper
6301,OFF-AR-10003856,Newell 344,Office Supplies,Art
6302,OFF-EN-10003271,"Ames Peel and Seal, Security-Tint",Office Supplies,Envelopes
6303,OFF-ST-10001291,"Tenex Personal Self-Stacking Standard File Box, Black/Gray",Office Supplies,Storage
6304,TEC-AC-10000387,KeyTronic KT800P2 - Keyboard - Black,Technology,Accessories
6305,OFF-ST-10000142,Deluxe Rollaway Locking File with Drawer,Office Supplies,Storage
6306,TEC-PH-10003353,"Motorola Office Telephone, Cordless",Technology,Phones
6307,OFF-PA-10000034,"Xerox Cards & Envelopes, Multicolor",Office Supplies,Paper
6308,FUR-BAR-10000831,"Barricks Training Table, Fully Assembled",Furniture,Tables
6309,OFF-BIC-10001823,"BIC Canvas, Fluorescent",Office Supplies,Art
6310,OFF-LA-10000658,"Avery Shipping Labels, 5000 Label Set",Office Supplies,Labels
6311,OFF-AR-10002975,"Stanley Sketch Pad, Fluorescent",Office Supplies,Art
6312,OFF-AR-10004049,"Stanley Sketch Pad, Fluorescent",Office Supplies,Art
6313,OFF-PA-10002749,"Wirebound Message Books, 5-1/2 x 4 Forms, 2 or 4 Forms per Page",Office Supplies,Paper
6314,OFF-SU-10001165,Acme Elite Stainless Steel Scissors,Office Supplies,Supplies
6315,FUR-FU-10001915,"Rubbermaid Stacking Tray, Black",Furniture,Furnishings
6316,FUR-NOV-10002939,"Novimex Swivel Stool, Black",Furniture,Chairs
6317,OFF-FA-10000087,"Accos Clamps, Assorted Sizes",Office Supplies,Fasteners
6318,OFF-BI-10001167,"Wilson Jones Binder, Clear",Office Supplies,Binders
6319,OFF-BI-10000088,GBC Imprintable Covers,Office Supplies,Binders
6320,TEC-MA-10000161,"Konica Receipt Printer, Durable",Technology,Machines
6321,FUR-BAR-10002449,"Barricks Training Table, Adjustable Height",Furniture,Tables
6322,TEC-PH-10000160,"Motorola Signal Booster, Cordless",Technology,Phones
6323,TEC-AC-10002340,"Logitech Router, Bluetooth",Technology,Accessories
6324,TEC-CO-10002434,"Canon Fax and Copier, Laser",Technology,Copiers
6325,TEC-AC-10000332,"Logitech Keyboard, USB",Technology,Accessories
6326,OFF-ST-10001172,"Tennsco Lockers, Sand",Office Supplies,Storage
6327,TEC-AC-10004117,"Logitech Flash Drive, Programmable",Technology,Accessories
6328,OFF-EN-10004386,"Recycled Interoffice Envelopes with String and Button Closure, 10 x 13",Office Supplies,Envelopes
6329,OFF-AR-10003461,"Stanley Pencil Sharpener, Easy-Erase",Office Supplies,Art
6330,FUR-TEN-10003900,"Tenex Stacking Tray, Durable",Furniture,Furnishings
6331,FUR-BO-10004844,"Sauder Corner Shelving, Mobile",Furniture,Bookcases
6332,TEC-PH-10002152,"Apple Headset, Cordless",Technology,Phones
6333,FUR-FU-10003427,"Rubbermaid Frame, Erganomic",Furniture,Furnishings
6334,OFF-PA-10002254,Xerox 1883,Office Supplies,Paper
6335,TEC-HP -10002603,"HP Copy Machine, High-Speed",Technology,Copiers
6336,OFF-ELI-10001057,"Elite Trimmer, Serrated",Office Supplies,Supplies
6337,OFF-EN-10003560,"Kraft Clasp Envelope, with clear poly window",Office Supplies,Envelopes
6338,OFF-LA-10003778,"Novimex File Folder Labels, Alphabetical",Office Supplies,Labels
6339,FUR-TA-10000075,"Bevis Coffee Table, Fully Assembled",Furniture,Tables
6340,OFF-ST-10002182,"Iris 3-Drawer Stacking Bin, Black",Office Supplies,Storage
6341,TEC-AC-10004679,"Enermax Flash Drive, Programmable",Technology,Accessories
6342,TEC-STA-10004542,"StarTech Calculator, Durable",Technology,Machines
6343,OFF-ST-10003159,"Smead Trays, Single Width",Office Supplies,Storage
6344,OFF-PA-10003127,Staples,Office Supplies,Paper
6345,OFF-AR-10003217,Newell 316,Office Supplies,Art
6346,TEC-AC-10000171,"Verbatim 25 GB 6x Blu-ray Single Layer Recordable Disc, 25/Pack",Technology,Accessories
6347,OFF-BI-10000285,XtraLife ClearVue Slant-D Ring Binders by Cardinal,Office Supplies,Binders
6348,TEC-MA-10001248,"StarTech Inkjet, Wireless",Technology,Machines
6349,FUR-TA-10001968,"Bevis Computer Table, with Bottom Storage",Furniture,Tables
6350,TEC-SHA-10003353,"Sharp Copy Machine, High-Speed",Technology,Copiers
6351,OFF-AP-10003850,"Hoover Blender, White",Office Supplies,Appliances
6352,TEC-MA-10003885,"Okidata Calculator, Wireless",Technology,Machines
6353,OFF-AR-10003630,"Stanley Sketch Pad, Easy-Erase",Office Supplies,Art
6354,OFF-KIT-10003938,"KitchenAid Toaster, Red",Office Supplies,Appliances
6355,FUR-BO-10003078,"Safco Corner Shelving, Traditional",Furniture,Bookcases
6356,OFF-PA-10004881,"Xerox Computer Printout Paper, Recycled",Office Supplies,Paper
6357,OFF-KLE-10004581,"Kleencut Trimmer, Easy Grip",Office Supplies,Supplies
6358,TEC-MA-10004975,"Konica Calculator, White",Technology,Machines
6359,OFF-BI-10002128,"Acco Binder Covers, Durable",Office Supplies,Binders
6360,OFF-JIF-10000890,"Jiffy Peel and Seal, Security-Tint",Office Supplies,Envelopes
6361,FUR-TEN-10003923,"Tenex Door Stop, Duo Pack",Furniture,Furnishings
6362,OFF-ACC-10000808,"Acco 3-Hole Punch, Economy",Office Supplies,Binders
6363,OFF-FA-10001072,"Advantus Clamps, 12 Pack",Office Supplies,Fasteners
6364,TEC-PH-10000214,"Apple Speaker Phone, VoIP",Technology,Phones
6365,OFF-PA-10004069,"SanDisk Parchment Paper, 8.5 x 11",Office Supplies,Paper
6366,FUR-FU-10003832,"Eldon Expressions Punched Metal & Wood Desk Accessories, Black & Cherry",Furniture,Furnishings
6367,OFF-EN-10003607,"Cameo Business Envelopes, Recycled",Office Supplies,Envelopes
6368,OFF-AP-10002287,"Eureka Sanitaire  Multi-Pro Heavy-Duty Upright, Disposable Bags",Office Supplies,Appliances
6369,OFF-HAR-10002479,"Harbour Creations Color Coded Labels, 5000 Label Set",Office Supplies,Labels
6370,OFF-AP-10000226,"Hoover Coffee Grinder, Black",Office Supplies,Appliances
6371,TEC-PH-10003891,"Cisco Audio Dock, with Caller ID",Technology,Phones
6372,TEC-PH-10004675,"Nokia Audio Dock, VoIP",Technology,Phones
6373,OFF-AR-10004881,"Stanley Sketch Pad, Blue",Office Supplies,Art
6374,TEC-AC-10002218,"Memorex Keyboard, Erganomic",Technology,Accessories
6375,OFF-ST-10002759,"Eldon Shelving, Industrial",Office Supplies,Storage
6376,OFF-ELI-10001812,"Elite Shears, Easy Grip",Office Supplies,Supplies
6377,OFF-HOO-10001248,"Hoover Coffee Grinder, Silver",Office Supplies,Appliances
6378,OFF-STO-10003605,"Stockwell Paper Clips, Metal",Office Supplies,Fasteners
6379,OFF-EN-10001616,"GlobeWeis Business Envelopes, Recycled",Office Supplies,Envelopes
6380,OFF-PA-10001950,Southworth 25% Cotton Antique Laid Paper & Envelopes,Office Supplies,Paper
6381,OFF-AP-10000595,Disposable Triple-Filter Dust Bags,Office Supplies,Appliances
6382,TEC-AC-10000151,"SanDisk Flash Drive, Erganomic",Technology,Accessories
6383,TEC-MEM-10003302,"Memorex Numeric Keypad, Erganomic",Technology,Accessories
6384,FUR-BO-10000288,"Safco Classic Bookcase, Traditional",Furniture,Bookcases
6385,OFF-AP-10002938,"KitchenAid Toaster, Black",Office Supplies,Appliances
6386,TEC-MA-10001569,"Okidata Phone, Red",Technology,Machines
6387,TEC-PH-10004597,"Apple Signal Booster, with Caller ID",Technology,Phones
6388,TEC-AC-10000258,"Belkin Numeric Keypad, Bluetooth",Technology,Accessories
6389,OFF-FA-10004993,"OIC Paper Clips, Metal",Office Supplies,Fasteners
6390,FUR-FU-10001008,"Rubbermaid Light Bulb, Durable",Furniture,Furnishings
6391,FUR-TA-10003164,"Bevis Wood Table, Rectangular",Furniture,Tables
6392,OFF-HAM-10000983,"Hamilton Beach Refrigerator, White",Office Supplies,Appliances
6393,OFF-ST-10003931,"Smead Lockers, Blue",Office Supplies,Storage
6394,TEC-AC-10002253,Imation Bio 8GB USB Flash Drive Imation Corp,Technology,Accessories
6395,OFF-PA-10000743,Xerox 1977,Office Supplies,Paper
6396,OFF-SME-10000538,"Smead File Cart, Single Width",Office Supplies,Storage
6397,OFF-CUI-10000682,"Cuisinart Stove, Silver",Office Supplies,Appliances
6398,FUR-CH-10004086,Hon 4070 Series Pagoda Armless Upholstered Stacking Chairs,Furniture,Chairs
6399,OFF-SU-10000835,"Acme Box Cutter, Steel",Office Supplies,Supplies
6400,FUR-BUS-10004882,"Bush Floating Shelf Set, Metal",Furniture,Bookcases
6401,OFF-PA-10001736,Xerox 1880,Office Supplies,Paper
6402,OFF-AP-10001947,Acco 6 Outlet Guardian Premium Plus Surge Suppressor,Office Supplies,Appliances
6403,TEC-AC-10003116,Memorex Froggy Flash Drive 8 GB,Technology,Accessories
6404,OFF-PA-10001301,"SanDisk Computer Printout Paper, Multicolor",Office Supplies,Paper
6405,OFF-KRA-10000695,"Kraft Mailers, Set of 50",Office Supplies,Envelopes
6406,OFF-PA-10002615,"Ampad Gold Fibre Wirebound Steno Books, 6"" x 9"", Gregg Ruled",Office Supplies,Paper
6407,TEC-NOK-10001283,"Nokia Smart Phone, Full Size",Technology,Phones
6408,TEC-CO-10003574,"Brother Personal Copier, High-Speed",Technology,Copiers
6409,OFF-SU-10003229,"Stiletto Trimmer, Easy Grip",Office Supplies,Supplies
6410,OFF-FIS-10004882,"Fiskars Shears, Easy Grip",Office Supplies,Supplies
6411,OFF-SU-10001923,"Kleencut Letter Opener, Easy Grip",Office Supplies,Supplies
6412,TEC-CIS-10001938,"Cisco Audio Dock, VoIP",Technology,Phones
6413,OFF-PA-10002371,"Green Bar Message Books, 8.5 x 11",Office Supplies,Paper
6414,OFF-FA-10004931,"OIC Clamps, Bulk Pack",Office Supplies,Fasteners
6415,OFF-NOV-10000092,"Novimex Color Coded Labels, 5000 Label Set",Office Supplies,Labels
6416,OFF-BRE-10002255,"Breville Stove, White",Office Supplies,Appliances
6417,TEC-PAN-10002690,"Panasonic Card Printer, Wireless",Technology,Machines
6418,FUR-CH-10004899,"SAFCO Rocking Chair, Adjustable",Furniture,Chairs
6419,OFF-AR-10003384,"Boston Pens, Water Color",Office Supplies,Art
6420,TEC-PH-10000011,PureGear Roll-On Screen Protector,Technology,Phones
6421,TEC-AC-10004849,"SanDisk Router, Programmable",Technology,Accessories
6422,OFF-LA-10003132,"Smead Round Labels, Laser Printer Compatible",Office Supplies,Labels
6423,FUR-FU-10001085,3M Polarizing Light Filter Sleeves,Furniture,Furnishings
6424,OFF-PA-10000357,"White Dual Perf Computer Printout Paper, 2700 Sheets, 1 Part, Heavyweight, 20 lbs., 14 7/8 x 11",Office Supplies,Paper
6425,OFF-FA-10002617,"Advantus Clamps, Assorted Sizes",Office Supplies,Fasteners
6426,TEC-CO-10004897,"Sharp Fax Machine, High-Speed",Technology,Copiers
6427,TEC-MA-10003329,"Vtech AT&T CL2940 Corded Speakerphone, Black",Technology,Machines
6428,OFF-ST-10002437,"Eldon Trays, Blue",Office Supplies,Storage
6429,TEC-AC-10003289,Anker Ultra-Slim Mini Bluetooth 3.0 Wireless Keyboard,Technology,Accessories
6430,TEC-ENE-10004520,"Enermax Mouse, Erganomic",Technology,Accessories
6431,OFF-BI-10003707,Aluminum Screw Posts,Office Supplies,Binders
6432,FUR-TA-10004306,"Barricks Round Table, Fully Assembled",Furniture,Tables
6433,FUR-BO-10004558,"Sauder Library with Doors, Pine",Furniture,Bookcases
6434,OFF-ST-10001999,"Tenex Folders, Wire Frame",Office Supplies,Storage
6435,OFF-EN-10003511,"Jiffy Interoffice Envelope, Security-Tint",Office Supplies,Envelopes
6436,OFF-FA-10002459,"Advantus Clamps, Bulk Pack",Office Supplies,Fasteners
6437,FUR-ELD-10003695,"Eldon Light Bulb, Duo Pack",Furniture,Furnishings
6438,FUR-ADV-10000188,"Advantus Stacking Tray, Erganomic",Furniture,Furnishings
6439,OFF-GLO-10000485,"GlobeWeis Mailers, Security-Tint",Office Supplies,Envelopes
6440,OFF-EAT-10004051,"Eaton Memo Slips, Recycled",Office Supplies,Paper
6441,TEC-CO-10000266,"Canon Copy Machine, Color",Technology,Copiers
6442,OFF-AP-10003849,Hoover Shoulder Vac Commercial Portable Vacuum,Office Supplies,Appliances
6443,TEC-CO-10000961,"Canon Copy Machine, Color",Technology,Copiers
6444,OFF-PA-10001466,"Eaton Computer Printout Paper, 8.5 x 11",Office Supplies,Paper
6445,FUR-FU-10004622,Eldon Advantage Foldable Chair Mats for Low Pile Carpets,Furniture,Furnishings
6446,OFF-LA-10000927,"Hon Shipping Labels, Adjustable",Office Supplies,Labels
6447,OFF-EN-10000761,"Jiffy Peel and Seal, with clear poly window",Office Supplies,Envelopes
6448,OFF-EN-10003416,"Jiffy Peel and Seal, with clear poly window",Office Supplies,Envelopes
6449,TEC-PH-10000505,"Apple Smart Phone, with Caller ID",Technology,Phones
6450,OFF-ST-10004830,"Eldon Lockers, Blue",Office Supplies,Storage
6451,OFF-AP-10000335,"Cuisinart Microwave, Red",Office Supplies,Appliances
6452,TEC-CO-10001674,"Sharp Personal Copier, Color",Technology,Copiers
6453,OFF-FA-10000099,"Stockwell Paper Clips, Metal",Office Supplies,Fasteners
6454,OFF-FA-10003505,"OIC Thumb Tacks, Metal",Office Supplies,Fasteners
6455,OFF-BI-10004624,"Wilson Jones Binder, Durable",Office Supplies,Binders
6456,OFF-AR-10002467,Dixon Ticonderoga Pencils,Office Supplies,Art
6457,OFF-ST-10003470,"Rogers Folders, Industrial",Office Supplies,Storage
6458,TEC-PH-10000347,Cush Cases Heavy Duty Rugged Cover Case for Samsung Galaxy S5 - Purple,Technology,Phones
6459,FUR-FU-10001037,"DAX Charcoal/Nickel-Tone Document Frame, 5 x 7",Furniture,Furnishings
6460,OFF-BI-10002072,Cardinal Slant-D Ring Binders,Office Supplies,Binders
6461,TEC-KON-10004774,"Konica Inkjet, Durable",Technology,Machines
6462,FUR-TA-10003485,"Bevis Training Table, Rectangular",Furniture,Tables
6463,FUR-BO-10001708,"Safco Stackable Bookrack, Pine",Furniture,Bookcases
6464,OFF-FA-10000713,"Stockwell Clamps, 12 Pack",Office Supplies,Fasteners
6465,OFF-EN-10003316,"Jiffy Business Envelopes, Recycled",Office Supplies,Envelopes
6466,OFF-ST-10001799,"Fellowes Box, Single Width",Office Supplies,Storage
6467,OFF-BI-10004454,"Cardinal Binder Covers, Clear",Office Supplies,Binders
6468,TEC-CO-10002242,"Brother Fax and Copier, Color",Technology,Copiers
6469,TEC-AC-10002402,Razer Kraken PRO Over Ear PC and Music Headset,Technology,Accessories
6470,TEC-HP -10003894,"HP Wireless Fax, Laser",Technology,Copiers
6471,OFF-ST-10002538,"Rogers File Cart, Single Width",Office Supplies,Storage
6472,FUR-FU-10001317,"Eldon Photo Frame, Erganomic",Furniture,Furnishings
6473,TEC-AC-10002172,"Memorex Keyboard, Programmable",Technology,Accessories
6474,FUR-TA-10002774,Laminate Occasional Tables,Furniture,Tables
6475,OFF-AP-10000179,Honeywell Enviracaire Portable HEPA Air Cleaner for up to 10 x 16 Room,Office Supplies,Appliances
6476,OFF-EN-10004051,"Ames Manila Envelope, Set of 50",Office Supplies,Envelopes
6477,FUR-FU-10002485,"Rubbermaid Photo Frame, Duo Pack",Furniture,Furnishings
6478,OFF-ACC-10002425,"Accos Thumb Tacks, Assorted Sizes",Office Supplies,Fasteners
6479,OFF-LA-10000934,"Hon Legal Exhibit Labels, 5000 Label Set",Office Supplies,Labels
6480,OFF-SU-10003701,"Stiletto Ruler, Easy Grip",Office Supplies,Supplies
6481,OFF-ROG-10003733,"Rogers Folders, Wire Frame",Office Supplies,Storage
6482,FUR-BO-10000268,"Bush Library with Doors, Pine",Furniture,Bookcases
6483,TEC-PH-10001677,"Nokia Office Telephone, Full Size",Technology,Phones
6484,OFF-ST-10001476,Steel Personal Filing/Posting Tote,Office Supplies,Storage
6485,TEC-LOG-10003995,"Logitech Numeric Keypad, Erganomic",Technology,Accessories
6486,OFF-FA-10004359,"OIC Paper Clips, Assorted Sizes",Office Supplies,Fasteners
6487,OFF-PA-10002534,"Green Bar Memo Slips, Multicolor",Office Supplies,Paper
6488,OFF-ADV-10003369,"Advantus Thumb Tacks, Assorted Sizes",Office Supplies,Fasteners
6489,OFF-LA-10001092,"Harbour Creations Removable Labels, Adjustable",Office Supplies,Labels
6490,TEC-CO-10001943,Canon PC-428 Personal Copier,Technology,Copiers
6491,OFF-AP-10004487,Kensington 4 Outlet MasterPiece Compact Power Control Center,Office Supplies,Appliances
6492,FUR-BO-10004135,"Ikea Stackable Bookrack, Traditional",Furniture,Bookcases
6493,OFF-EN-10004190,"Cameo Mailers, Security-Tint",Office Supplies,Envelopes
6494,FUR-FU-10000087,"Executive Impressions 14"" Two-Color Numerals Wall Clock",Furniture,Furnishings
6495,TEC-PH-10004531,OtterBox Commuter Series Case - iPhone 5 & 5s,Technology,Phones
6496,FUR-FU-10001290,Executive Impressions Supervisor Wall Clock,Furniture,Furnishings
6497,OFF-FA-10004637,"Accos Thumb Tacks, Metal",Office Supplies,Fasteners
6498,TEC-CO-10004961,"HP Wireless Fax, Color",Technology,Copiers
6499,FUR-DAN-10002846,"Dania Floating Shelf Set, Mobile",Furniture,Bookcases
6500,TEC-CO-10003541,"HP Copy Machine, Color",Technology,Copiers
6501,TEC-CO-10001952,"Hewlett Personal Copier, Digital",Technology,Copiers
6502,OFF-FA-10003437,"Accos Clamps, Bulk Pack",Office Supplies,Fasteners
6503,TEC-AC-10003367,"Enermax Memory Card, Programmable",Technology,Accessories
6504,OFF-AP-10002941,"Breville Refrigerator, Silver",Office Supplies,Appliances
6505,TEC-PH-10001494,Polycom CX600 IP Phone VoIP phone,Technology,Phones
6506,TEC-HEW-10003460,"Hewlett Fax and Copier, Color",Technology,Copiers
6507,TEC-PH-10000258,"Motorola Audio Dock, Cordless",Technology,Phones
6508,FUR-TA-10002530,"Iceberg OfficeWorks 42"" Round Tables",Furniture,Tables
6509,FUR-CH-10001322,"Harbour Creations Executive Leather Armchair, Adjustable",Furniture,Chairs
6510,TEC-PH-10003652,"Motorola Headset, Cordless",Technology,Phones
6511,OFF-AP-10004980,3M Replacement Filter for Office Air Cleaner for 20' x 33' Room,Office Supplies,Appliances
6512,OFF-PA-10002968,Xerox 1973,Office Supplies,Paper
6513,OFF-FA-10002752,"Advantus Push Pins, Bulk Pack",Office Supplies,Fasteners
6514,FUR-FU-10004973,Flat Face Poster Frame,Furniture,Furnishings
6515,OFF-AR-10002380,"Boston Highlighters, Blue",Office Supplies,Art
6516,OFF-ST-10000344,"Neat Ideas Personal Hanging Folder Files, Black",Office Supplies,Storage
6517,FUR-TA-10002958,"Chromcraft Conference Table, Fully Assembled",Furniture,Tables
6518,FUR-BO-10003549,"Sauder Floating Shelf Set, Metal",Furniture,Bookcases
6519,TEC-CO-10002427,"Canon Copy Machine, Laser",Technology,Copiers
6520,TEC-MA-10004993,"Konica Inkjet, Wireless",Technology,Machines
6521,TEC-PH-10000381,"Apple Signal Booster, Full Size",Technology,Phones
6522,OFF-FA-10003980,"OIC Paper Clips, Metal",Office Supplies,Fasteners
6523,OFF-LA-10000345,"Avery File Folder Labels, Laser Printer Compatible",Office Supplies,Labels
6524,TEC-PH-10003416,"Samsung Office Telephone, with Caller ID",Technology,Phones
6525,TEC-PH-10001424,"Nokia Signal Booster, Full Size",Technology,Phones
6526,OFF-ROG-10003300,"Rogers Box, Wire Frame",Office Supplies,Storage
6527,OFF-LA-10004777,"Smead Shipping Labels, 5000 Label Set",Office Supplies,Labels
6528,OFF-AP-10000119,"Breville Microwave, White",Office Supplies,Appliances
6529,FUR-BO-10001519,O'Sullivan 3-Shelf Heavy-Duty Bookcases,Furniture,Bookcases
6530,TEC-CIS-10002153,"Cisco Audio Dock, Cordless",Technology,Phones
6531,OFF-ST-10004703,"Tenex Folders, Single Width",Office Supplies,Storage
6532,OFF-AR-10003914,"Stanley Canvas, Easy-Erase",Office Supplies,Art
6533,TEC-MA-10002780,"Okidata Inkjet, Wireless",Technology,Machines
6534,OFF-ST-10004464,"Eldon Trays, Blue",Office Supplies,Storage
6535,TEC-AC-10004396,Logitech Keyboard K120,Technology,Accessories
6536,FUR-CH-10003968,Novimex Turbo Task Chair,Furniture,Chairs
6537,OFF-AME-10001587,"Ames Peel and Seal, with clear poly window",Office Supplies,Envelopes
6538,TEC-AC-10003548,"Logitech Flash Drive, Bluetooth",Technology,Accessories
6539,OFF-BI-10004330,"GBC Velobind Prepunched Cover Sets, Regency Series",Office Supplies,Binders
6540,OFF-SU-10001125,"Stiletto Letter Opener, High Speed",Office Supplies,Supplies
6541,OFF-FA-10001577,"Stockwell Staples, Bulk Pack",Office Supplies,Fasteners
6542,OFF-FA-10003779,"Stockwell Paper Clips, Assorted Sizes",Office Supplies,Fasteners
6543,OFF-FA-10001229,Staples,Office Supplies,Fasteners
6544,TEC-PH-10002310,Plantronics Calisto P620-M USB Wireless Speakerphone System,Technology,Phones
6545,TEC-CO-10002381,"Brother Personal Copier, High-Speed",Technology,Copiers
6546,FUR-TA-10001549,"Barricks Coffee Table, Rectangular",Furniture,Tables
6547,TEC-CO-10004125,"HP Ink, High-Speed",Technology,Copiers
6548,OFF-KLE-10000466,"Kleencut Letter Opener, Easy Grip",Office Supplies,Supplies
6549,OFF-BI-10001900,"DXL Angle-View Binders with Locking Rings, Black",Office Supplies,Binders
6550,OFF-BI-10003009,"Ibico 3-Hole Punch, Clear",Office Supplies,Binders
6551,OFF-AR-10000614,Barrel Sharpener,Office Supplies,Art
6552,TEC-PH-10003357,Grandstream GXP2100 Mainstream Business Phone,Technology,Phones
6553,OFF-ST-10002756,"Tennsco Stur-D-Stor Boltless Shelving, 5 Shelves, 24"" Deep, Sand",Office Supplies,Storage
6554,TEC-PH-10003913,"Samsung Signal Booster, Cordless",Technology,Phones
6555,TEC-CO-10002083,"HP Fax and Copier, High-Speed",Technology,Copiers
6556,FUR-TA-10001433,"Bevis Round Table, with Bottom Storage",Furniture,Tables
6557,FUR-BO-10000636,"Dania Floating Shelf Set, Metal",Furniture,Bookcases
6558,FUR-CH-10003061,"Global Leather Task Chair, Black",Furniture,Chairs
6559,OFF-PA-10000483,Xerox 19,Office Supplies,Paper
6560,FUR-CH-10000187,"Hon Chairmat, Red",Furniture,Chairs
6561,TEC-CO-10003678,"HP Personal Copier, Color",Technology,Copiers
6562,FUR-FU-10000110,"Deflect-O Door Stop, Black",Furniture,Furnishings
6563,TEC-AC-10003590,"TRENDnet 56K USB 2.0 Phone, Internet and Fax Modem",Technology,Accessories
6564,OFF-FA-10000720,"Advantus Rubber Bands, Bulk Pack",Office Supplies,Fasteners
6565,OFF-LA-10004093,Avery 486,Office Supplies,Labels
6566,FUR-FU-10001129,"Deflect-O Stacking Tray, Black",Furniture,Furnishings
6567,TEC-CO-10002586,"Brother Ink, Color",Technology,Copiers
6568,FUR-BO-10001212,"Safco Classic Bookcase, Mobile",Furniture,Bookcases
6569,OFF-HON-10002610,"Hon Removable Labels, Adjustable",Office Supplies,Labels
6570,FUR-FU-10000585,"Deflect-O Light Bulb, Duo Pack",Furniture,Furnishings
6571,FUR-CH-10004199,"SAFCO Executive Leather Armchair, Adjustable",Furniture,Chairs
6572,TEC-CO-10000137,"Canon Wireless Fax, Color",Technology,Copiers
6573,TEC-CO-10004128,"Brother Fax and Copier, Color",Technology,Copiers
6574,FUR-FU-10001601,"Rubbermaid Frame, Erganomic",Furniture,Furnishings
6575,FUR-FU-10002937,"GE 48"" Fluorescent Tube, Cool White Energy Saver, 34 Watts, 30/Box",Furniture,Furnishings
6576,TEC-CO-10001425,"HP Personal Copier, Color",Technology,Copiers
6577,FUR-CH-10001332,"Hon Chairmat, Black",Furniture,Chairs
6578,OFF-EN-10003296,Tyvek Side-Opening Peel & Seel Expanding Envelopes,Office Supplies,Envelopes
6579,OFF-PA-10003513,"Enermax Message Books, Recycled",Office Supplies,Paper
6580,OFF-LA-10002635,"Avery Round Labels, 5000 Label Set",Office Supplies,Labels
6581,OFF-FA-10003994,"Stockwell Paper Clips, Metal",Office Supplies,Fasteners
6582,TEC-PH-10004350,"Samsung Headset, Cordless",Technology,Phones
6583,FUR-FU-10003394,"Tenex ""The Solids"" Textured Chair Mats",Furniture,Furnishings
6584,TEC-AC-10002295,"Logitech Flash Drive, Bluetooth",Technology,Accessories
6585,OFF-EN-10001946,"Kraft Mailers, Security-Tint",Office Supplies,Envelopes
6586,OFF-FA-10002835,"OIC Staples, Assorted Sizes",Office Supplies,Fasteners
6587,TEC-CO-10003342,"Canon Wireless Fax, High-Speed",Technology,Copiers
6588,TEC-PH-10001288,"Motorola Speaker Phone, with Caller ID",Technology,Phones
6589,OFF-EN-10003615,"GlobeWeis Interoffice Envelope, with clear poly window",Office Supplies,Envelopes
6590,OFF-SU-10004899,"Acme Scissors, Easy Grip",Office Supplies,Supplies
6591,OFF-FA-10002163,"Stockwell Rubber Bands, Assorted Sizes",Office Supplies,Fasteners
6592,TEC-AC-10003690,"Logitech Numeric Keypad, USB",Technology,Accessories
6593,FUR-CH-10002547,"Office Star Steel Folding Chair, Red",Furniture,Chairs
6594,OFF-EN-10002008,"Cameo Mailers, Recycled",Office Supplies,Envelopes
6595,OFF-XER-10003203,"Xerox Computer Printout Paper, Recycled",Office Supplies,Paper
6596,OFF-OIC-10000492,"OIC Push Pins, 12 Pack",Office Supplies,Fasteners
6597,FUR-DAN-10001622,"Dania Library with Doors, Pine",Furniture,Bookcases
6598,OFF-AR-10002255,"Boston Sketch Pad, Water Color",Office Supplies,Art
6599,OFF-CUI-10003923,"Cuisinart Coffee Grinder, Red",Office Supplies,Appliances
6600,OFF-FA-10000260,"Stockwell Push Pins, Metal",Office Supplies,Fasteners
6601,OFF-BI-10004007,"Avery 3-Hole Punch, Durable",Office Supplies,Binders
6602,FUR-BUS-10001781,"Bush Library with Doors, Metal",Furniture,Bookcases
6603,FUR-IKE-10001312,"Ikea Classic Bookcase, Traditional",Furniture,Bookcases
6604,TEC-AC-10001254,"Enermax Memory Card, Programmable",Technology,Accessories
6605,FUR-CH-10003535,"Global Armless Task Chair, Royal Blue",Furniture,Chairs
6606,FUR-FU-10001583,"Deflect-O Light Bulb, Black",Furniture,Furnishings
6607,OFF-EN-10003529,"GlobeWeis Manila Envelope, Recycled",Office Supplies,Envelopes
6608,FUR-BO-10002936,"Ikea Stackable Bookrack, Pine",Furniture,Bookcases
6609,OFF-BI-10002935,"Wilson Jones Binder, Clear",Office Supplies,Binders
6610,OFF-AP-10002735,"Cuisinart Toaster, Black",Office Supplies,Appliances
6611,TEC-PH-10003174,RCA ViSYS 25825 Wireless digital phone,Technology,Phones
6612,OFF-SU-10003118,"Acme Shears, Easy Grip",Office Supplies,Supplies
6613,TEC-MA-10002686,"Okidata Card Printer, White",Technology,Machines
6614,FUR-CH-10003822,"SAFCO Steel Folding Chair, Adjustable",Furniture,Chairs
6615,TEC-MA-10002413,"Panasonic Card Printer, Durable",Technology,Machines
6616,FUR-CH-10001414,"Hon Chairmat, Red",Furniture,Chairs
6617,OFF-EN-10004422,"Cameo Peel and Seal, Set of 50",Office Supplies,Envelopes
6618,FUR-CH-10000309,Global Comet Stacking Arm Chair,Furniture,Chairs
6619,TEC-MA-10004212,Cisco SPA525G2 5-Line IP Phone,Technology,Machines
6620,OFF-SU-10002152,"Fiskars Shears, Serrated",Office Supplies,Supplies
6621,OFF-ST-10003184,"Eldon Trays, Wire Frame",Office Supplies,Storage
6622,OFF-AR-10000179,"Sanford Canvas, Fluorescent",Office Supplies,Art
6623,OFF-ST-10002459,"Eldon Trays, Wire Frame",Office Supplies,Storage
6624,OFF-ST-10003111,"Eldon Trays, Single Width",Office Supplies,Storage
6625,OFF-BIN-10000170,"Binney & Smith Pencil Sharpener, Fluorescent",Office Supplies,Art
6626,OFF-SU-10003509,"Stiletto Ruler, Easy Grip",Office Supplies,Supplies
6627,OFF-AR-10001166,Staples,Office Supplies,Art
6628,OFF-EN-10000776,"Jiffy Peel and Seal, Set of 50",Office Supplies,Envelopes
6629,FUR-FU-10000242,"Deflect-O Frame, Durable",Furniture,Furnishings
6630,TEC-PH-10001362,"Cisco Office Telephone, Cordless",Technology,Phones
6631,OFF-EN-10000904,"Ames Mailers, with clear poly window",Office Supplies,Envelopes
6632,OFF-BI-10000698,"Wilson Jones Hole Reinforcements, Recycled",Office Supplies,Binders
6633,OFF-EN-10004057,"Jiffy Manila Envelope, Recycled",Office Supplies,Envelopes
6634,OFF-AP-10003779,Kensington 7 Outlet MasterPiece Power Center with Fax/Phone Line Protection,Office Supplies,Appliances
6635,OFF-AR-10000751,"Boston Highlighters, Fluorescent",Office Supplies,Art
6636,OFF-LA-10000296,"Hon Color Coded Labels, Adjustable",Office Supplies,Labels
6637,TEC-AC-10001948,"Belkin Numeric Keypad, USB",Technology,Accessories
6638,FUR-CH-10003982,"Harbour Creations Swivel Stool, Adjustable",Furniture,Chairs
6639,OFF-ST-10000306,"Rogers Trays, Single Width",Office Supplies,Storage
6640,OFF-EN-10000940,"Ames Interoffice Envelope, Recycled",Office Supplies,Envelopes
6641,TEC-PH-10001300,"iKross Bluetooth Portable Keyboard + Cell Phone Stand Holder + Brush for Apple iPhone 5S 5C 5, 4S 4",Technology,Phones
6642,OFF-WIL-10000390,"Wilson Jones Binder, Durable",Office Supplies,Binders
6643,OFF-PA-10002479,"Enermax Cards & Envelopes, 8.5 x 11",Office Supplies,Paper
6644,OFF-AR-10000513,"BIC Pencil Sharpener, Easy-Erase",Office Supplies,Art
6645,OFF-CAM-10003933,"Cameo Business Envelopes, Recycled",Office Supplies,Envelopes
6646,FUR-FU-10001025,"Eldon Imàge Series Desk Accessories, Clear",Furniture,Furnishings
6647,FUR-FU-10002445,"DAX Two-Tone Rosewood/Black Document Frame, Desktop, 5 x 7",Furniture,Furnishings
6648,OFF-AP-10001305,"Breville Microwave, White",Office Supplies,Appliances
6649,OFF-AR-10004022,Panasonic KP-380BK Classic Electric Pencil Sharpener,Office Supplies,Art
6650,TEC-PH-10002493,"Nokia Signal Booster, with Caller ID",Technology,Phones
6651,FUR-CH-10002412,"Hon Bag Chairs, Black",Furniture,Chairs
6652,TEC-PH-10004348,OtterBox Defender Series Case - iPhone 5c,Technology,Phones
6653,OFF-SU-10002573,"Acme 10"" Easy Grip Assistive Scissors",Office Supplies,Supplies
6654,OFF-EN-10003689,"Kraft Business Envelopes, Security-Tint",Office Supplies,Envelopes
6655,OFF-SU-10004261,"Fiskars 8"" Scissors, 2/Pack",Office Supplies,Supplies
6656,OFF-LA-10004623,"Smead Removable Labels, 5000 Label Set",Office Supplies,Labels
6657,OFF-FA-10000131,"Accos Clamps, 12 Pack",Office Supplies,Fasteners
6658,OFF-LA-10004877,"Hon Legal Exhibit Labels, 5000 Label Set",Office Supplies,Labels
6659,OFF-SME-10000018,"Smead Round Labels, Laser Printer Compatible",Office Supplies,Labels
6660,OFF-FA-10003015,"Accos Staples, Metal",Office Supplies,Fasteners
6661,OFF-PA-10004421,"Enermax Memo Slips, Multicolor",Office Supplies,Paper
6662,FUR-SAU-10003928,"Sauder Classic Bookcase, Metal",Furniture,Bookcases
6663,TEC-AC-10002688,"Memorex Memory Card, Bluetooth",Technology,Accessories
6664,OFF-HAR-10003580,"Harbour Creations Legal Exhibit Labels, Alphabetical",Office Supplies,Labels
6665,OFF-FA-10004649,"Advantus Clamps, 12 Pack",Office Supplies,Fasteners
6666,OFF-BI-10002026,Ibico Recycled Linen-Style Covers,Office Supplies,Binders
6667,OFF-SU-10004846,"Acme Box Cutter, Serrated",Office Supplies,Supplies
6668,OFF-AR-10001468,"Sanford Prismacolor Professional Thick Lead Art Pencils, 36-Color Set",Office Supplies,Art
6669,OFF-SU-10004658,"Stiletto Letter Opener, Easy Grip",Office Supplies,Supplies
6670,OFF-EN-10001977,"Cameo Business Envelopes, Recycled",Office Supplies,Envelopes
6671,OFF-CAM-10000726,"Cameo Interoffice Envelope, Security-Tint",Office Supplies,Envelopes
6672,OFF-AP-10000382,"Breville Coffee Grinder, White",Office Supplies,Appliances
6673,OFF-AP-10003266,"Holmes Replacement Filter for HEPA Air Cleaner, Large Room",Office Supplies,Appliances
6674,OFF-ADV-10002593,"Advantus Clamps, Bulk Pack",Office Supplies,Fasteners
6675,TEC-CO-10003102,"Canon Copy Machine, Color",Technology,Copiers
6676,OFF-AP-10001106,"Hamilton Beach Stove, White",Office Supplies,Appliances
6677,TEC-PH-10002922,ShoreTel ShorePhone IP 230 VoIP phone,Technology,Phones
6678,TEC-STA-10001994,"StarTech Printer, Wireless",Technology,Machines
6679,TEC-MA-10001298,"StarTech Receipt Printer, Wireless",Technology,Machines
6680,OFF-SU-10004304,"Elite Letter Opener, Easy Grip",Office Supplies,Supplies
6681,OFF-PA-10001656,"SanDisk Parchment Paper, 8.5 x 11",Office Supplies,Paper
6682,OFF-BI-10004483,"Ibico Index Tab, Clear",Office Supplies,Binders
6683,OFF-PA-10001302,"Eaton Memo Slips, Recycled",Office Supplies,Paper
6684,FUR-FU-10002671,Electrix 20W Halogen Replacement Bulb for Zoom-In Desk Lamp,Furniture,Furnishings
6685,OFF-ELD-10003181,"Eldon Box, Industrial",Office Supplies,Storage
6686,TEC-CO-10004649,"Brother Copy Machine, High-Speed",Technology,Copiers
6687,OFF-EN-10002186,"Kraft Manila Envelope, Set of 50",Office Supplies,Envelopes
6688,OFF-EN-10002046,"Kraft Manila Envelope, Set of 50",Office Supplies,Envelopes
6689,OFF-LA-10001202,"Avery Legal Exhibit Labels, 5000 Label Set",Office Supplies,Labels
6690,FUR-TA-10003627,"Bevis Conference Table, with Bottom Storage",Furniture,Tables
6691,TEC-CO-10002122,"Hewlett Fax Machine, Digital",Technology,Copiers
6692,TEC-CO-10001204,"Canon Fax Machine, High-Speed",Technology,Copiers
6693,TEC-MA-10000258,"Panasonic Inkjet, Wireless",Technology,Machines
6694,OFF-AP-10004937,"Hoover Microwave, White",Office Supplies,Appliances
6695,OFF-AP-10004248,"Hoover Toaster, White",Office Supplies,Appliances
6696,FUR-TA-10001095,Chromcraft Round Conference Tables,Furniture,Tables
6697,TEC-AC-10003725,"Memorex Flash Drive, Erganomic",Technology,Accessories
6698,TEC-AC-10003970,"SanDisk Numeric Keypad, Bluetooth",Technology,Accessories
6699,OFF-AR-10001833,"Boston Highlighters, Easy-Erase",Office Supplies,Art
6700,OFF-BI-10000404,"Avery Binder Covers, Clear",Office Supplies,Binders
6701,OFF-SU-10001087,"Kleencut Box Cutter, Serrated",Office Supplies,Supplies
6702,OFF-SU-10002498,"Stiletto Letter Opener, High Speed",Office Supplies,Supplies
6703,TEC-BEL-10004950,"Belkin Numeric Keypad, Erganomic",Technology,Accessories
6704,OFF-AR-10004552,"Boston Markers, Blue",Office Supplies,Art
6705,TEC-MEM-10000582,"Memorex Flash Drive, Bluetooth",Technology,Accessories
6706,OFF-LA-10002650,"Novimex Removable Labels, Laser Printer Compatible",Office Supplies,Labels
6707,FUR-TA-10003596,"Lesro Computer Table, Adjustable Height",Furniture,Tables
6708,FUR-CH-10001262,"Office Star Rocking Chair, Set of Two",Furniture,Chairs
6709,FUR-BO-10004472,"Dania Library with Doors, Pine",Furniture,Bookcases
6710,TEC-PH-10004358,"Cisco Audio Dock, VoIP",Technology,Phones
6711,FUR-BO-10003383,"Safco Floating Shelf Set, Mobile",Furniture,Bookcases
6712,TEC-MA-10000110,"StarTech Phone, Wireless",Technology,Machines
6713,OFF-ST-10000884,"Smead Folders, Blue",Office Supplies,Storage
6714,OFF-FA-10004298,"Stockwell Staples, Bulk Pack",Office Supplies,Fasteners
6715,OFF-SU-10000148,"Stiletto Ruler, Serrated",Office Supplies,Supplies
6716,OFF-AP-10001299,"Cuisinart Microwave, Silver",Office Supplies,Appliances
6717,OFF-AP-10000935,"Cuisinart Toaster, White",Office Supplies,Appliances
6718,OFF-ST-10004226,"Fellowes File Cart, Blue",Office Supplies,Storage
6719,FUR-CH-10000848,"SAFCO Executive Leather Armchair, Set of Two",Furniture,Chairs
6720,FUR-FU-10003918,"Advantus Photo Frame, Black",Furniture,Furnishings
6721,OFF-LA-10000688,"Harbour Creations Shipping Labels, Laser Printer Compatible",Office Supplies,Labels
6722,OFF-ST-10003141,"Fellowes Trays, Industrial",Office Supplies,Storage
6723,OFF-EN-10000114,"Kraft Clasp Envelope, Security-Tint",Office Supplies,Envelopes
6724,OFF-PA-10002022,"Xerox Message Books, 8.5 x 11",Office Supplies,Paper
6725,OFF-FA-10001963,"Advantus Thumb Tacks, Assorted Sizes",Office Supplies,Fasteners
6726,TEC-AC-10001278,"Enermax Flash Drive, USB",Technology,Accessories
6727,OFF-FA-10000740,"Accos Staples, Bulk Pack",Office Supplies,Fasteners
6728,TEC-AC-10001840,"SanDisk Mouse, Erganomic",Technology,Accessories
6729,OFF-AR-10001134,"Boston Pens, Easy-Erase",Office Supplies,Art
6730,TEC-PH-10004631,"Cisco Audio Dock, with Caller ID",Technology,Phones
6731,FUR-FU-10003736,"Rubbermaid Frame, Duo Pack",Furniture,Furnishings
6732,TEC-MA-10000843,"Konica Phone, Red",Technology,Machines
6733,OFF-BI-10003582,"Cardinal Index Tab, Economy",Office Supplies,Binders
6734,OFF-AP-10002439,Tripp Lite Isotel 8 Ultra 8 Outlet Metal Surge,Office Supplies,Appliances
6735,OFF-AR-10002440,"Stanley Highlighters, Fluorescent",Office Supplies,Art
6736,OFF-ELD-10002240,"Eldon Shelving, Wire Frame",Office Supplies,Storage
6737,OFF-HON-10002456,"Hon Color Coded Labels, Laser Printer Compatible",Office Supplies,Labels
6738,TEC-AC-10001719,"Enermax Flash Drive, Erganomic",Technology,Accessories
6739,OFF-AP-10003618,"Hoover Refrigerator, Silver",Office Supplies,Appliances
6740,TEC-CO-10003931,"Hewlett Fax Machine, High-Speed",Technology,Copiers
6741,TEC-HEW-10004172,"Hewlett Wireless Fax, Laser",Technology,Copiers
6742,TEC-MA-10003868,"StarTech Phone, Durable",Technology,Machines
6743,OFF-AP-10002226,"Hoover Blender, Black",Office Supplies,Appliances
6744,FUR-CH-10004540,Global Chrome Stack Chair,Furniture,Chairs
6745,FUR-CH-10000133,"Harbour Creations Steel Folding Chair, Black",Furniture,Chairs
6746,FUR-BO-10004430,"Bush Floating Shelf Set, Metal",Furniture,Bookcases
6747,OFF-KIT-10004732,"KitchenAid Blender, Silver",Office Supplies,Appliances
6748,OFF-ACC-10003806,"Accos Clamps, Metal",Office Supplies,Fasteners
6749,OFF-STO-10003395,"Stockwell Rubber Bands, Metal",Office Supplies,Fasteners
6750,OFF-FA-10002600,"Accos Thumb Tacks, 12 Pack",Office Supplies,Fasteners
6751,OFF-FA-10004709,"Stockwell Clamps, Assorted Sizes",Office Supplies,Fasteners
6752,FUR-FU-10000481,"Rubbermaid Clock, Durable",Furniture,Furnishings
6753,TEC-CO-10004078,"HP Personal Copier, Laser",Technology,Copiers
6754,OFF-ST-10002538,"Fellowes Shelving, Blue",Office Supplies,Storage
6755,OFF-PA-10004694,"Green Bar Cards & Envelopes, 8.5 x 11",Office Supplies,Paper
6756,OFF-PA-10003893,Xerox 1962,Office Supplies,Paper
6757,OFF-PA-10004239,Xerox 1953,Office Supplies,Paper
6758,TEC-AC-10004883,"Enermax Keyboard, Programmable",Technology,Accessories
6759,OFF-AME-10002376,"Ames Manila Envelope, Recycled",Office Supplies,Envelopes
6760,OFF-EN-10000927,Jet-Pak Recycled Peel 'N' Seal Padded Mailers,Office Supplies,Envelopes
6761,FUR-FU-10003052,"Advantus Photo Frame, Duo Pack",Furniture,Furnishings
6762,OFF-SU-10003157,"Elite Letter Opener, Steel",Office Supplies,Supplies
6763,OFF-PA-10002237,"Enermax Memo Slips, 8.5 x 11",Office Supplies,Paper
6764,OFF-ST-10004097,"Tenex Box, Wire Frame",Office Supplies,Storage
6765,OFF-LA-10002827,"Harbour Creations Round Labels, Adjustable",Office Supplies,Labels
6766,OFF-OIC-10001155,"OIC Paper Clips, Bulk Pack",Office Supplies,Fasteners
6767,OFF-NOV-10003499,"Novimex Removable Labels, Adjustable",Office Supplies,Labels
6768,OFF-AR-10001118,"Binney & Smith Crayola Metallic Crayons, 16-Color Pack",Office Supplies,Art
6769,FUR-CH-10004705,"Hon Executive Leather Armchair, Black",Furniture,Chairs
6770,FUR-BO-10000203,"Sauder Library with Doors, Metal",Furniture,Bookcases
6771,FUR-BO-10003386,"Sauder 3-Shelf Cabinet, Mobile",Furniture,Bookcases
6772,FUR-BO-10003499,"Ikea Library with Doors, Pine",Furniture,Bookcases
6773,TEC-MA-10002992,"Konica Card Printer, Wireless",Technology,Machines
6774,OFF-AR-10002109,"Binney & Smith Sketch Pad, Fluorescent",Office Supplies,Art
6775,TEC-CO-10003268,"HP Fax and Copier, Color",Technology,Copiers
6776,FUR-BO-10001476,"Safco Corner Shelving, Pine",Furniture,Bookcases
6777,FUR-BO-10003291,"Dania Corner Shelving, Metal",Furniture,Bookcases
6778,OFF-PA-10004470,"Green Bar Cards & Envelopes, Recycled",Office Supplies,Paper
6779,TEC-AC-10003487,"Enermax Mouse, Erganomic",Technology,Accessories
6780,OFF-AP-10003622,"Hamilton Beach Microwave, Silver",Office Supplies,Appliances
6781,OFF-AR-10000356,"Boston Highlighters, Fluorescent",Office Supplies,Art
6782,FUR-DEF-10003551,"Deflect-O Photo Frame, Erganomic",Furniture,Furnishings
6783,OFF-EN-10000938,"Jiffy Business Envelopes, Security-Tint",Office Supplies,Envelopes
6784,OFF-LA-10003551,"Harbour Creations File Folder Labels, 5000 Label Set",Office Supplies,Labels
6785,FUR-FU-10000295,"Advantus Light Bulb, Black",Furniture,Furnishings
6786,OFF-EN-10004147,Wausau Papers Astrobrights Colored Envelopes,Office Supplies,Envelopes
6787,OFF-KRA-10003337,"Kraft Mailers, Recycled",Office Supplies,Envelopes
6788,OFF-GLO-10000617,"GlobeWeis Peel and Seal, Recycled",Office Supplies,Envelopes
6789,FUR-BO-10001553,"Sauder Library with Doors, Traditional",Furniture,Bookcases
6790,TEC-PH-10003239,"Samsung Signal Booster, with Caller ID",Technology,Phones
6791,TEC-PH-10004328,"Motorola Audio Dock, Cordless",Technology,Phones
6792,TEC-AC-10001405,"Logitech Router, Bluetooth",Technology,Accessories
6793,TEC-CO-10004481,"Canon Fax and Copier, Color",Technology,Copiers
6794,OFF-FA-10004792,"Advantus Staples, Bulk Pack",Office Supplies,Fasteners
6795,OFF-FA-10000429,"Stockwell Push Pins, Bulk Pack",Office Supplies,Fasteners
6796,FUR-BO-10000676,"Bush Stackable Bookrack, Pine",Furniture,Bookcases
6797,TEC-AC-10002833,"Logitech Mouse, USB",Technology,Accessories
6798,OFF-SU-10003966,"Kleencut Trimmer, Serrated",Office Supplies,Supplies
6799,OFF-EN-10003425,"Cameo Mailers, Recycled",Office Supplies,Envelopes
6800,OFF-SU-10001683,"Kleencut Ruler, Steel",Office Supplies,Supplies
6801,OFF-LA-10001065,"Avery Round Labels, Alphabetical",Office Supplies,Labels
6802,OFF-PA-10004990,"SanDisk Computer Printout Paper, Recycled",Office Supplies,Paper
6803,OFF-PA-10003938,"Eaton Cards & Envelopes, Premium",Office Supplies,Paper
6804,OFF-LA-10001830,"Hon Round Labels, Laser Printer Compatible",Office Supplies,Labels
6805,OFF-EN-10001861,"Kraft Peel and Seal, Set of 50",Office Supplies,Envelopes
6806,OFF-BI-10002082,GBC Twin Loop Wire Binding Elements,Office Supplies,Binders
6807,OFF-SU-10001442,"Acme Scissors, Steel",Office Supplies,Supplies
6808,OFF-LA-10003766,Self-Adhesive Removable Labels,Office Supplies,Labels
6809,OFF-PA-10002250,Things To Do Today Pad,Office Supplies,Paper
6810,TEC-PH-10003457,"Cisco Smart Phone, Full Size",Technology,Phones
6811,FUR-SAF-10001956,"Safco Classic Bookcase, Metal",Furniture,Bookcases
6812,OFF-SU-10003535,"Elite Box Cutter, Easy Grip",Office Supplies,Supplies
6813,OFF-AP-10003758,"KitchenAid Blender, Silver",Office Supplies,Appliances
6814,OFF-BI-10001293,"Acco 3-Hole Punch, Clear",Office Supplies,Binders
6815,OFF-FA-10004398,"OIC Push Pins, 12 Pack",Office Supplies,Fasteners
6816,OFF-LA-10000959,"Harbour Creations Round Labels, Alphabetical",Office Supplies,Labels
6817,OFF-HOO-10001448,"Hoover Blender, White",Office Supplies,Appliances
6818,TEC-CIS-10004967,"Cisco Office Telephone, Full Size",Technology,Phones
6819,TEC-SAM-10003891,"Samsung Headset, with Caller ID",Technology,Phones
6820,TEC-AC-10004848,"SanDisk Memory Card, Erganomic",Technology,Accessories
6821,OFF-ST-10002539,"Fellowes Shelving, Single Width",Office Supplies,Storage
6822,OFF-EN-10003962,"GlobeWeis Clasp Envelope, Set of 50",Office Supplies,Envelopes
6823,OFF-AP-10003979,"KitchenAid Blender, Black",Office Supplies,Appliances
6824,FUR-FU-10001950,"Eldon Door Stop, Black",Furniture,Furnishings
6825,OFF-SU-10000192,"Elite Trimmer, High Speed",Office Supplies,Supplies
6826,OFF-FA-10003529,"Stockwell Thumb Tacks, Metal",Office Supplies,Fasteners
6827,TEC-MA-10004002,Zebra GX420t Direct Thermal/Thermal Transfer Printer,Technology,Machines
6828,OFF-BRE-10002706,"Breville Microwave, White",Office Supplies,Appliances
6829,TEC-CO-10002466,"Brother Personal Copier, High-Speed",Technology,Copiers
6830,OFF-AP-10001916,"Breville Blender, Black",Office Supplies,Appliances
6831,TEC-AC-10003533,"SanDisk Mouse, Bluetooth",Technology,Accessories
6832,OFF-FA-10003789,"Accos Push Pins, Metal",Office Supplies,Fasteners
6833,OFF-FA-10003833,"OIC Thumb Tacks, Metal",Office Supplies,Fasteners
6834,OFF-LA-10001067,"Smead Legal Exhibit Labels, Laser Printer Compatible",Office Supplies,Labels
6835,OFF-BIN-10000561,"Binney & Smith Highlighters, Fluorescent",Office Supplies,Art
6836,FUR-BO-10002736,"Sauder Stackable Bookrack, Mobile",Furniture,Bookcases
6837,OFF-AP-10004031,"Hamilton Beach Microwave, White",Office Supplies,Appliances
6838,FUR-BO-10001067,"Bush Stackable Bookrack, Pine",Furniture,Bookcases
6839,OFF-STI-10003148,"Stiletto Trimmer, Serrated",Office Supplies,Supplies
6840,OFF-SU-10003629,"Fiskars Letter Opener, High Speed",Office Supplies,Supplies
6841,OFF-FA-10003020,"Accos Paper Clips, Bulk Pack",Office Supplies,Fasteners
6842,FUR-DEF-10002774,"Deflect-O Clock, Durable",Furniture,Furnishings
6843,FUR-CH-10004194,"Novimex Bag Chairs, Red",Furniture,Chairs
6844,OFF-SU-10000705,"Stiletto Shears, High Speed",Office Supplies,Supplies
6845,OFF-EN-10002464,"Cameo Peel and Seal, Security-Tint",Office Supplies,Envelopes
6846,OFF-STO-10003728,"Stockwell Paper Clips, Assorted Sizes",Office Supplies,Fasteners
6847,OFF-BI-10001808,"Ibico Index Tab, Clear",Office Supplies,Binders
6848,TEC-PH-10004182,"Motorola Smart Phone, Full Size",Technology,Phones
6849,TEC-CO-10002659,"Sharp Fax Machine, Color",Technology,Copiers
6850,TEC-AC-10004997,"Belkin Memory Card, Bluetooth",Technology,Accessories
6851,OFF-CUI-10001032,"Cuisinart Stove, Red",Office Supplies,Appliances
6852,OFF-ST-10003907,"Rogers Shelving, Wire Frame",Office Supplies,Storage
6853,OFF-FA-10003893,"OIC Paper Clips, 12 Pack",Office Supplies,Fasteners
6854,OFF-LA-10003338,"Harbour Creations Removable Labels, 5000 Label Set",Office Supplies,Labels
6855,OFF-SU-10000283,"Stiletto Letter Opener, Easy Grip",Office Supplies,Supplies
6856,OFF-AR-10001386,"Sanford Sketch Pad, Easy-Erase",Office Supplies,Art
6857,OFF-SU-10003236,"Fiskars Scissors, High Speed",Office Supplies,Supplies
6858,TEC-OKI-10001433,"Okidata Calculator, Red",Technology,Machines
6859,OFF-PA-10003838,"Eaton Note Cards, Premium",Office Supplies,Paper
6860,FUR-FU-10002784,"Advantus Photo Frame, Duo Pack",Furniture,Furnishings
6861,OFF-EN-10002559,"Kraft Clasp Envelope, Recycled",Office Supplies,Envelopes
6862,OFF-SAN-10004633,"SanDisk Message Books, Multicolor",Office Supplies,Paper
6863,OFF-AR-10001654,"Stanley Highlighters, Fluorescent",Office Supplies,Art
6864,OFF-GRE-10003899,"Green Bar Cards & Envelopes, Recycled",Office Supplies,Paper
6865,FUR-TA-10000226,"Chromcraft Conference Table, with Bottom Storage",Furniture,Tables
6866,OFF-AP-10000179,"Breville Refrigerator, Red",Office Supplies,Appliances
6867,TEC-AC-10000317,"Logitech Memory Card, Programmable",Technology,Accessories
6868,TEC-AC-10003095,Logitech G35 7.1-Channel Surround Sound Headset,Technology,Accessories
6869,OFF-AP-10004972,"Breville Coffee Grinder, Red",Office Supplies,Appliances
6870,OFF-PA-10002771,"SanDisk Parchment Paper, Premium",Office Supplies,Paper
6871,FUR-CH-10001634,"Novimex Rocking Chair, Adjustable",Furniture,Chairs
6872,OFF-LA-10001658,"Avery Round Labels, 5000 Label Set",Office Supplies,Labels
6873,TEC-LOG-10002218,"Logitech Numeric Keypad, USB",Technology,Accessories
6874,OFF-SU-10002557,Fiskars Spring-Action Scissors,Office Supplies,Supplies
6875,OFF-SU-10004446,"Acme Ruler, Steel",Office Supplies,Supplies
6876,OFF-EN-10004100,"Kraft Mailers, Security-Tint",Office Supplies,Envelopes
6877,OFF-PA-10003134,Xerox 1937,Office Supplies,Paper
6878,OFF-KLE-10002869,"Kleencut Letter Opener, High Speed",Office Supplies,Supplies
6879,TEC-CO-10001413,"Hewlett Wireless Fax, High-Speed",Technology,Copiers
6880,FUR-BUS-10001187,"Bush Classic Bookcase, Metal",Furniture,Bookcases
6881,OFF-XER-10000846,"Xerox Cards & Envelopes, 8.5 x 11",Office Supplies,Paper
6882,FUR-CH-10001147,"Hon Swivel Stool, Adjustable",Furniture,Chairs
6883,OFF-GLO-10004610,"GlobeWeis Peel and Seal, with clear poly window",Office Supplies,Envelopes
6884,OFF-FA-10001815,"Advantus Push Pins, Bulk Pack",Office Supplies,Fasteners
6885,OFF-XER-10004519,"Xerox Cards & Envelopes, Multicolor",Office Supplies,Paper
6886,OFF-PA-10004255,Xerox 219,Office Supplies,Paper
6887,OFF-CUI-10002413,"Cuisinart Coffee Grinder, Black",Office Supplies,Appliances
6888,OFF-BI-10002278,"Ibico Binder Covers, Economy",Office Supplies,Binders
6889,OFF-AR-10001547,Newell 311,Office Supplies,Art
6890,FUR-CH-10000953,"Harbour Creations Swivel Stool, Black",Furniture,Chairs
6891,FUR-FU-10002506,"Tensor ""Hersey Kiss"" Styled Floor Lamp",Furniture,Furnishings
6892,OFF-LA-10003851,"Smead Removable Labels, 5000 Label Set",Office Supplies,Labels
6893,OFF-PA-10004101,Xerox 1894,Office Supplies,Paper
6894,TEC-CIS-10002259,"Cisco Smart Phone, Cordless",Technology,Phones
6895,TEC-PH-10001795,RCA H5401RE1 DECT 6.0 4-Line Cordless Handset With Caller ID/Call Waiting,Technology,Phones
6896,TEC-LOG-10004917,"Logitech Memory Card, Programmable",Technology,Accessories
6897,OFF-AP-10004540,"Eureka The Boss Lite 10-Amp Upright Vacuum, Blue",Office Supplies,Appliances
6898,FUR-TA-10001272,"Barricks Training Table, Fully Assembled",Furniture,Tables
6899,TEC-MEM-10002883,"Memorex Memory Card, Erganomic",Technology,Accessories
6900,OFF-XER-10003300,"Xerox Message Books, 8.5 x 11",Office Supplies,Paper
6901,TEC-PH-10000358,"Samsung Headset, with Caller ID",Technology,Phones
6902,FUR-BO-10004357,O'Sullivan Living Dimensions 3-Shelf Bookcases,Furniture,Bookcases
6903,TEC-MA-10001259,"StarTech Inkjet, White",Technology,Machines
6904,FUR-TA-10003963,"Bevis Conference Table, Fully Assembled",Furniture,Tables
6905,TEC-MA-10003557,"Panasonic Inkjet, Durable",Technology,Machines
6906,OFF-AR-10001208,"Binney & Smith Canvas, Water Color",Office Supplies,Art
6907,OFF-ST-10001590,"Tenex Personal Project File with Scoop Front Design, Black",Office Supplies,Storage
6908,OFF-PA-10001905,"Eaton Message Books, Recycled",Office Supplies,Paper
6909,OFF-BI-10003806,"Avery Index Tab, Clear",Office Supplies,Binders
6910,OFF-BI-10000563,"Acco Hole Reinforcements, Durable",Office Supplies,Binders
6911,FUR-FU-10002703,"Tenex Traditional Chairmats for Hard Floors, Average Lip, 36"" x 48""",Furniture,Furnishings
6912,OFF-SU-10003749,"Fiskars Box Cutter, Easy Grip",Office Supplies,Supplies
6913,OFF-LA-10002596,"Harbour Creations Round Labels, Laser Printer Compatible",Office Supplies,Labels
6914,OFF-FA-10003472,Bagged Rubber Bands,Office Supplies,Fasteners
6915,FUR-SAF-10002940,"Safco Corner Shelving, Mobile",Furniture,Bookcases
6916,FUR-TA-10002885,"Lesro Computer Table, Fully Assembled",Furniture,Tables
6917,OFF-ST-10000619,"Eldon Lockers, Wire Frame",Office Supplies,Storage
6918,TEC-CO-10001391,"Sharp Ink, Color",Technology,Copiers
6919,FUR-FU-10003694,"Rubbermaid Clock, Duo Pack",Furniture,Furnishings
6920,OFF-ST-10002720,"Rogers Shelving, Blue",Office Supplies,Storage
6921,OFF-FA-10000899,"Stockwell Clamps, 12 Pack",Office Supplies,Fasteners
6922,FUR-TA-10000855,"Chromcraft Training Table, Rectangular",Furniture,Tables
6923,OFF-PA-10002606,Xerox 1928,Office Supplies,Paper
6924,OFF-SU-10004691,"Fiskars Scissors, Serrated",Office Supplies,Supplies
6925,OFF-AR-10002852,"Stanley Pens, Fluorescent",Office Supplies,Art
6926,OFF-LA-10004178,Avery 491,Office Supplies,Labels
6927,OFF-SU-10002337,"Elite Trimmer, High Speed",Office Supplies,Supplies
6928,FUR-BO-10001326,"Bush 3-Shelf Cabinet, Pine",Furniture,Bookcases
6929,OFF-SU-10004299,"Stiletto Trimmer, High Speed",Office Supplies,Supplies
6930,TEC-SHA-10001103,"Sharp Copy Machine, Laser",Technology,Copiers
6931,OFF-FA-10000179,"Advantus Paper Clips, Metal",Office Supplies,Fasteners
6932,FUR-CH-10000966,"Harbour Creations Chairmat, Set of Two",Furniture,Chairs
6933,OFF-KIT-10001899,"KitchenAid Toaster, Black",Office Supplies,Appliances
6934,FUR-RUB-10001094,"Rubbermaid Door Stop, Duo Pack",Furniture,Furnishings
6935,OFF-PA-10002303,"Eaton Parchment Paper, Multicolor",Office Supplies,Paper
6936,FUR-FU-10004483,"Deflect-O Light Bulb, Durable",Furniture,Furnishings
6937,TEC-AC-10001995,"Logitech Router, USB",Technology,Accessories
6938,TEC-AC-10003870,Logitech Z-906 Speaker sys - home theater - 5.1-CH,Technology,Accessories
6939,FUR-BO-10000087,"Dania Classic Bookcase, Mobile",Furniture,Bookcases
6940,FUR-BO-10001461,"Safco Floating Shelf Set, Traditional",Furniture,Bookcases
6941,FUR-CH-10003249,"Novimex Chairmat, Adjustable",Furniture,Chairs
6942,TEC-HP -10004451,"HP Ink, Laser",Technology,Copiers
6943,OFF-CUI-10001670,"Cuisinart Stove, White",Office Supplies,Appliances
6944,TEC-MOT-10004345,"Motorola Office Telephone, Full Size",Technology,Phones
6945,OFF-EN-10000069,"Ames Mailers, Security-Tint",Office Supplies,Envelopes
6946,OFF-AR-10004651,"Boston Pens, Fluorescent",Office Supplies,Art
6947,OFF-FA-10003161,"OIC Paper Clips, Assorted Sizes",Office Supplies,Fasteners
6948,OFF-KRA-10002406,"Kraft Interoffice Envelope, with clear poly window",Office Supplies,Envelopes
6949,OFF-HOO-10003246,"Hoover Blender, Black",Office Supplies,Appliances
6950,OFF-ENE-10002093,"Enermax Message Books, Multicolor",Office Supplies,Paper
6951,OFF-ACC-10004871,"Acco Binder Covers, Economy",Office Supplies,Binders
6952,TEC-CO-10002043,"Canon Wireless Fax, Digital",Technology,Copiers
6953,TEC-AC-10004334,"Logitech Router, Erganomic",Technology,Accessories
6954,TEC-CO-10004605,"HP Copy Machine, Color",Technology,Copiers
6955,OFF-FA-10003530,"OIC Clamps, Bulk Pack",Office Supplies,Fasteners
6956,FUR-CH-10001607,"Novimex Swivel Stool, Set of Two",Furniture,Chairs
6957,OFF-AR-10004900,"Boston Canvas, Easy-Erase",Office Supplies,Art
6958,OFF-BI-10000777,"Ibico Binder Covers, Clear",Office Supplies,Binders
6959,FUR-FU-10003112,"Tenex Frame, Durable",Furniture,Furnishings
6960,OFF-PA-10001516,"Xerox Note Cards, Recycled",Office Supplies,Paper
6961,OFF-BI-10004428,"Cardinal Binder, Clear",Office Supplies,Binders
6962,OFF-ELI-10003179,"Elite Scissors, High Speed",Office Supplies,Supplies
6963,TEC-CAN-10004291,"Canon Wireless Fax, Digital",Technology,Copiers
6964,FUR-CH-10003760,"Office Star Bag Chairs, Set of Two",Furniture,Chairs
6965,FUR-CH-10001675,"Office Star Steel Folding Chair, Adjustable",Furniture,Chairs
6966,TEC-AC-10000244,"Memorex Router, USB",Technology,Accessories
6967,OFF-JIF-10002228,"Jiffy Interoffice Envelope, with clear poly window",Office Supplies,Envelopes
6968,TEC-CIS-10002565,"Cisco Speaker Phone, Full Size",Technology,Phones
6969,OFF-EN-10002425,"Ames Peel and Seal, Set of 50",Office Supplies,Envelopes
6970,OFF-EN-10003834,"Cameo Business Envelopes, Recycled",Office Supplies,Envelopes
6971,OFF-STA-10001895,"Stanley Pens, Easy-Erase",Office Supplies,Art
6972,FUR-BO-10003688,"Bush Stackable Bookrack, Pine",Furniture,Bookcases
6973,OFF-FA-10002058,"Stockwell Thumb Tacks, Assorted Sizes",Office Supplies,Fasteners
6974,OFF-KRA-10002170,"Kraft Business Envelopes, Security-Tint",Office Supplies,Envelopes
6975,FUR-IKE-10004160,"Ikea Stackable Bookrack, Traditional",Furniture,Bookcases
6976,FUR-IKE-10002268,"Ikea Floating Shelf Set, Metal",Furniture,Bookcases
6977,FUR-BO-10000402,"Sauder Stackable Bookrack, Traditional",Furniture,Bookcases
6978,FUR-BO-10003007,"Ikea Stackable Bookrack, Metal",Furniture,Bookcases
6979,TEC-PH-10001284,"Apple Smart Phone, Cordless",Technology,Phones
6980,OFF-STA-10003956,"Stanley Pens, Blue",Office Supplies,Art
6981,OFF-FA-10003815,"Stockwell Clamps, Metal",Office Supplies,Fasteners
6982,OFF-BI-10000590,"Wilson Jones Binding Machine, Clear",Office Supplies,Binders
6983,OFF-LA-10003583,"Hon File Folder Labels, 5000 Label Set",Office Supplies,Labels
6984,OFF-BRE-10000448,"Breville Coffee Grinder, Silver",Office Supplies,Appliances
6985,OFF-EN-10003094,"Ames Peel and Seal, with clear poly window",Office Supplies,Envelopes
6986,TEC-MA-10001711,"Konica Phone, White",Technology,Machines
6987,OFF-EN-10002896,"Jiffy Business Envelopes, Set of 50",Office Supplies,Envelopes
6988,TEC-KON-10003726,"Konica Card Printer, Wireless",Technology,Machines
6989,OFF-ACC-10003713,"Accos Clamps, Assorted Sizes",Office Supplies,Fasteners
6990,OFF-AP-10002675,"Cuisinart Refrigerator, Black",Office Supplies,Appliances
6991,TEC-CO-10003083,"HP Fax Machine, High-Speed",Technology,Copiers
6992,FUR-FU-10001774,"Eldon Door Stop, Durable",Furniture,Furnishings
6993,FUR-BO-10001596,"Dania Library with Doors, Mobile",Furniture,Bookcases
6994,FUR-FU-10001185,"Advantus Employee of the Month Certificate Frame, 11 x 13-1/2",Furniture,Furnishings
6995,OFF-LA-10000271,"Harbour Creations Shipping Labels, Alphabetical",Office Supplies,Labels
6996,OFF-LA-10000216,"Novimex Round Labels, Alphabetical",Office Supplies,Labels
6997,FUR-BO-10004821,"Dania Corner Shelving, Traditional",Furniture,Bookcases
6998,TEC-PH-10004522,Dexim XPower Skin Super-Thin Power Case for iPhone 5 - Black,Technology,Phones
6999,TEC-AC-10001243,"Enermax Mouse, Bluetooth",Technology,Accessories
7000,TEC-PH-10001963,"Nokia Speaker Phone, Full Size",Technology,Phones
7001,OFF-HON-10003230,"Hon Removable Labels, Adjustable",Office Supplies,Labels
7002,TEC-AC-10001355,"Memorex Router, Programmable",Technology,Accessories
7003,FUR-BO-10003543,"Safco Floating Shelf Set, Mobile",Furniture,Bookcases
7004,TEC-MOT-10002272,"Motorola Smart Phone, with Caller ID",Technology,Phones
7005,OFF-ST-10001780,Tennsco 16-Compartment Lockers with Coat Rack,Office Supplies,Storage
7006,FUR-DAN-10002028,"Dania Classic Bookcase, Mobile",Furniture,Bookcases
7007,TEC-MA-10001080,"Epson Phone, Red",Technology,Machines
7008,OFF-SU-10000596,"Stiletto Trimmer, Steel",Office Supplies,Supplies
7009,TEC-PH-10002496,Cisco SPA301,Technology,Phones
7010,TEC-MA-10003682,"Panasonic Phone, White",Technology,Machines
7011,OFF-EN-10001755,"Ames Interoffice Envelope, Set of 50",Office Supplies,Envelopes
7012,TEC-AC-10001756,"Memorex Numeric Keypad, USB",Technology,Accessories
7013,OFF-PA-10004849,"Xerox Computer Printout Paper, Multicolor",Office Supplies,Paper
7014,OFF-AR-10002364,"BIC Pens, Easy-Erase",Office Supplies,Art
7015,OFF-EN-10003601,"GlobeWeis Clasp Envelope, Set of 50",Office Supplies,Envelopes
7016,OFF-SU-10002983,"Acme Trimmer, High Speed",Office Supplies,Supplies
7017,OFF-PA-10004451,Xerox 222,Office Supplies,Paper
7018,OFF-PA-10004016,"SanDisk Memo Slips, Recycled",Office Supplies,Paper
7019,OFF-LA-10003982,"Avery Round Labels, Adjustable",Office Supplies,Labels
7020,TEC-SAM-10004940,"Samsung Smart Phone, Full Size",Technology,Phones
7021,FUR-RUB-10003004,"Rubbermaid Frame, Durable",Furniture,Furnishings
7022,TEC-CO-10002686,"Hewlett Fax Machine, Laser",Technology,Copiers
7023,FUR-IKE-10002719,"Ikea Library with Doors, Metal",Furniture,Bookcases
7024,FUR-DAN-10004745,"Dania Corner Shelving, Traditional",Furniture,Bookcases
7025,FUR-CH-10004536,"Novimex Bag Chairs, Set of Two",Furniture,Chairs
7026,OFF-FA-10000194,"OIC Push Pins, Metal",Office Supplies,Fasteners
7027,OFF-GRE-10002510,"Green Bar Computer Printout Paper, Recycled",Office Supplies,Paper
7028,OFF-BI-10003713,"Wilson Jones Index Tab, Economy",Office Supplies,Binders
7029,OFF-FA-10002066,"OIC Clamps, Bulk Pack",Office Supplies,Fasteners
7030,TEC-CO-10001954,"Brother Wireless Fax, Laser",Technology,Copiers
7031,OFF-FA-10002803,"Accos Staples, Metal",Office Supplies,Fasteners
7032,FUR-ADV-10004499,"Advantus Photo Frame, Durable",Furniture,Furnishings
7033,OFF-BI-10001266,"Acco 3-Hole Punch, Economy",Office Supplies,Binders
7034,OFF-AR-10000242,"BIC Pencil Sharpener, Blue",Office Supplies,Art
7035,OFF-STI-10000697,"Stiletto Ruler, High Speed",Office Supplies,Supplies
7036,TEC-AC-10003657,Lenovo 17-Key USB Numeric Keypad,Technology,Accessories
7037,OFF-LA-10003132,"Hon File Folder Labels, Adjustable",Office Supplies,Labels
7038,OFF-PA-10001870,Xerox 202,Office Supplies,Paper
7039,OFF-IBI-10004855,"Ibico Hole Reinforcements, Recycled",Office Supplies,Binders
7040,TEC-MA-10003704,"StarTech Printer, Wireless",Technology,Machines
7041,FUR-BAR-10004682,"Barricks Round Table, Fully Assembled",Furniture,Tables
7042,OFF-FIS-10004155,"Fiskars Letter Opener, Steel",Office Supplies,Supplies
7043,OFF-LA-10004753,"Novimex Round Labels, Laser Printer Compatible",Office Supplies,Labels
7044,OFF-FA-10002047,"Stockwell Push Pins, Bulk Pack",Office Supplies,Fasteners
7045,OFF-ST-10002074,"Tenex Box, Blue",Office Supplies,Storage
7046,OFF-IBI-10004323,"Ibico Binder Covers, Durable",Office Supplies,Binders
7047,OFF-CUI-10003993,"Cuisinart Microwave, Red",Office Supplies,Appliances
7048,TEC-AC-10001566,"Logitech Router, Erganomic",Technology,Accessories
7049,FUR-BO-10004630,"Ikea Library with Doors, Mobile",Furniture,Bookcases
7050,OFF-ROG-10001735,"Rogers Lockers, Blue",Office Supplies,Storage
7051,OFF-PA-10004450,"Xerox Cards & Envelopes, Recycled",Office Supplies,Paper
7052,OFF-AR-10001030,"Sanford Markers, Easy-Erase",Office Supplies,Art
7053,OFF-AR-10004077,"Binney & Smith Pencil Sharpener, Water Color",Office Supplies,Art
7054,TEC-AC-10002530,"Memorex Numeric Keypad, USB",Technology,Accessories
7055,TEC-CO-10001824,"Sharp Personal Copier, Color",Technology,Copiers
7056,TEC-LOG-10001629,"Logitech Mouse, Programmable",Technology,Accessories
7057,OFF-ENE-10001117,"Enermax Message Books, 8.5 x 11",Office Supplies,Paper
7058,OFF-ENE-10001291,"Enermax Computer Printout Paper, Premium",Office Supplies,Paper
7059,FUR-ELD-10000301,"Eldon Frame, Duo Pack",Furniture,Furnishings
7060,OFF-SME-10003805,"Smead Color Coded Labels, Adjustable",Office Supplies,Labels
7061,FUR-BO-10000490,"Bush Library with Doors, Metal",Furniture,Bookcases
7062,TEC-MEM-10000374,"Memorex Router, Programmable",Technology,Accessories
7063,FUR-HAR-10002328,"Harbour Creations Swivel Stool, Black",Furniture,Chairs
7064,OFF-AR-10004422,"Boston Sketch Pad, Blue",Office Supplies,Art
7065,OFF-ST-10001290,"Rogers Shelving, Single Width",Office Supplies,Storage
7066,TEC-LOG-10001482,"Logitech Keyboard, Erganomic",Technology,Accessories
7067,OFF-EN-10003817,"Jiffy Business Envelopes, Security-Tint",Office Supplies,Envelopes
7068,OFF-PA-10004174,"Enermax Computer Printout Paper, 8.5 x 11",Office Supplies,Paper
7069,TEC-AC-10002324,"Enermax Numeric Keypad, Bluetooth",Technology,Accessories
7070,OFF-PA-10004156,Xerox 188,Office Supplies,Paper
7071,OFF-EN-10001028,Staples,Office Supplies,Envelopes
7072,OFF-BI-10002684,"Avery Hole Reinforcements, Clear",Office Supplies,Binders
7073,TEC-PH-10003932,"Apple Audio Dock, VoIP",Technology,Phones
7074,FUR-BO-10004441,"Ikea Library with Doors, Metal",Furniture,Bookcases
7075,FUR-TA-10003354,"Barricks Conference Table, Adjustable Height",Furniture,Tables
7076,TEC-CO-10000967,"HP Fax Machine, Laser",Technology,Copiers
7077,TEC-PH-10004772,"Motorola Signal Booster, VoIP",Technology,Phones
7078,OFF-ST-10002642,"Eldon Lockers, Single Width",Office Supplies,Storage
7079,FUR-CHR-10001784,"Chromcraft Coffee Table, with Bottom Storage",Furniture,Tables
7080,FUR-CH-10000105,"Hon Steel Folding Chair, Set of Two",Furniture,Chairs
7081,OFF-ST-10004280,"Eldon Trays, Industrial",Office Supplies,Storage
7082,TEC-CO-10002284,"Hewlett Copy Machine, Color",Technology,Copiers
7083,FUR-BO-10000616,"Dania Corner Shelving, Pine",Furniture,Bookcases
7084,OFF-FA-10002597,"OIC Clamps, 12 Pack",Office Supplies,Fasteners
7085,TEC-PH-10004509,"Nokia Audio Dock, Cordless",Technology,Phones
7086,OFF-EN-10003507,"Kraft Business Envelopes, Recycled",Office Supplies,Envelopes
7087,OFF-STO-10001150,"Stockwell Rubber Bands, 12 Pack",Office Supplies,Fasteners
7088,OFF-EN-10002449,"Ames Interoffice Envelope, Security-Tint",Office Supplies,Envelopes
7089,FUR-FU-10001775,"Deflect-O Stacking Tray, Durable",Furniture,Furnishings
7090,OFF-FA-10000263,"Stockwell Thumb Tacks, Bulk Pack",Office Supplies,Fasteners
7091,OFF-BI-10004002,Wilson Jones International Size A4 Ring Binders,Office Supplies,Binders
7092,OFF-EN-10000863,"Ames Business Envelopes, Set of 50",Office Supplies,Envelopes
7093,OFF-BI-10004826,JM Magazine Binder,Office Supplies,Binders
7094,OFF-PA-10001661,Xerox 1922,Office Supplies,Paper
7095,TEC-PH-10002898,"Samsung Smart Phone, Full Size",Technology,Phones
7096,OFF-KIT-10003757,"KitchenAid Refrigerator, Red",Office Supplies,Appliances
7097,OFF-ST-10002774,"Rogers Lockers, Industrial",Office Supplies,Storage
7098,OFF-ST-10001941,"Rogers Lockers, Wire Frame",Office Supplies,Storage
7099,OFF-ST-10001413,"Rogers Folders, Blue",Office Supplies,Storage
7100,OFF-KRA-10002126,"Kraft Business Envelopes, Recycled",Office Supplies,Envelopes
7101,FUR-FU-10001692,"Deflect-O Clock, Durable",Furniture,Furnishings
7102,FUR-FU-10001718,"Eldon Door Stop, Duo Pack",Furniture,Furnishings
7103,TEC-PH-10001574,"Nokia Audio Dock, Cordless",Technology,Phones
7104,OFF-PA-10002725,"Eaton Cards & Envelopes, Premium",Office Supplies,Paper
7105,OFF-EN-10003628,"GlobeWeis Manila Envelope, Set of 50",Office Supplies,Envelopes
7106,FUR-CH-10001784,"SAFCO Bag Chairs, Adjustable",Furniture,Chairs
7107,OFF-SAN-10003152,"SanDisk Memo Slips, Multicolor",Office Supplies,Paper
7108,OFF-LA-10002805,"Hon Color Coded Labels, Alphabetical",Office Supplies,Labels
7109,OFF-CAM-10001191,"Cameo Peel and Seal, Recycled",Office Supplies,Envelopes
7110,OFF-SU-10002342,"Kleencut Scissors, Steel",Office Supplies,Supplies
7111,OFF-JIF-10004747,"Jiffy Manila Envelope, with clear poly window",Office Supplies,Envelopes
7112,OFF-LA-10004677,Self-Adhesive Address Labels for Typewriters with Dispenser Box,Office Supplies,Labels
7113,OFF-PA-10004355,Xerox 231,Office Supplies,Paper
7114,FUR-FU-10000732,Eldon 200 Class Desk Accessories,Furniture,Furnishings
7115,FUR-BO-10003734,"Dania Classic Bookcase, Metal",Furniture,Bookcases
7116,TEC-PH-10004505,"Nokia Smart Phone, Full Size",Technology,Phones
7117,TEC-HP -10003345,"HP Fax and Copier, High-Speed",Technology,Copiers
7118,TEC-AC-10001838,Razer Tiamat Over Ear 7.1 Surround Sound PC Gaming Headset,Technology,Accessories
7119,OFF-EN-10002035,"Kraft Mailers, Set of 50",Office Supplies,Envelopes
7120,FUR-BO-10004824,"Safco Stackable Bookrack, Traditional",Furniture,Bookcases
7121,FUR-TA-10002065,"Bevis Round Table, Rectangular",Furniture,Tables
7122,OFF-AP-10001772,"Hoover Toaster, White",Office Supplies,Appliances
7123,TEC-PH-10004760,"Samsung Office Telephone, with Caller ID",Technology,Phones
7124,OFF-CAR-10001577,"Cardinal Binding Machine, Economy",Office Supplies,Binders
7125,FUR-CH-10003623,"SAFCO Steel Folding Chair, Black",Furniture,Chairs
7126,FUR-CH-10003512,"Novimex Bag Chairs, Set of Two",Furniture,Chairs
7127,OFF-SU-10001476,"Fiskars Scissors, Easy Grip",Office Supplies,Supplies
7128,OFF-OIC-10002625,"OIC Thumb Tacks, 12 Pack",Office Supplies,Fasteners
7129,OFF-LA-10000404,"Smead Shipping Labels, Laser Printer Compatible",Office Supplies,Labels
7130,OFF-FA-10002531,"Advantus Paper Clips, Bulk Pack",Office Supplies,Fasteners
7131,OFF-ACM-10000570,"Acme Letter Opener, High Speed",Office Supplies,Supplies
7132,OFF-BI-10003184,"Avery Index Tab, Clear",Office Supplies,Binders
7133,TEC-PH-10004074,"Samsung Smart Phone, with Caller ID",Technology,Phones
7134,FUR-BO-10001369,"Sauder Stackable Bookrack, Mobile",Furniture,Bookcases
7135,FUR-TA-10003171,"Bevis Training Table, Fully Assembled",Furniture,Tables
7136,FUR-BO-10001641,"Bush 3-Shelf Cabinet, Traditional",Furniture,Bookcases
7137,FUR-TA-10002912,"Lesro Conference Table, Rectangular",Furniture,Tables
7138,TEC-PH-10000774,"Motorola Signal Booster, VoIP",Technology,Phones
7139,OFF-SU-10001983,"Stiletto Box Cutter, Steel",Office Supplies,Supplies
7140,OFF-AR-10001423,"BIC Canvas, Water Color",Office Supplies,Art
7141,OFF-ELD-10001318,"Eldon Lockers, Industrial",Office Supplies,Storage
7142,OFF-SU-10003357,"Fiskars Shears, Steel",Office Supplies,Supplies
7143,OFF-EN-10000556,"Kraft Interoffice Envelope, Security-Tint",Office Supplies,Envelopes
7144,TEC-CO-10001831,"Sharp Personal Copier, Laser",Technology,Copiers
7145,OFF-SU-10002649,"Elite Shears, Serrated",Office Supplies,Supplies
7146,FUR-ELD-10004559,"Eldon Stacking Tray, Erganomic",Furniture,Furnishings
7147,OFF-SU-10002550,"Kleencut Scissors, Steel",Office Supplies,Supplies
7148,OFF-BI-10000545,GBC Ibimaster 500 Manual ProClick Binding System,Office Supplies,Binders
7149,FUR-BO-10001873,"Ikea Floating Shelf Set, Mobile",Furniture,Bookcases
7150,TEC-MA-10001934,"StarTech Printer, Red",Technology,Machines
7151,FUR-TA-10000750,"Hon Round Table, Fully Assembled",Furniture,Tables
7152,OFF-SU-10003456,"Elite Letter Opener, Easy Grip",Office Supplies,Supplies
7153,FUR-CH-10000608,"Office Star Chairmat, Set of Two",Furniture,Chairs
7154,TEC-PH-10000730,"Samsung Office Telephone, VoIP",Technology,Phones
7155,OFF-PA-10003899,"SanDisk Memo Slips, Premium",Office Supplies,Paper
7156,OFF-AR-10000150,"Boston Pens, Water Color",Office Supplies,Art
7157,OFF-AR-10001072,"Sanford Pens, Fluorescent",Office Supplies,Art
7158,OFF-AVE-10001473,"Avery Legal Exhibit Labels, Laser Printer Compatible",Office Supplies,Labels
7159,OFF-BRE-10001107,"Breville Stove, Red",Office Supplies,Appliances
7160,TEC-PH-10004830,Pyle PRT45 Retro Home Telephone,Technology,Phones
7161,OFF-ELI-10004427,"Elite Box Cutter, Serrated",Office Supplies,Supplies
7162,TEC-AC-10001590,Dell Slim USB Multimedia Keyboard,Technology,Accessories
7163,OFF-EAT-10000522,"Eaton Computer Printout Paper, Multicolor",Office Supplies,Paper
7164,FUR-FU-10000794,"Eldon Stackable Tray, Side-Load, Legal, Smoke",Furniture,Furnishings
7165,TEC-AC-10000420,"Belkin Router, USB",Technology,Accessories
7166,TEC-MA-10004172,"Konica Printer, Red",Technology,Machines
7167,FUR-FU-10004097,"Advantus Door Stop, Duo Pack",Furniture,Furnishings
7168,FUR-TA-10003518,"Chromcraft Training Table, Fully Assembled",Furniture,Tables
7169,TEC-NOK-10001282,"Nokia Signal Booster, with Caller ID",Technology,Phones
7170,OFF-ST-10004532,"Tenex File Cart, Single Width",Office Supplies,Storage
7171,FUR-CH-10001553,"Hon Bag Chairs, Adjustable",Furniture,Chairs
7172,OFF-ST-10004638,"Eldon File Cart, Blue",Office Supplies,Storage
7173,OFF-FA-10004659,"Stockwell Thumb Tacks, 12 Pack",Office Supplies,Fasteners
7174,OFF-BI-10000348,"Cardinal Index Tab, Durable",Office Supplies,Binders
7175,OFF-ST-10000560,"Fellowes Trays, Industrial",Office Supplies,Storage
7176,OFF-EN-10003715,"Kraft Manila Envelope, Set of 50",Office Supplies,Envelopes
7177,OFF-AME-10003180,"Ames Business Envelopes, Set of 50",Office Supplies,Envelopes
7178,OFF-AR-10004062,Staples,Office Supplies,Art
7179,OFF-BI-10003309,"Wilson Jones Binder Covers, Clear",Office Supplies,Binders
7180,TEC-CO-10003800,"Hewlett Wireless Fax, Color",Technology,Copiers
7181,TEC-MA-10004609,"Okidata Inkjet, White",Technology,Machines
7182,OFF-HAM-10000312,"Hamilton Beach Refrigerator, Red",Office Supplies,Appliances
7183,FUR-CH-10003199,Office Star - Contemporary Task Swivel Chair,Furniture,Chairs
7184,TEC-MA-10001527,"Panasonic Calculator, White",Technology,Machines
7185,OFF-AR-10002681,"Boston Sketch Pad, Fluorescent",Office Supplies,Art
7186,FUR-CH-10001051,"Hon Chairmat, Red",Furniture,Chairs
7187,OFF-PA-10003805,"Eaton Note Cards, Multicolor",Office Supplies,Paper
7188,OFF-PA-10004040,Universal Premium White Copier/Laser Paper (20Lb. and 87 Bright),Office Supplies,Paper
7189,TEC-AC-10004604,"SanDisk Mouse, Bluetooth",Technology,Accessories
7190,OFF-FA-10000294,"Advantus Clamps, Metal",Office Supplies,Fasteners
7191,FUR-TA-10001744,"Lesro Coffee Table, Adjustable Height",Furniture,Tables
7192,TEC-MA-10004421,"Konica Inkjet, Wireless",Technology,Machines
7193,TEC-CO-10001375,"Brother Copy Machine, Color",Technology,Copiers
7194,FUR-BUS-10004854,"Bush Floating Shelf Set, Pine",Furniture,Bookcases
7195,FUR-OFF-10004214,"Office Star Executive Leather Armchair, Red",Furniture,Chairs
7196,OFF-AP-10001458,"KitchenAid Blender, Black",Office Supplies,Appliances
7197,FUR-BO-10003106,"Sauder Corner Shelving, Metal",Furniture,Bookcases
7198,FUR-BO-10000411,"Sauder Floating Shelf Set, Metal",Furniture,Bookcases
7199,TEC-PH-10001917,"Apple Signal Booster, Cordless",Technology,Phones
7200,OFF-BI-10003779,"Cardinal 3-Hole Punch, Durable",Office Supplies,Binders
7201,OFF-EN-10004568,"Kraft Business Envelopes, Set of 50",Office Supplies,Envelopes
7202,OFF-AR-10003446,"BIC Highlighters, Water Color",Office Supplies,Art
7203,OFF-BI-10002627,"Avery Binder Covers, Economy",Office Supplies,Binders
7204,OFF-FA-10001567,"Advantus Paper Clips, Bulk Pack",Office Supplies,Fasteners
7205,OFF-SME-10002870,"Smead Legal Exhibit Labels, Alphabetical",Office Supplies,Labels
7206,OFF-HAR-10000501,"Harbour Creations File Folder Labels, Laser Printer Compatible",Office Supplies,Labels
7207,OFF-LA-10000334,"Hon Shipping Labels, Alphabetical",Office Supplies,Labels
7208,OFF-HAM-10001107,"Hamilton Beach Refrigerator, Silver",Office Supplies,Appliances
7209,OFF-AR-10004749,"BIC Canvas, Blue",Office Supplies,Art
7210,FUR-BO-10001918,"Sauder Forest Hills Library with Doors, Woodland Oak Finish",Furniture,Bookcases
7211,OFF-AR-10000538,"Boston Model 1800 Electric Pencil Sharpener, Gray",Office Supplies,Art
7212,OFF-EN-10002491,"GlobeWeis Mailers, Recycled",Office Supplies,Envelopes
7213,OFF-PA-10002818,"Enermax Parchment Paper, Premium",Office Supplies,Paper
7214,OFF-FA-10003961,"Advantus Rubber Bands, Assorted Sizes",Office Supplies,Fasteners
7215,FUR-CH-10004047,"SAFCO Rocking Chair, Adjustable",Furniture,Chairs
7216,TEC-CO-10004089,"Canon Copy Machine, Laser",Technology,Copiers
7217,TEC-CO-10001766,"Canon Fax Machine, Digital",Technology,Copiers
7218,FUR-FU-10001410,"Tenex Clock, Durable",Furniture,Furnishings
7219,FUR-CH-10002053,"Novimex Chairmat, Set of Two",Furniture,Chairs
7220,TEC-MEM-10002919,"Memorex Flash Drive, USB",Technology,Accessories
7221,OFF-EN-10003737,"Kraft Business Envelopes, Set of 50",Office Supplies,Envelopes
7222,OFF-SU-10004655,"Stiletto Trimmer, Steel",Office Supplies,Supplies
7223,FUR-CH-10004387,"Office Star Bag Chairs, Red",Furniture,Chairs
7224,OFF-LA-10000765,"Smead Legal Exhibit Labels, 5000 Label Set",Office Supplies,Labels
7225,OFF-PA-10002870,"Ampad Phone Message Book, Recycled, 400 Message Capacity, 5 ¾ x 11",Office Supplies,Paper
7226,OFF-AME-10002557,"Ames Business Envelopes, Recycled",Office Supplies,Envelopes
7227,OFF-EN-10001154,"Kraft Clasp Envelope, Set of 50",Office Supplies,Envelopes
7228,OFF-HAM-10002778,"Hamilton Beach Microwave, Black",Office Supplies,Appliances
7229,OFF-PA-10004766,"Enermax Message Books, Premium",Office Supplies,Paper
7230,OFF-LA-10002225,"Hon Shipping Labels, 5000 Label Set",Office Supplies,Labels
7231,FUR-TA-10003591,"Bevis Wood Table, Rectangular",Furniture,Tables
7232,OFF-EAT-10001025,"Eaton Note Cards, Multicolor",Office Supplies,Paper
7233,OFF-EN-10000699,"Cameo Interoffice Envelope, Set of 50",Office Supplies,Envelopes
7234,OFF-AR-10003758,"Binney & Smith Canvas, Water Color",Office Supplies,Art
7235,OFF-EN-10003413,"Kraft Manila Envelope, Security-Tint",Office Supplies,Envelopes
7236,OFF-FA-10004880,"Accos Rubber Bands, Bulk Pack",Office Supplies,Fasteners
7237,FUR-HAR-10004726,"Harbour Creations Steel Folding Chair, Adjustable",Furniture,Chairs
7238,OFF-KRA-10003816,"Kraft Mailers, with clear poly window",Office Supplies,Envelopes
7239,FUR-CH-10003910,"Harbour Creations Chairmat, Adjustable",Furniture,Chairs
7240,FUR-FU-10002335,"Rubbermaid Light Bulb, Durable",Furniture,Furnishings
7241,FUR-FU-10000293,Eldon Antistatic Chair Mats for Low to Medium Pile Carpets,Furniture,Furnishings
7242,OFF-EN-10004938,"Ames Business Envelopes, Set of 50",Office Supplies,Envelopes
7243,FUR-FU-10004460,"Howard Miller 12"" Round Wall Clock",Furniture,Furnishings
7244,OFF-AR-10003448,"Boston Markers, Water Color",Office Supplies,Art
7245,FUR-CH-10003956,Novimex High-Tech Fabric Mesh Task Chair,Furniture,Chairs
7246,OFF-PA-10002585,"Eaton Memo Slips, Multicolor",Office Supplies,Paper
7247,OFF-EN-10004840,"Jiffy Clasp Envelope, Security-Tint",Office Supplies,Envelopes
7248,OFF-FA-10000122,"Advantus Paper Clips, Assorted Sizes",Office Supplies,Fasteners
7249,OFF-OIC-10000189,"OIC Clamps, Metal",Office Supplies,Fasteners
7250,OFF-AR-10003157,"Sanford Highlighters, Easy-Erase",Office Supplies,Art
7251,OFF-PA-10001307,"Important Message Pads, 50 4-1/4 x 5-1/2 Forms per Pad",Office Supplies,Paper
7252,TEC-PH-10000808,"Samsung Smart Phone, Cordless",Technology,Phones
7253,TEC-PH-10004165,Mitel MiVoice 5330e IP Phone,Technology,Phones
7254,OFF-AP-10003221,"Cuisinart Refrigerator, Red",Office Supplies,Appliances
7255,OFF-ST-10003147,"Tenex Box, Blue",Office Supplies,Storage
7256,OFF-EN-10002015,"GlobeWeis Peel and Seal, with clear poly window",Office Supplies,Envelopes
7257,OFF-AR-10004817,Colorific Watercolor Pencils,Office Supplies,Art
7258,TEC-AC-10003063,"Memorex Memory Card, Programmable",Technology,Accessories
7259,OFF-AR-10002037,"Stanley Sketch Pad, Fluorescent",Office Supplies,Art
7260,OFF-PA-10000091,"Xerox Message Books, Premium",Office Supplies,Paper
7261,OFF-PA-10002370,"Xerox Parchment Paper, Recycled",Office Supplies,Paper
7262,OFF-PA-10003338,"Enermax Parchment Paper, Recycled",Office Supplies,Paper
7263,OFF-BI-10003655,Durable Pressboard Binders,Office Supplies,Binders
7264,TEC-CO-10003135,"Canon Fax and Copier, High-Speed",Technology,Copiers
7265,OFF-AP-10000330,"Hamilton Beach Stove, Red",Office Supplies,Appliances
7266,OFF-ST-10001526,Iceberg Mobile Mega Data/Printer Cart ,Office Supplies,Storage
7267,TEC-CO-10004234,"Canon Fax Machine, Laser",Technology,Copiers
7268,FUR-CH-10003842,"Harbour Creations Chairmat, Red",Furniture,Chairs
7269,FUR-CH-10002498,"Harbour Creations Steel Folding Chair, Red",Furniture,Chairs
7270,FUR-BO-10002824,Bush Mission Pointe Library,Furniture,Bookcases
7271,FUR-CH-10003848,"Office Star Rocking Chair, Adjustable",Furniture,Chairs
7272,OFF-SU-10001351,"Stiletto Letter Opener, Steel",Office Supplies,Supplies
7273,OFF-LA-10000700,"Avery Legal Exhibit Labels, Laser Printer Compatible",Office Supplies,Labels
7274,OFF-FA-10000799,"OIC Push Pins, Bulk Pack",Office Supplies,Fasteners
7275,OFF-BI-10002594,"Wilson Jones Binding Machine, Durable",Office Supplies,Binders
7276,FUR-FU-10001447,"Eldon Stacking Tray, Duo Pack",Furniture,Furnishings
7277,OFF-PA-10001944,"SanDisk Computer Printout Paper, Premium",Office Supplies,Paper
7278,OFF-XER-10001454,"Xerox Parchment Paper, Multicolor",Office Supplies,Paper
7279,FUR-BO-10002142,"Ikea Classic Bookcase, Traditional",Furniture,Bookcases
7280,TEC-MA-10002428,Fellowes Powershred HS-440 4-Sheet High Security Shredder,Technology,Machines
7281,OFF-ST-10004660,"Fellowes Box, Single Width",Office Supplies,Storage
7282,OFF-AP-10002684,"Acco 7-Outlet Masterpiece Power Center, Wihtout Fax/Phone Line Protection",Office Supplies,Appliances
7283,OFF-LA-10000476,"Avery 05222 Permanent Self-Adhesive File Folder Labels for Typewriters, on Rolls, White, 250/Roll",Office Supplies,Labels
7284,TEC-PH-10003182,"Cisco Office Telephone, with Caller ID",Technology,Phones
7285,OFF-GRE-10001084,"Green Bar Cards & Envelopes, Multicolor",Office Supplies,Paper
7286,OFF-FA-10004684,"Advantus Thumb Tacks, Metal",Office Supplies,Fasteners
7287,TEC-MA-10001546,"Okidata Phone, Red",Technology,Machines
7288,FUR-FU-10004848,"Howard Miller 13-3/4"" Diameter Brushed Chrome Round Wall Clock",Furniture,Furnishings
7289,FUR-BO-10000425,"Bush Floating Shelf Set, Traditional",Furniture,Bookcases
7290,TEC-PH-10001148,"Samsung Signal Booster, VoIP",Technology,Phones
7291,OFF-BI-10004492,Tuf-Vin Binders,Office Supplies,Binders
7292,TEC-PH-10002392,"Nokia Signal Booster, Cordless",Technology,Phones
7293,OFF-ST-10004947,"Tenex Trays, Industrial",Office Supplies,Storage
7294,TEC-CO-10004306,"HP Copy Machine, Color",Technology,Copiers
7295,OFF-AP-10001891,"Cuisinart Coffee Grinder, Black",Office Supplies,Appliances
7296,OFF-AR-10004215,"Binney & Smith Canvas, Fluorescent",Office Supplies,Art
7297,OFF-PA-10001763,Xerox 1896,Office Supplies,Paper
7298,OFF-EN-10000543,"Ames Clasp Envelope, Security-Tint",Office Supplies,Envelopes
7299,OFF-ACM-10002301,"Acme Trimmer, Serrated",Office Supplies,Supplies
7300,OFF-OIC-10003028,"OIC Staples, Bulk Pack",Office Supplies,Fasteners
7301,FUR-CH-10002542,"Office Star Steel Folding Chair, Set of Two",Furniture,Chairs
7302,OFF-SU-10004822,"Acme Letter Opener, Serrated",Office Supplies,Supplies
7303,OFF-FA-10000067,"Stockwell Staples, 12 Pack",Office Supplies,Fasteners
7304,OFF-LA-10000341,"Smead Shipping Labels, 5000 Label Set",Office Supplies,Labels
7305,OFF-LA-10001676,"Hon Removable Labels, Adjustable",Office Supplies,Labels
7306,OFF-ST-10000695,"Rogers Lockers, Wire Frame",Office Supplies,Storage
7307,OFF-ST-10002873,"Fellowes Folders, Industrial",Office Supplies,Storage
7308,OFF-EN-10003361,"GlobeWeis Manila Envelope, Security-Tint",Office Supplies,Envelopes
7309,OFF-FA-10001427,"Stockwell Paper Clips, Bulk Pack",Office Supplies,Fasteners
7310,OFF-EN-10001991,"Kraft Clasp Envelope, Set of 50",Office Supplies,Envelopes
7311,TEC-AC-10001990,Kensington Orbit Wireless Mobile Trackball for PC and Mac,Technology,Accessories
7312,FUR-CH-10003114,"Harbour Creations Swivel Stool, Red",Furniture,Chairs
7313,OFF-ST-10002619,"Rogers Lockers, Blue",Office Supplies,Storage
7314,FUR-CH-10004853,"Global Manager's Adjustable Task Chair, Storm",Furniture,Chairs
7315,OFF-EN-10000483,"White Envelopes, White Envelopes with Clear Poly Window",Office Supplies,Envelopes
7316,OFF-PA-10004998,"Green Bar Parchment Paper, Multicolor",Office Supplies,Paper
7317,FUR-FU-10002928,"Eldon Light Bulb, Erganomic",Furniture,Furnishings
7318,OFF-SU-10003191,"Stiletto Scissors, Easy Grip",Office Supplies,Supplies
7319,OFF-PA-10000501,Petty Cash Envelope,Office Supplies,Paper
7320,OFF-FA-10003054,"Stockwell Rubber Bands, Metal",Office Supplies,Fasteners
7321,FUR-BO-10004709,"Bush Westfield Collection Bookcases, Medium Cherry Finish",Furniture,Bookcases
7322,FUR-TA-10001237,"Barricks Coffee Table, Fully Assembled",Furniture,Tables
7323,TEC-PH-10004152,"Apple Headset, VoIP",Technology,Phones
7324,OFF-FA-10001026,"Stockwell Staples, Metal",Office Supplies,Fasteners
7325,OFF-FA-10004795,"Advantus Paper Clips, Assorted Sizes",Office Supplies,Fasteners
7326,OFF-BI-10004182,Economy Binders,Office Supplies,Binders
7327,OFF-PA-10002516,"Enermax Cards & Envelopes, 8.5 x 11",Office Supplies,Paper
7328,OFF-PA-10000357,"Eaton Memo Slips, Recycled",Office Supplies,Paper
7329,TEC-AC-10002749,"Enermax Mouse, USB",Technology,Accessories
7330,OFF-BI-10004352,Wilson Jones DublLock D-Ring Binders,Office Supplies,Binders
7331,FUR-BO-10004690,O'Sullivan Cherrywood Estates Traditional Barrister Bookcase,Furniture,Bookcases
7332,TEC-BRO-10000917,"Brother Fax Machine, Digital",Technology,Copiers
7333,OFF-PA-10003129,Tops White Computer Printout Paper,Office Supplies,Paper
7334,OFF-EN-10003073,"Jiffy Business Envelopes, Set of 50",Office Supplies,Envelopes
7335,TEC-CO-10004985,"Hewlett Copy Machine, Color",Technology,Copiers
7336,OFF-ST-10000917,"Fellowes File Cart, Wire Frame",Office Supplies,Storage
7337,TEC-AC-10000342,"Logitech Numeric Keypad, Programmable",Technology,Accessories
7338,OFF-PA-10004475,"Xerox Computer Printout Paper, 8.5 x 11",Office Supplies,Paper
7339,OFF-LA-10001228,"Hon File Folder Labels, Alphabetical",Office Supplies,Labels
7340,TEC-SHA-10001309,"Sharp Fax Machine, Digital",Technology,Copiers
7341,OFF-AP-10001931,"Hoover Blender, Black",Office Supplies,Appliances
7342,OFF-AP-10003184,"KitchenAid Stove, Silver",Office Supplies,Appliances
7343,OFF-EN-10000897,"Kraft Mailers, Set of 50",Office Supplies,Envelopes
7344,FUR-BO-10002471,"Safco 3-Shelf Cabinet, Metal",Furniture,Bookcases
7345,OFF-GRE-10001059,"Green Bar Note Cards, 8.5 x 11",Office Supplies,Paper
7346,TEC-PH-10003946,"Cisco Office Telephone, VoIP",Technology,Phones
7347,FUR-FU-10000496,"Eldon Clock, Duo Pack",Furniture,Furnishings
7348,OFF-AR-10000390,"Stanley Pencil Sharpener, Water Color",Office Supplies,Art
7349,OFF-LA-10004700,"Avery Color Coded Labels, Alphabetical",Office Supplies,Labels
7350,FUR-BO-10002213,"Sauder Forest Hills Library, Woodland Oak Finish",Furniture,Bookcases
7351,TEC-PH-10004094,Motorola L703CM,Technology,Phones
7352,OFF-EN-10004989,"Cameo Manila Envelope, Set of 50",Office Supplies,Envelopes
7353,TEC-AC-10004068,"Memorex Memory Card, USB",Technology,Accessories
7354,OFF-SU-10000429,"Elite Ruler, Easy Grip",Office Supplies,Supplies
7355,OFF-EN-10002313,"GlobeWeis Mailers, Recycled",Office Supplies,Envelopes
7356,OFF-PA-10004782,Xerox 228,Office Supplies,Paper
7357,OFF-EN-10001852,"Cameo Manila Envelope, with clear poly window",Office Supplies,Envelopes
7358,OFF-SU-10002849,"Kleencut Ruler, Serrated",Office Supplies,Supplies
7359,OFF-FA-10004140,"Accos Push Pins, 12 Pack",Office Supplies,Fasteners
7360,FUR-SAF-10004173,"Safco Corner Shelving, Traditional",Furniture,Bookcases
7361,FUR-CH-10002088,"Novimex Steel Folding Chair, Set of Two",Furniture,Chairs
7362,OFF-EN-10000454,"GlobeWeis Business Envelopes, Set of 50",Office Supplies,Envelopes
7363,OFF-FA-10004920,"Accos Rubber Bands, Metal",Office Supplies,Fasteners
7364,TEC-CO-10002201,"Sharp Ink, Color",Technology,Copiers
7365,OFF-SU-10002934,"Elite Shears, Serrated",Office Supplies,Supplies
7366,OFF-AP-10001617,"KitchenAid Blender, Silver",Office Supplies,Appliances
7367,TEC-AC-10003681,"SanDisk Mouse, Erganomic",Technology,Accessories
7368,OFF-SAN-10000335,"SanDisk Parchment Paper, Premium",Office Supplies,Paper
7369,OFF-KRA-10000117,"Kraft Mailers, Security-Tint",Office Supplies,Envelopes
7370,OFF-BI-10001183,"Avery 3-Hole Punch, Clear",Office Supplies,Binders
7371,OFF-EN-10003904,"Jiffy Business Envelopes, Recycled",Office Supplies,Envelopes
7372,FUR-CH-10001919,"Harbour Creations Steel Folding Chair, Red",Furniture,Chairs
7373,FUR-BO-10004408,"Dania Stackable Bookrack, Pine",Furniture,Bookcases
7374,TEC-CIS-10001122,"Cisco Speaker Phone, VoIP",Technology,Phones
7375,FUR-BO-10000021,"Dania Corner Shelving, Metal",Furniture,Bookcases
7376,FUR-CH-10003249,"Office Star Steel Folding Chair, Black",Furniture,Chairs
7377,FUR-CH-10002116,"SAFCO Rocking Chair, Black",Furniture,Chairs
7378,TEC-CO-10003522,"Sharp Personal Copier, High-Speed",Technology,Copiers
7379,OFF-PA-10000098,"Xerox Parchment Paper, 8.5 x 11",Office Supplies,Paper
7380,FUR-FU-10002539,"Tenex Clock, Erganomic",Furniture,Furnishings
7381,OFF-SU-10000782,"Fiskars Shears, Serrated",Office Supplies,Supplies
7382,TEC-SAN-10004885,"SanDisk Flash Drive, Erganomic",Technology,Accessories
7383,FUR-CH-10004151,"Harbour Creations Steel Folding Chair, Red",Furniture,Chairs
7384,OFF-PA-10000562,"Enermax Cards & Envelopes, 8.5 x 11",Office Supplies,Paper
7385,FUR-CH-10001347,"SAFCO Steel Folding Chair, Black",Furniture,Chairs
7386,OFF-BI-10002841,"Cardinal Binding Machine, Durable",Office Supplies,Binders
7387,OFF-PA-10004621,Xerox 212,Office Supplies,Paper
7388,TEC-STA-10003925,"StarTech Card Printer, Durable",Technology,Machines
7389,OFF-FA-10001476,"OIC Paper Clips, Assorted Sizes",Office Supplies,Fasteners
7390,OFF-SU-10001851,"Stiletto Ruler, Steel",Office Supplies,Supplies
7391,TEC-CO-10004325,"Canon Personal Copier, Laser",Technology,Copiers
7392,TEC-PH-10002119,"Samsung Headset, Full Size",Technology,Phones
7393,OFF-EN-10003669,"Jiffy Mailers, Security-Tint",Office Supplies,Envelopes
7394,OFF-AP-10004749,"Cuisinart Coffee Grinder, Red",Office Supplies,Appliances
7395,FUR-FU-10000946,"Advantus Stacking Tray, Durable",Furniture,Furnishings
7396,OFF-LA-10000073,"Novimex Legal Exhibit Labels, 5000 Label Set",Office Supplies,Labels
7397,OFF-BI-10000282,"Ibico Binder, Durable",Office Supplies,Binders
7398,TEC-AC-10001441,"SanDisk Mouse, Erganomic",Technology,Accessories
7399,OFF-FA-10002393,"Accos Push Pins, Bulk Pack",Office Supplies,Fasteners
7400,TEC-PH-10004583,"Motorola Smart Phone, Cordless",Technology,Phones
7401,TEC-CO-10000208,"Brother Wireless Fax, Color",Technology,Copiers
7402,FUR-CH-10002213,"Hon Executive Leather Armchair, Black",Furniture,Chairs
7403,TEC-CO-10000447,"Canon Wireless Fax, Color",Technology,Copiers
7404,OFF-HAM-10004122,"Hamilton Beach Microwave, Silver",Office Supplies,Appliances
7405,FUR-BO-10001580,"Dania Stackable Bookrack, Pine",Furniture,Bookcases
7406,FUR-CH-10000994,"Office Star Steel Folding Chair, Red",Furniture,Chairs
7407,OFF-ST-10001186,"Rogers Trays, Industrial",Office Supplies,Storage
7408,OFF-SU-10002445,"Fiskars Trimmer, High Speed",Office Supplies,Supplies
7409,OFF-FA-10000471,"Accos Paper Clips, Assorted Sizes",Office Supplies,Fasteners
7410,FUR-FU-10004137,"Tenex Light Bulb, Erganomic",Furniture,Furnishings
7411,OFF-PA-10004994,"Green Bar Parchment Paper, Premium",Office Supplies,Paper
7412,OFF-SU-10004283,"Elite Shears, Steel",Office Supplies,Supplies
7413,OFF-LA-10002493,"Hon Color Coded Labels, Adjustable",Office Supplies,Labels
7414,OFF-AR-10001073,"Sanford Markers, Easy-Erase",Office Supplies,Art
7415,OFF-BI-10002003,Ibico Presentation Index for Binding Systems,Office Supplies,Binders
7416,OFF-EN-10000232,"Kraft Peel and Seal, Recycled",Office Supplies,Envelopes
7417,FUR-BO-10003783,"Dania Library with Doors, Pine",Furniture,Bookcases
7418,TEC-CO-10004563,"HP Copy Machine, Color",Technology,Copiers
7419,FUR-BO-10004191,"Safco Corner Shelving, Traditional",Furniture,Bookcases
7420,OFF-ST-10003018,"Smead File Cart, Industrial",Office Supplies,Storage
7421,TEC-CO-10003807,"HP Personal Copier, Laser",Technology,Copiers
7422,TEC-CO-10001271,"Sharp Personal Copier, Color",Technology,Copiers
7423,OFF-BI-10001820,"Wilson Jones Binding Machine, Durable",Office Supplies,Binders
7424,OFF-LA-10004058,"Hon Legal Exhibit Labels, 5000 Label Set",Office Supplies,Labels
7425,OFF-LA-10002324,"Smead Removable Labels, Adjustable",Office Supplies,Labels
7426,OFF-PA-10003475,"Enermax Note Cards, Premium",Office Supplies,Paper
7427,OFF-FA-10002017,"Stockwell Paper Clips, Assorted Sizes",Office Supplies,Fasteners
7428,FUR-CH-10001278,"SAFCO Chairmat, Black",Furniture,Chairs
7429,OFF-EN-10002090,"Kraft Peel and Seal, with clear poly window",Office Supplies,Envelopes
7430,OFF-SU-10002344,"Stiletto Box Cutter, Serrated",Office Supplies,Supplies
7431,OFF-PA-10004296,"Enermax Note Cards, Premium",Office Supplies,Paper
7432,FUR-FU-10000567,"Rubbermaid Light Bulb, Erganomic",Furniture,Furnishings
7433,OFF-PA-10004335,"Green Bar Computer Printout Paper, Recycled",Office Supplies,Paper
7434,OFF-FA-10000091,"Stockwell Push Pins, Metal",Office Supplies,Fasteners
7435,TEC-MA-10004617,"Konica Receipt Printer, Wireless",Technology,Machines
7436,TEC-APP-10001586,"Apple Speaker Phone, VoIP",Technology,Phones
7437,FUR-SAU-10000745,"Sauder 3-Shelf Cabinet, Pine",Furniture,Bookcases
7438,OFF-CAR-10001471,"Cardinal 3-Hole Punch, Clear",Office Supplies,Binders
7439,FUR-BO-10003965,O'Sullivan Manor Hill 2-Door Library in Brianna Oak,Furniture,Bookcases
7440,TEC-MA-10000753,"Epson Printer, Red",Technology,Machines
7441,TEC-OKI-10002547,"Okidata Phone, Durable",Technology,Machines
7442,TEC-AC-10003080,"Logitech Memory Card, USB",Technology,Accessories
7443,FUR-SAF-10002400,"Safco Corner Shelving, Metal",Furniture,Bookcases
7444,TEC-AC-10001942,"Memorex Flash Drive, Programmable",Technology,Accessories
7445,TEC-AC-10003334,"Logitech Numeric Keypad, Programmable",Technology,Accessories
7446,OFF-HAM-10002455,"Hamilton Beach Toaster, Red",Office Supplies,Appliances
7447,TEC-MA-10002267,"Konica Calculator, White",Technology,Machines
7448,OFF-LA-10002752,"Smead Legal Exhibit Labels, 5000 Label Set",Office Supplies,Labels
7449,OFF-FA-10002652,"Stockwell Staples, Bulk Pack",Office Supplies,Fasteners
7450,FUR-FU-10000305,"Tenex V2T-RE Standard Weight Series Chair Mat, 45"" x 53"", Lip 25"" x 12""",Furniture,Furnishings
7451,TEC-PH-10003601,"Ativa D5772 2-Line 5.8GHz Digital Expandable Corded/Cordless Phone System with Answering & Caller ID/Call Waiting, Black/Silver",Technology,Phones
7452,FUR-BO-10000034,"Safco Classic Bookcase, Pine",Furniture,Bookcases
7453,FUR-BO-10001831,"Sauder Floating Shelf Set, Metal",Furniture,Bookcases
7454,OFF-BRE-10003382,"Breville Stove, Silver",Office Supplies,Appliances
7455,FUR-FU-10000743,"Eldon Frame, Erganomic",Furniture,Furnishings
7456,OFF-SU-10004434,"Kleencut Box Cutter, Easy Grip",Office Supplies,Supplies
7457,OFF-PA-10004930,"Xerox Note Cards, Recycled",Office Supplies,Paper
7458,TEC-AC-10003951,"Logitech Numeric Keypad, USB",Technology,Accessories
7459,OFF-LA-10004545,Avery 50,Office Supplies,Labels
7460,OFF-BI-10002194,Cardinal Hold-It CD Pocket,Office Supplies,Binders
7461,OFF-AP-10002371,"KitchenAid Blender, Silver",Office Supplies,Appliances
7462,TEC-CAN-10001571,"Canon Personal Copier, Laser",Technology,Copiers
7463,FUR-FU-10002362,"Advantus Door Stop, Black",Furniture,Furnishings
7464,FUR-CH-10000785,Global Ergonomic Managers Chair,Furniture,Chairs
7465,OFF-ST-10003528,"Fellowes Folders, Wire Frame",Office Supplies,Storage
7466,OFF-AR-10004587,"Boston 1827 Commercial Additional Cutter, Drive Gear & Gear Rack for 1606",Office Supplies,Art
7467,TEC-NOK-10004541,"Nokia Office Telephone, Cordless",Technology,Phones
7468,TEC-MA-10002392,"Konica Card Printer, Wireless",Technology,Machines
7469,FUR-CH-10003597,"SAFCO Executive Leather Armchair, Set of Two",Furniture,Chairs
7470,FUR-BO-10004055,"Safco Corner Shelving, Metal",Furniture,Bookcases
7471,TEC-AC-10003904,"SanDisk Keyboard, USB",Technology,Accessories
7472,OFF-PA-10001357,Xerox 1886,Office Supplies,Paper
7473,OFF-AP-10001805,"KitchenAid Toaster, Silver",Office Supplies,Appliances
7474,OFF-FA-10001339,"Accos Thumb Tacks, Bulk Pack",Office Supplies,Fasteners
7475,OFF-PA-10000827,"Enermax Message Books, 8.5 x 11",Office Supplies,Paper
7476,FUR-FU-10002157,Artistic Insta-Plaque,Furniture,Furnishings
7477,TEC-CO-10000775,"Sharp Fax and Copier, Laser",Technology,Copiers
7478,OFF-EAT-10000652,"Eaton Computer Printout Paper, 8.5 x 11",Office Supplies,Paper
7479,OFF-FA-10004587,"Advantus Rubber Bands, 12 Pack",Office Supplies,Fasteners
7480,OFF-BI-10004632,GBC Binding covers,Office Supplies,Binders
7481,OFF-FA-10003411,"OIC Staples, Bulk Pack",Office Supplies,Fasteners
7482,OFF-ST-10003393,"Smead Box, Wire Frame",Office Supplies,Storage
7483,OFF-PA-10003020,"Xerox Message Books, Premium",Office Supplies,Paper
7484,OFF-PA-10004968,"Enermax Computer Printout Paper, Multicolor",Office Supplies,Paper
7485,OFF-LA-10003795,"Smead Round Labels, Alphabetical",Office Supplies,Labels
7486,OFF-SU-10004110,"Stiletto Scissors, Serrated",Office Supplies,Supplies
7487,TEC-AC-10000887,"Enermax Flash Drive, Bluetooth",Technology,Accessories
7488,FUR-BO-10004709,"Bush Classic Bookcase, Pine",Furniture,Bookcases
7489,OFF-ST-10001753,"Eldon Shelving, Industrial",Office Supplies,Storage
7490,OFF-EN-10003299,"Cameo Mailers, Security-Tint",Office Supplies,Envelopes
7491,FUR-BO-10002289,"Ikea Corner Shelving, Pine",Furniture,Bookcases
7492,FUR-DAN-10001340,"Dania Corner Shelving, Mobile",Furniture,Bookcases
7493,OFF-PA-10003907,"Eaton Message Books, Premium",Office Supplies,Paper
7494,OFF-AR-10001446,Newell 309,Office Supplies,Art
7495,FUR-RUB-10000958,"Rubbermaid Light Bulb, Black",Furniture,Furnishings
7496,FUR-BO-10002285,"Safco Corner Shelving, Pine",Furniture,Bookcases
7497,OFF-ROG-10002294,"Rogers File Cart, Single Width",Office Supplies,Storage
7498,OFF-ST-10002399,"Tenex Folders, Single Width",Office Supplies,Storage
7499,OFF-PA-10003224,"Eaton Computer Printout Paper, Premium",Office Supplies,Paper
7500,OFF-FA-10001213,"Advantus Push Pins, 12 Pack",Office Supplies,Fasteners
7501,OFF-AP-10001926,"Hamilton Beach Refrigerator, White",Office Supplies,Appliances
7502,TEC-CO-10002981,"HP Wireless Fax, High-Speed",Technology,Copiers
7503,TEC-CO-10001482,"Sharp Ink, High-Speed",Technology,Copiers
7504,OFF-SU-10004696,"Acme Shears, Easy Grip",Office Supplies,Supplies
7505,OFF-EN-10002410,"GlobeWeis Manila Envelope, Recycled",Office Supplies,Envelopes
7506,OFF-STO-10003329,"Stockwell Thumb Tacks, Metal",Office Supplies,Fasteners
7507,OFF-BOS-10001375,"Boston Canvas, Easy-Erase",Office Supplies,Art
7508,OFF-SU-10004888,"Stiletto Shears, Steel",Office Supplies,Supplies
7509,OFF-KRA-10004192,"Kraft Manila Envelope, Set of 50",Office Supplies,Envelopes
7510,FUR-BO-10003206,"Sauder Floating Shelf Set, Pine",Furniture,Bookcases
7511,OFF-PA-10000705,"Eaton Note Cards, Multicolor",Office Supplies,Paper
7512,OFF-FA-10001297,"OIC Staples, 12 Pack",Office Supplies,Fasteners
7513,OFF-ST-10003638,Mobile Personal File Cube,Office Supplies,Storage
7514,TEC-PH-10001670,"Motorola Smart Phone, Full Size",Technology,Phones
7515,TEC-PH-10002624,Samsung Galaxy S4 Mini,Technology,Phones
7516,TEC-PH-10003580,Cisco IP Phone 7961G-GE VoIP phone,Technology,Phones
7517,FUR-FU-10001488,"Tenex 46"" x 60"" Computer Anti-Static Chairmat, Rectangular Shaped",Furniture,Furnishings
7518,TEC-CO-10001410,"Canon Personal Copier, High-Speed",Technology,Copiers
7519,FUR-BO-10000780,O'Sullivan Plantations 2-Door Library in Landvery Oak,Furniture,Bookcases
7520,FUR-SAF-10001870,"SAFCO Chairmat, Set of Two",Furniture,Chairs
7521,OFF-ST-10002522,"Tenex Folders, Blue",Office Supplies,Storage
7522,OFF-AR-10002513,"Sanford Sketch Pad, Blue",Office Supplies,Art
7523,OFF-SU-10004650,"Acme Scissors, High Speed",Office Supplies,Supplies
7524,OFF-PA-10002787,Xerox 227,Office Supplies,Paper
7525,OFF-LA-10000767,"Hon Legal Exhibit Labels, Laser Printer Compatible",Office Supplies,Labels
7526,OFF-EN-10000315,"Jiffy Business Envelopes, Security-Tint",Office Supplies,Envelopes
7527,OFF-AR-10002255,Newell 346,Office Supplies,Art
7528,FUR-BO-10000699,"Sauder 3-Shelf Cabinet, Traditional",Furniture,Bookcases
7529,FUR-CH-10002782,"Office Star Executive Leather Armchair, Adjustable",Furniture,Chairs
7530,FUR-TA-10000486,"Barricks Wood Table, Adjustable Height",Furniture,Tables
7531,TEC-CO-10001726,"HP Fax and Copier, High-Speed",Technology,Copiers
7532,OFF-AP-10000490,"Hamilton Beach Coffee Grinder, Silver",Office Supplies,Appliances
7533,FUR-BUS-10000984,"Bush 3-Shelf Cabinet, Traditional",Furniture,Bookcases
7534,OFF-BI-10002412,Wilson Jones Snap Scratch Pad Binder Tool for Ring Binders,Office Supplies,Binders
7535,OFF-KLE-10004771,"Kleencut Shears, Serrated",Office Supplies,Supplies
7536,OFF-KRA-10004624,"Kraft Peel and Seal, Set of 50",Office Supplies,Envelopes
7537,OFF-STO-10004496,"Stockwell Push Pins, Bulk Pack",Office Supplies,Fasteners
7538,OFF-AR-10000203,Newell 336,Office Supplies,Art
7539,TEC-MA-10004502,"Epson Inkjet, Wireless",Technology,Machines
7540,TEC-CO-10004998,"HP Fax and Copier, Color",Technology,Copiers
7541,TEC-MA-10004814,"Panasonic Inkjet, White",Technology,Machines
7542,OFF-PA-10004444,"SanDisk Note Cards, Premium",Office Supplies,Paper
7543,OFF-FA-10001330,"OIC Rubber Bands, Bulk Pack",Office Supplies,Fasteners
7544,FUR-FU-10001393,"Deflect-O Stacking Tray, Erganomic",Furniture,Furnishings
7545,TEC-PH-10001457,"Apple Smart Phone, Full Size",Technology,Phones
7546,OFF-FEL-10001776,"Fellowes File Cart, Single Width",Office Supplies,Storage
7547,FUR-HON-10003533,"Hon Executive Leather Armchair, Adjustable",Furniture,Chairs
7548,OFF-ENE-10004377,"Enermax Note Cards, 8.5 x 11",Office Supplies,Paper
7549,TEC-CAN-10004214,"Canon Fax and Copier, Color",Technology,Copiers
7550,TEC-HP -10004082,"HP Fax and Copier, Digital",Technology,Copiers
7551,TEC-SAN-10001899,"SanDisk Keyboard, Erganomic",Technology,Accessories
7552,OFF-STO-10001310,"Stockwell Rubber Bands, Bulk Pack",Office Supplies,Fasteners
7553,OFF-EN-10001882,"Jiffy Manila Envelope, with clear poly window",Office Supplies,Envelopes
7554,OFF-HAR-10000681,"Harbour Creations Legal Exhibit Labels, 5000 Label Set",Office Supplies,Labels
7555,OFF-AP-10002537,"Hamilton Beach Microwave, Red",Office Supplies,Appliances
7556,FUR-BO-10003893,Sauder Camden County Collection Library,Furniture,Bookcases
7557,TEC-PH-10004732,"Cisco Office Telephone, Cordless",Technology,Phones
7558,TEC-BEL-10002476,"Belkin Router, Bluetooth",Technology,Accessories
7559,TEC-CO-10002962,"Sharp Wireless Fax, Color",Technology,Copiers
7560,OFF-PA-10000157,Xerox 191,Office Supplies,Paper
7561,OFF-LA-10001019,"Avery Color Coded Labels, Laser Printer Compatible",Office Supplies,Labels
7562,TEC-LOG-10001434,"Logitech Keyboard, USB",Technology,Accessories
7563,OFF-EN-10003231,"Jiffy Business Envelopes, Set of 50",Office Supplies,Envelopes
7564,OFF-PA-10000277,"SanDisk Computer Printout Paper, Premium",Office Supplies,Paper
7565,OFF-AR-10003602,"Quartet Omega Colored Chalk, 12/Pack",Office Supplies,Art
7566,OFF-SU-10001935,Staples,Office Supplies,Supplies
7567,FUR-TA-10001228,"Bevis Training Table, Rectangular",Furniture,Tables
7568,TEC-MA-10001308,"Okidata Printer, Durable",Technology,Machines
7569,FUR-CH-10004920,"Office Star Chairmat, Red",Furniture,Chairs
7570,TEC-SAN-10000060,"SanDisk Mouse, Bluetooth",Technology,Accessories
7571,FUR-SAF-10000565,"SAFCO Bag Chairs, Adjustable",Furniture,Chairs
7572,TEC-PAN-10002583,"Panasonic Calculator, Wireless",Technology,Machines
7573,OFF-FA-10003464,"Stockwell Rubber Bands, 12 Pack",Office Supplies,Fasteners
7574,OFF-PA-10000863,"Enermax Parchment Paper, Recycled",Office Supplies,Paper
7575,FUR-ADV-10001855,"Advantus Stacking Tray, Durable",Furniture,Furnishings
7576,TEC-CO-10002911,"Hewlett Wireless Fax, Laser",Technology,Copiers
7577,TEC-PH-10002070,"Apple Headset, with Caller ID",Technology,Phones
7578,FUR-TA-10004342,"Chromcraft Round Table, with Bottom Storage",Furniture,Tables
7579,TEC-AC-10003518,"Logitech Router, USB",Technology,Accessories
7580,OFF-SU-10001690,"Kleencut Box Cutter, Steel",Office Supplies,Supplies
7581,OFF-SU-10001808,"Elite Shears, High Speed",Office Supplies,Supplies
7582,OFF-LA-10002364,"Smead Shipping Labels, Alphabetical",Office Supplies,Labels
7583,OFF-BI-10002329,"Avery 3-Hole Punch, Durable",Office Supplies,Binders
7584,OFF-PA-10002499,Xerox 1890,Office Supplies,Paper
7585,OFF-FA-10003257,"Accos Thumb Tacks, 12 Pack",Office Supplies,Fasteners
7586,FUR-HAR-10000870,"Harbour Creations Bag Chairs, Black",Furniture,Chairs
7587,OFF-SU-10004231,Acme Tagit Stainless Steel Antibacterial Scissors,Office Supplies,Supplies
7588,OFF-PA-10000809,Xerox 206,Office Supplies,Paper
7589,OFF-LA-10003190,Avery 474,Office Supplies,Labels
7590,OFF-AP-10000003,"KitchenAid Refrigerator, White",Office Supplies,Appliances
7591,FUR-BO-10002812,"Sauder 3-Shelf Cabinet, Pine",Furniture,Bookcases
7592,TEC-AC-10003506,"Enermax Router, Erganomic",Technology,Accessories
7593,OFF-ST-10002530,"Rogers Lockers, Single Width",Office Supplies,Storage
7594,FUR-BO-10002926,"Bush Stackable Bookrack, Mobile",Furniture,Bookcases
7595,TEC-OKI-10003433,"Okidata Card Printer, Wireless",Technology,Machines
7596,OFF-BI-10000308,"Cardinal Binder Covers, Durable",Office Supplies,Binders
7597,OFF-HAM-10004805,"Hamilton Beach Coffee Grinder, White",Office Supplies,Appliances
7598,OFF-PA-10000850,"SanDisk Parchment Paper, Multicolor",Office Supplies,Paper
7599,FUR-FU-10003276,"Rubbermaid Light Bulb, Durable",Furniture,Furnishings
7600,TEC-PH-10000923,"Belkin SportFit Armband For iPhone 5s/5c, Fuchsia",Technology,Phones
7601,OFF-LA-10001865,"Avery Round Labels, 5000 Label Set",Office Supplies,Labels
7602,OFF-AP-10002625,"Cuisinart Microwave, Black",Office Supplies,Appliances
7603,OFF-SU-10002189,"Fiskars Shears, Easy Grip",Office Supplies,Supplies
7604,TEC-AC-10001696,"Belkin Flash Drive, Erganomic",Technology,Accessories
7605,FUR-FU-10002240,Nu-Dell EZ-Mount Plastic Wall Frames,Furniture,Furnishings
7606,FUR-BO-10000214,"Ikea Library with Doors, Pine",Furniture,Bookcases
7607,FUR-FU-10000776,"Deflect-O Door Stop, Erganomic",Furniture,Furnishings
7608,OFF-EN-10004053,"GlobeWeis Manila Envelope, with clear poly window",Office Supplies,Envelopes
7609,FUR-BO-10000961,"Bush Stackable Bookrack, Pine",Furniture,Bookcases
7610,TEC-STA-10003330,"StarTech Printer, Red",Technology,Machines
7611,TEC-MA-10004929,"Panasonic Printer, White",Technology,Machines
7612,TEC-MA-10003553,"Epson Printer, Red",Technology,Machines
7613,TEC-PH-10001087,"Apple Signal Booster, Cordless",Technology,Phones
7614,FUR-TEN-10003871,"Tenex Frame, Durable",Furniture,Furnishings
7615,OFF-EN-10000139,"Kraft Interoffice Envelope, Set of 50",Office Supplies,Envelopes
7616,OFF-SU-10001086,"Fiskars Scissors, Easy Grip",Office Supplies,Supplies
7617,FUR-FU-10001495,"Eldon Door Stop, Durable",Furniture,Furnishings
7618,TEC-PH-10004272,"Nokia Headset, Cordless",Technology,Phones
7619,OFF-PA-10004151,"SanDisk Note Cards, Multicolor",Office Supplies,Paper
7620,OFF-KLE-10004673,"Kleencut Box Cutter, Serrated",Office Supplies,Supplies
7621,OFF-EN-10002985,"Cameo Peel and Seal, Recycled",Office Supplies,Envelopes
7622,OFF-ACC-10003265,"Accos Rubber Bands, Bulk Pack",Office Supplies,Fasteners
7623,OFF-FA-10000805,"Accos Staples, 12 Pack",Office Supplies,Fasteners
7624,OFF-SU-10001218,Fiskars Softgrip Scissors,Office Supplies,Supplies
7625,OFF-BI-10003985,"Cardinal Index Tab, Economy",Office Supplies,Binders
7626,OFF-LA-10000134,Avery 511,Office Supplies,Labels
7627,FUR-BO-10002866,"Safco Classic Bookcase, Pine",Furniture,Bookcases
7628,TEC-PH-10004450,"Cisco Office Telephone, Full Size",Technology,Phones
7629,FUR-BO-10002204,"Bush Corner Shelving, Traditional",Furniture,Bookcases
7630,OFF-LA-10000793,"Harbour Creations Removable Labels, Laser Printer Compatible",Office Supplies,Labels
7631,TEC-MEM-10004014,"Memorex Router, Bluetooth",Technology,Accessories
7632,TEC-LOG-10000546,"Logitech Mouse, Bluetooth",Technology,Accessories
7633,OFF-AR-10000091,"BIC Markers, Fluorescent",Office Supplies,Art
7634,OFF-ELI-10001904,"Elite Letter Opener, Steel",Office Supplies,Supplies
7635,OFF-AP-10001099,"Hoover Stove, Black",Office Supplies,Appliances
7636,FUR-BO-10001256,"Ikea Corner Shelving, Pine",Furniture,Bookcases
7637,TEC-AC-10002289,"SanDisk Numeric Keypad, Erganomic",Technology,Accessories
7638,TEC-AC-10004508,"SanDisk Numeric Keypad, Bluetooth",Technology,Accessories
7639,TEC-AC-10002883,"Belkin Flash Drive, USB",Technology,Accessories
7640,OFF-EN-10000122,"Ames Business Envelopes, Recycled",Office Supplies,Envelopes
7641,OFF-AP-10001587,"Hamilton Beach Coffee Grinder, Silver",Office Supplies,Appliances
7642,OFF-FA-10004997,"Accos Paper Clips, Bulk Pack",Office Supplies,Fasteners
7643,FUR-TA-10002467,"Lesro Conference Table, Adjustable Height",Furniture,Tables
7644,OFF-EN-10002065,"Ames Clasp Envelope, Set of 50",Office Supplies,Envelopes
7645,OFF-FA-10002991,"Stockwell Thumb Tacks, Bulk Pack",Office Supplies,Fasteners
7646,TEC-MA-10000597,Lexmark S315 Color Inkjet Printer,Technology,Machines
7647,OFF-AP-10000043,"Cuisinart Toaster, Silver",Office Supplies,Appliances
7648,TEC-AC-10004054,"Memorex Memory Card, Erganomic",Technology,Accessories
7649,TEC-CO-10003702,"Brother Ink, Digital",Technology,Copiers
7650,FUR-BUS-10003055,"Bush Stackable Bookrack, Pine",Furniture,Bookcases
7651,OFF-AP-10003758,"Hamilton Beach Blender, White",Office Supplies,Appliances
7652,FUR-FU-10001130,"Rubbermaid Stacking Tray, Erganomic",Furniture,Furnishings
7653,OFF-FA-10001052,"Stockwell Paper Clips, Assorted Sizes",Office Supplies,Fasteners
7654,OFF-ACM-10000671,"Acme Ruler, Steel",Office Supplies,Supplies
7655,FUR-TEN-10000325,"Tenex Light Bulb, Erganomic",Furniture,Furnishings
7656,OFF-STO-10000631,"Stockwell Push Pins, Assorted Sizes",Office Supplies,Fasteners
7657,OFF-SAN-10004618,"SanDisk Memo Slips, Recycled",Office Supplies,Paper
7658,OFF-LA-10003084,"Avery File Folder Labels, Alphabetical",Office Supplies,Labels
7659,FUR-BO-10000155,"Dania Corner Shelving, Metal",Furniture,Bookcases
7660,TEC-MA-10000331,"Okidata Printer, White",Technology,Machines
7661,FUR-SAF-10000213,"Safco Classic Bookcase, Mobile",Furniture,Bookcases
7662,FUR-CH-10000603,"Hon Bag Chairs, Red",Furniture,Chairs
7663,OFF-EN-10001627,"Cameo Interoffice Envelope, with clear poly window",Office Supplies,Envelopes
7664,OFF-BI-10001510,Deluxe Heavy-Duty Vinyl Round Ring Binder,Office Supplies,Binders
7665,FUR-FU-10004995,"Deflect-O Light Bulb, Durable",Furniture,Furnishings
7666,OFF-KIT-10001609,"KitchenAid Coffee Grinder, Red",Office Supplies,Appliances
7667,OFF-BI-10001922,Storex Dura Pro Binders,Office Supplies,Binders
7668,TEC-HP -10004971,"HP Wireless Fax, Color",Technology,Copiers
7669,TEC-AC-10003103,"SanDisk Keyboard, Erganomic",Technology,Accessories
7670,TEC-PH-10004241,"Cisco Headset, Cordless",Technology,Phones
7671,TEC-MA-10004486,"StarTech Phone, Red",Technology,Machines
7672,FUR-DAN-10001584,"Dania Stackable Bookrack, Pine",Furniture,Bookcases
7673,TEC-PH-10003215,"Samsung Headset, Full Size",Technology,Phones
7674,FUR-SAF-10000678,"Safco Floating Shelf Set, Mobile",Furniture,Bookcases
7675,OFF-AP-10003800,"Cuisinart Coffee Grinder, White",Office Supplies,Appliances
7676,OFF-ST-10001325,Sterilite Officeware Hinged File Box,Office Supplies,Storage
7677,OFF-EN-10002700,"Ames Business Envelopes, Recycled",Office Supplies,Envelopes
7678,OFF-LA-10001738,"Novimex Color Coded Labels, Alphabetical",Office Supplies,Labels
7679,FUR-LES-10004886,"Lesro Conference Table, Fully Assembled",Furniture,Tables
7680,TEC-CO-10002197,"Hewlett Fax and Copier, High-Speed",Technology,Copiers
7681,TEC-AC-10002049,Logitech G19 Programmable Gaming Keyboard,Technology,Accessories
7682,OFF-PA-10001970,Xerox 1908,Office Supplies,Paper
7683,FUR-FU-10004422,"Advantus Photo Frame, Erganomic",Furniture,Furnishings
7684,FUR-SAF-10003160,"SAFCO Rocking Chair, Adjustable",Furniture,Chairs
7685,FUR-CH-10000430,"SAFCO Rocking Chair, Set of Two",Furniture,Chairs
7686,TEC-PAN-10004360,"Panasonic Calculator, White",Technology,Machines
7687,FUR-SAU-10003203,"Sauder 3-Shelf Cabinet, Mobile",Furniture,Bookcases
7688,OFF-EN-10002048,"Ames Manila Envelope, Set of 50",Office Supplies,Envelopes
7689,OFF-EN-10000788,"Jiffy Manila Envelope, Security-Tint",Office Supplies,Envelopes
7690,OFF-EN-10002961,"Kraft Clasp Envelope, Security-Tint",Office Supplies,Envelopes
7691,OFF-LA-10003515,"Novimex Color Coded Labels, Laser Printer Compatible",Office Supplies,Labels
7692,OFF-FA-10002890,"Accos Staples, Bulk Pack",Office Supplies,Fasteners
7693,OFF-LA-10002980,"Harbour Creations Shipping Labels, Alphabetical",Office Supplies,Labels
7694,FUR-TA-10000962,"Hon Conference Table, Adjustable Height",Furniture,Tables
7695,FUR-BO-10002680,"Sauder 3-Shelf Cabinet, Traditional",Furniture,Bookcases
7696,OFF-ENE-10004132,"Enermax Computer Printout Paper, 8.5 x 11",Office Supplies,Paper
7697,OFF-AR-10003683,"Boston Sketch Pad, Fluorescent",Office Supplies,Art
7698,TEC-APP-10001340,"Apple Headset, VoIP",Technology,Phones
7699,TEC-SHA-10000052,"Sharp Copy Machine, Color",Technology,Copiers
7700,FUR-FU-10000820,Tensor Brushed Steel Torchiere Floor Lamp,Furniture,Furnishings
7701,OFF-WIL-10001495,"Wilson Jones Index Tab, Recycled",Office Supplies,Binders
7702,OFF-SU-10001500,"Kleencut Box Cutter, Serrated",Office Supplies,Supplies
7703,OFF-SAN-10003318,"SanDisk Memo Slips, Premium",Office Supplies,Paper
7704,FUR-CH-10001332,"Office Star Executive Leather Armchair, Red",Furniture,Chairs
7705,FUR-IKE-10001301,"Ikea Stackable Bookrack, Pine",Furniture,Bookcases
7706,TEC-AC-10004704,"Logitech Numeric Keypad, Bluetooth",Technology,Accessories
7707,TEC-MA-10001607,"Konica Phone, Durable",Technology,Machines
7708,FUR-NOV-10003257,"Novimex Chairmat, Adjustable",Furniture,Chairs
7709,FUR-FU-10004748,"Howard Miller 16"" Diameter Gallery Wall Clock",Furniture,Furnishings
7710,TEC-SAN-10000250,"SanDisk Memory Card, USB",Technology,Accessories
7711,OFF-LA-10003217,"Smead File Folder Labels, Laser Printer Compatible",Office Supplies,Labels
7712,TEC-SHA-10000306,"Sharp Copy Machine, Color",Technology,Copiers
7713,OFF-LA-10004761,"Avery File Folder Labels, Adjustable",Office Supplies,Labels
7714,FUR-FU-10003910,"Rubbermaid Stacking Tray, Durable",Furniture,Furnishings
7715,OFF-BI-10003166,GBC Plasticlear Binding Covers,Office Supplies,Binders
7716,OFF-SME-10001800,"Smead Shipping Labels, Laser Printer Compatible",Office Supplies,Labels
7717,FUR-BO-10000596,"Sauder Classic Bookcase, Mobile",Furniture,Bookcases
7718,TEC-CO-10001795,"Sharp Personal Copier, High-Speed",Technology,Copiers
7719,TEC-MA-10001360,"Okidata Receipt Printer, White",Technology,Machines
7720,TEC-MA-10003461,"Epson Calculator, Red",Technology,Machines
7721,OFF-EN-10004849,"Cameo Mailers, Security-Tint",Office Supplies,Envelopes
7722,TEC-MA-10002195,"Epson Receipt Printer, Red",Technology,Machines
7723,TEC-MA-10002029,"StarTech Receipt Printer, Durable",Technology,Machines
7724,TEC-AC-10002305,KeyTronic E03601U1 - Keyboard - Beige,Technology,Accessories
7725,OFF-BIC-10001458,"BIC Highlighters, Fluorescent",Office Supplies,Art
7726,FUR-TA-10003837,Anderson Hickey Conga Table Tops & Accessories,Furniture,Tables
7727,OFF-BI-10004781,GBC Wire Binding Strips,Office Supplies,Binders
7728,OFF-BI-10001324,"Ibico Hole Reinforcements, Clear",Office Supplies,Binders
7729,TEC-CO-10003570,"Sharp Wireless Fax, High-Speed",Technology,Copiers
7730,FUR-BO-10002109,"Safco Stackable Bookrack, Pine",Furniture,Bookcases
7731,FUR-TA-10001726,"Bevis Conference Table, with Bottom Storage",Furniture,Tables
7732,OFF-AP-10000304,"Breville Stove, Red",Office Supplies,Appliances
7733,OFF-AP-10003956,"Hoover Toaster, Red",Office Supplies,Appliances
7734,OFF-AP-10000975,"KitchenAid Stove, Black",Office Supplies,Appliances
7735,FUR-CHR-10001570,"Chromcraft Conference Table, Rectangular",Furniture,Tables
7736,FUR-BO-10000980,"Bush Library with Doors, Traditional",Furniture,Bookcases
7737,OFF-AP-10000213,"Cuisinart Refrigerator, Black",Office Supplies,Appliances
7738,OFF-ST-10003994,"Belkin 19"" Center-Weighted Shelf, Gray",Office Supplies,Storage
7739,OFF-PA-10003586,"Eaton Computer Printout Paper, Premium",Office Supplies,Paper
7740,TEC-AC-10002204,"Belkin Flash Drive, Erganomic",Technology,Accessories
7741,OFF-XER-10002848,"Xerox Message Books, Multicolor",Office Supplies,Paper
7742,OFF-AR-10000817,Manco Dry-Lighter Erasable Highlighter,Office Supplies,Art
7743,OFF-PA-10001223,"SanDisk Cards & Envelopes, Premium",Office Supplies,Paper
7744,OFF-AR-10004648,Boston 19500 Mighty Mite Electric Pencil Sharpener,Office Supplies,Art
7745,FUR-RUB-10002817,"Rubbermaid Door Stop, Durable",Furniture,Furnishings
7746,OFF-AR-10003291,"BIC Canvas, Fluorescent",Office Supplies,Art
7747,OFF-EN-10004935,"Cameo Clasp Envelope, with clear poly window",Office Supplies,Envelopes
7748,FUR-FU-10000073,Deflect-O Glasstique Clear Desk Accessories,Furniture,Furnishings
7749,OFF-LA-10000414,Avery 503,Office Supplies,Labels
7750,OFF-JIF-10002454,"Jiffy Manila Envelope, Recycled",Office Supplies,Envelopes
7751,TEC-AC-10001998,Logitech LS21 Speaker System - PC Multimedia - 2.1-CH - Wired,Technology,Accessories
7752,OFF-PA-10000556,Xerox 208,Office Supplies,Paper
7753,OFF-SU-10004497,"Elite Scissors, Serrated",Office Supplies,Supplies
7754,FUR-CH-10002344,"Novimex Rocking Chair, Adjustable",Furniture,Chairs
7755,TEC-CO-10000971,Hewlett Packard 310 Color Digital Copier,Technology,Copiers
7756,TEC-AC-10000336,"Enermax Mouse, Bluetooth",Technology,Accessories
7757,TEC-OKI-10002752,"Okidata Phone, Wireless",Technology,Machines
7758,FUR-CH-10000690,"Novimex Bag Chairs, Black",Furniture,Chairs
7759,FUR-FU-10001255,"Advantus Light Bulb, Durable",Furniture,Furnishings
7760,TEC-ENE-10003090,"Enermax Memory Card, Programmable",Technology,Accessories
7761,OFF-PA-10002464,HP Office Recycled Paper (20Lb. and 87 Bright),Office Supplies,Paper
7762,OFF-PA-10004501,"SanDisk Memo Slips, Multicolor",Office Supplies,Paper
7763,OFF-PA-10000994,Xerox 1915,Office Supplies,Paper
7764,TEC-PH-10002742,"Motorola Audio Dock, Cordless",Technology,Phones
7765,OFF-SU-10000573,"Acme Ruler, High Speed",Office Supplies,Supplies
7766,OFF-BI-10000014,Heavy-Duty E-Z-D Binders,Office Supplies,Binders
7767,FUR-TA-10000299,"Lesro Round Table, Adjustable Height",Furniture,Tables
7768,OFF-ST-10004374,"Smead File Cart, Single Width",Office Supplies,Storage
7769,TEC-AC-10003626,"Enermax Numeric Keypad, Bluetooth",Technology,Accessories
7770,FUR-TA-10002979,"Bevis Coffee Table, Rectangular",Furniture,Tables
7771,OFF-SU-10004873,"Fiskars Box Cutter, Easy Grip",Office Supplies,Supplies
7772,OFF-EN-10000507,"GlobeWeis Peel and Seal, Set of 50",Office Supplies,Envelopes
7773,OFF-FA-10002526,"Accos Staples, 12 Pack",Office Supplies,Fasteners
7774,TEC-MOT-10001088,"Motorola Audio Dock, VoIP",Technology,Phones
7775,TEC-AC-10003969,"SanDisk Memory Card, USB",Technology,Accessories
7776,TEC-CAN-10001437,"Canon Wireless Fax, Laser",Technology,Copiers
7777,TEC-AC-10000170,"Memorex Keyboard, Programmable",Technology,Accessories
7778,OFF-LA-10004749,"Novimex Removable Labels, Adjustable",Office Supplies,Labels
7779,OFF-WIL-10001801,"Wilson Jones 3-Hole Punch, Economy",Office Supplies,Binders
7780,TEC-PH-10003187,Anker Astro Mini 3000mAh Ultra-Compact Portable Charger,Technology,Phones
7781,OFF-LA-10002183,"Novimex Legal Exhibit Labels, Alphabetical",Office Supplies,Labels
7782,FUR-BO-10004834,"Riverside Palais Royal Lawyers Bookcase, Royale Cherry Finish",Furniture,Bookcases
7783,OFF-AP-10000540,"Hamilton Beach Refrigerator, Red",Office Supplies,Appliances
7784,TEC-MA-10003478,"StarTech Receipt Printer, Durable",Technology,Machines
7785,OFF-BI-10004448,"Ibico Binder, Clear",Office Supplies,Binders
7786,FUR-FU-10003535,Howard Miller Distant Time Traveler Alarm Clock,Furniture,Furnishings
7787,OFF-CAM-10002625,"Cameo Peel and Seal, with clear poly window",Office Supplies,Envelopes
7788,OFF-AR-10004012,"Sanford Highlighters, Blue",Office Supplies,Art
7789,OFF-HAR-10001531,"Harbour Creations Removable Labels, Adjustable",Office Supplies,Labels
7790,FUR-TA-10002041,"Lesro Computer Table, Fully Assembled",Furniture,Tables
7791,TEC-MOT-10003050,"Motorola Smart Phone, Cordless",Technology,Phones
7792,FUR-SAU-10004221,"Sauder Corner Shelving, Mobile",Furniture,Bookcases
7793,TEC-AC-10003063,"Belkin Router, Bluetooth",Technology,Accessories
7794,OFF-PA-10000976,"Green Bar Cards & Envelopes, Premium",Office Supplies,Paper
7795,OFF-EN-10004742,"Kraft Interoffice Envelope, Recycled",Office Supplies,Envelopes
7796,OFF-XER-10002982,"Xerox Memo Slips, 8.5 x 11",Office Supplies,Paper
7797,OFF-ST-10000948,"Fellowes Box, Blue",Office Supplies,Storage
7798,OFF-PA-10001450,Rediform S.O.S. Phone Message Books,Office Supplies,Paper
7799,OFF-BOS-10002041,"Boston Highlighters, Water Color",Office Supplies,Art
7800,OFF-SU-10004782,"Elite 5"" Scissors",Office Supplies,Supplies
7801,OFF-SU-10003126,"Acme Shears, Serrated",Office Supplies,Supplies
7802,TEC-AC-10000682,Kensington K72356US Mouse-in-a-Box USB Desktop Mouse,Technology,Accessories
7803,OFF-PA-10003499,"Xerox Parchment Paper, 8.5 x 11",Office Supplies,Paper
7804,OFF-ADV-10001124,"Advantus Clamps, 12 Pack",Office Supplies,Fasteners
7805,OFF-AR-10001972,Newell 323,Office Supplies,Art
7806,OFF-AP-10004464,"Cuisinart Stove, White",Office Supplies,Appliances
7807,FUR-BO-10003738,"Dania Library with Doors, Mobile",Furniture,Bookcases
7808,OFF-ELI-10002935,"Elite Shears, High Speed",Office Supplies,Supplies
7809,OFF-AR-10002824,"Sanford Markers, Water Color",Office Supplies,Art
7810,OFF-FA-10001711,"Accos Rubber Bands, 12 Pack",Office Supplies,Fasteners
7811,FUR-CH-10002247,"Hon Executive Leather Armchair, Adjustable",Furniture,Chairs
7812,FUR-FU-10001142,"Deflect-O Clock, Black",Furniture,Furnishings
7813,FUR-FU-10002751,"Advantus Photo Frame, Durable",Furniture,Furnishings
7814,OFF-BI-10002437,Recycled Premium Regency Composition Covers,Office Supplies,Binders
7815,FUR-DEF-10001763,"Deflect-O Door Stop, Durable",Furniture,Furnishings
7816,OFF-SU-10000150,"Stiletto Ruler, Steel",Office Supplies,Supplies
7817,OFF-LA-10001402,"Smead Color Coded Labels, 5000 Label Set",Office Supplies,Labels
7818,OFF-FA-10003604,"Stockwell Paper Clips, Assorted Sizes",Office Supplies,Fasteners
7819,TEC-CAN-10001853,"Canon Fax Machine, High-Speed",Technology,Copiers
7820,OFF-PA-10003303,"Xerox Computer Printout Paper, Multicolor",Office Supplies,Paper
7821,FUR-FU-10004955,"Tenex Door Stop, Durable",Furniture,Furnishings
7822,OFF-SU-10000062,"Stiletto Scissors, High Speed",Office Supplies,Supplies
7823,OFF-ST-10000485,"Fellowes Folders, Single Width",Office Supplies,Storage
7824,TEC-PH-10001071,"Nokia Headset, Full Size",Technology,Phones
7825,OFF-PA-10001722,"SanDisk Message Books, Premium",Office Supplies,Paper
7826,TEC-AC-10004562,"Enermax Flash Drive, Programmable",Technology,Accessories
7827,OFF-ST-10000650,"Rogers Box, Industrial",Office Supplies,Storage
7828,OFF-FA-10001680,"OIC Push Pins, Metal",Office Supplies,Fasteners
7829,OFF-PA-10001801,Xerox 193,Office Supplies,Paper
7830,OFF-IBI-10003732,"Ibico Hole Reinforcements, Durable",Office Supplies,Binders
7831,OFF-AR-10003978,"Binney & Smith Sketch Pad, Easy-Erase",Office Supplies,Art
7832,OFF-EAT-10004036,"Eaton Parchment Paper, Premium",Office Supplies,Paper
7833,OFF-JIF-10002275,"Jiffy Clasp Envelope, with clear poly window",Office Supplies,Envelopes
7834,OFF-LA-10003714,Avery 510,Office Supplies,Labels
7835,TEC-MA-10003625,"Panasonic Inkjet, White",Technology,Machines
7836,TEC-CO-10003346,"Brother Wireless Fax, Digital",Technology,Copiers
7837,TEC-PH-10004120,AT&T 1080 Phone,Technology,Phones
7838,FUR-TA-10003157,"Hon Coffee Table, with Bottom Storage",Furniture,Tables
7839,TEC-MA-10001279,"Panasonic Calculator, Wireless",Technology,Machines
7840,FUR-CH-10001897,"Hon Executive Leather Armchair, Adjustable",Furniture,Chairs
7841,OFF-PA-10003424,"Enermax Computer Printout Paper, 8.5 x 11",Office Supplies,Paper
7842,TEC-AC-10002363,"Logitech Keyboard, USB",Technology,Accessories
7843,OFF-EN-10002710,"GlobeWeis Interoffice Envelope, with clear poly window",Office Supplies,Envelopes
7844,FUR-CH-10002030,"Office Star Swivel Stool, Red",Furniture,Chairs
7845,OFF-EN-10002406,"Kraft Business Envelopes, Recycled",Office Supplies,Envelopes
7846,OFF-EN-10003055,"Blue String-Tie & Button Interoffice Envelopes, 10 x 13",Office Supplies,Envelopes
7847,OFF-SU-10001133,"Acme Box Cutter, Steel",Office Supplies,Supplies
7848,OFF-EN-10003068,#6 3/4 Gummed Flap White Envelopes,Office Supplies,Envelopes
7849,TEC-MA-10004997,"Konica Receipt Printer, Red",Technology,Machines
7850,TEC-CO-10000178,"Hewlett Ink, Laser",Technology,Copiers
7851,FUR-HAR-10002546,"Harbour Creations Chairmat, Black",Furniture,Chairs
7852,FUR-CH-10001545,Hon Comfortask Task/Swivel Chairs,Furniture,Chairs
7853,FUR-IKE-10004815,"Ikea Stackable Bookrack, Mobile",Furniture,Bookcases
7854,TEC-EPS-10003277,"Epson Printer, White",Technology,Machines
7855,OFF-LA-10004108,"Avery Round Labels, 5000 Label Set",Office Supplies,Labels
7856,OFF-XER-10000482,"Xerox Note Cards, Multicolor",Office Supplies,Paper
7857,OFF-FA-10004586,"Stockwell Staples, 12 Pack",Office Supplies,Fasteners
7858,TEC-CO-10000051,"Sharp Wireless Fax, Color",Technology,Copiers
7859,TEC-MA-10000605,"Epson Card Printer, Wireless",Technology,Machines
7860,FUR-CH-10002316,"Harbour Creations Bag Chairs, Red",Furniture,Chairs
7861,FUR-FU-10001764,"Deflect-O Clock, Black",Furniture,Furnishings
7862,TEC-PH-10004251,"Nokia Audio Dock, Full Size",Technology,Phones
7863,OFF-PA-10004673,"Eaton Note Cards, Multicolor",Office Supplies,Paper
7864,TEC-AC-10001956,Microsoft Arc Touch Mouse,Technology,Accessories
7865,OFF-SU-10000256,"Acme Scissors, Steel",Office Supplies,Supplies
7866,OFF-BI-10000778,GBC VeloBinder Electric Binding Machine,Office Supplies,Binders
7867,OFF-HON-10004621,"Hon Color Coded Labels, Adjustable",Office Supplies,Labels
7868,OFF-BI-10004654,"Ibico 3-Hole Punch, Economy",Office Supplies,Binders
7869,OFF-BI-10004967,Round Ring Binders,Office Supplies,Binders
7870,TEC-PH-10004554,"Samsung Audio Dock, VoIP",Technology,Phones
7871,OFF-EN-10000142,"Ames Business Envelopes, Security-Tint",Office Supplies,Envelopes
7872,OFF-LA-10001541,"Avery Removable Labels, 5000 Label Set",Office Supplies,Labels
7873,OFF-PA-10003172,Xerox 1996,Office Supplies,Paper
7874,TEC-MOT-10000851,"Motorola Headset, with Caller ID",Technology,Phones
7875,TEC-CO-10000082,"Canon Fax and Copier, Digital",Technology,Copiers
7876,OFF-AP-10002082,Holmes HEPA Air Purifier,Office Supplies,Appliances
7877,OFF-PA-10001686,"SanDisk Memo Slips, Premium",Office Supplies,Paper
7878,TEC-AC-10004557,"Logitech Mouse, USB",Technology,Accessories
7879,OFF-SU-10000776,"Elite Letter Opener, Steel",Office Supplies,Supplies
7880,OFF-LA-10001833,"Hon Shipping Labels, Alphabetical",Office Supplies,Labels
7881,OFF-SU-10004884,Acme Galleria Hot Forged Steel Scissors with Colored Handles,Office Supplies,Supplies
7882,TEC-PH-10003555,Motorola HK250 Universal Bluetooth Headset,Technology,Phones
7883,TEC-MA-10003990,"Panasonic Card Printer, White",Technology,Machines
7884,OFF-LA-10004239,"Smead Color Coded Labels, Adjustable",Office Supplies,Labels
7885,OFF-LA-10000970,"Harbour Creations Removable Labels, 5000 Label Set",Office Supplies,Labels
7886,TEC-MA-10001142,"Epson Card Printer, Wireless",Technology,Machines
7887,OFF-ST-10001173,"Eldon Trays, Industrial",Office Supplies,Storage
7888,TEC-PH-10002780,"Motorola Smart Phone, Cordless",Technology,Phones
7889,FUR-CH-10001663,"SAFCO Chairmat, Set of Two",Furniture,Chairs
7890,TEC-AC-10004897,"Logitech Keyboard, Programmable",Technology,Accessories
7891,OFF-EN-10002263,"GlobeWeis Interoffice Envelope, with clear poly window",Office Supplies,Envelopes
7892,OFF-FA-10001957,"OIC Push Pins, Bulk Pack",Office Supplies,Fasteners
7893,FUR-FU-10003552,"Tenex Door Stop, Duo Pack",Furniture,Furnishings
7894,OFF-FA-10000191,"Stockwell Rubber Bands, 12 Pack",Office Supplies,Fasteners
7895,FUR-HAR-10000100,"Harbour Creations Swivel Stool, Adjustable",Furniture,Chairs
7896,FUR-FU-10001480,"Advantus Door Stop, Black",Furniture,Furnishings
7897,TEC-AC-10002996,"Enermax Mouse, Erganomic",Technology,Accessories
7898,TEC-CAN-10004697,"Canon Fax and Copier, Digital",Technology,Copiers
7899,OFF-SU-10002715,"Elite Trimmer, High Speed",Office Supplies,Supplies
7900,OFF-FA-10001925,"Advantus Staples, 12 Pack",Office Supplies,Fasteners
7901,OFF-XER-10001429,"Xerox Parchment Paper, Recycled",Office Supplies,Paper
7902,FUR-BO-10004806,"Sauder Classic Bookcase, Metal",Furniture,Bookcases
7903,TEC-PH-10002094,"Nokia Smart Phone, with Caller ID",Technology,Phones
7904,TEC-MA-10001372,"Konica Card Printer, White",Technology,Machines
7905,TEC-AC-10004252,"SanDisk Mouse, Bluetooth",Technology,Accessories
7906,OFF-AR-10004594,"Sanford Canvas, Water Color",Office Supplies,Art
7907,FUR-BO-10000378,"Bush Floating Shelf Set, Pine",Furniture,Bookcases
7908,OFF-PA-10002473,"SanDisk Note Cards, Multicolor",Office Supplies,Paper
7909,TEC-AC-10000057,Microsoft Natural Ergonomic Keyboard 4000,Technology,Accessories
7910,OFF-AP-10002223,"Cuisinart Coffee Grinder, Red",Office Supplies,Appliances
7911,FUR-CH-10001207,"Hon Executive Leather Armchair, Red",Furniture,Chairs
7912,TEC-MA-10004168,"Panasonic Card Printer, Wireless",Technology,Machines
7913,FUR-TA-10003179,"Chromcraft Round Table, Adjustable Height",Furniture,Tables
7914,TEC-HEW-10001558,"Hewlett Personal Copier, High-Speed",Technology,Copiers
7915,OFF-PA-10001293,Xerox 1946,Office Supplies,Paper
7916,OFF-STI-10001136,"Stiletto Letter Opener, Easy Grip",Office Supplies,Supplies
7917,OFF-WIL-10000146,"Wilson Jones Binding Machine, Clear",Office Supplies,Binders
7918,TEC-PH-10000030,"Samsung Smart Phone, with Caller ID",Technology,Phones
7919,FUR-BO-10003881,"Sauder Floating Shelf Set, Mobile",Furniture,Bookcases
7920,TEC-CO-10003410,"Brother Ink, High-Speed",Technology,Copiers
7921,TEC-PH-10001917,"Motorola Speaker Phone, Full Size",Technology,Phones
7922,FUR-BO-10003660,"Bush Cubix Collection Bookcases, Fully Assembled",Furniture,Bookcases
7923,FUR-BO-10000883,"Dania Corner Shelving, Mobile",Furniture,Bookcases
7924,OFF-EN-10000387,"Kraft Clasp Envelope, Recycled",Office Supplies,Envelopes
7925,OFF-EN-10004486,"GlobeWeis Business Envelopes, Security-Tint",Office Supplies,Envelopes
7926,OFF-NOV-10000808,"Novimex Round Labels, Adjustable",Office Supplies,Labels
7927,FUR-TA-10004817,"Lesro Coffee Table, with Bottom Storage",Furniture,Tables
7928,OFF-AR-10001622,"BIC Markers, Easy-Erase",Office Supplies,Art
7929,OFF-AP-10002344,"Hoover Microwave, Silver",Office Supplies,Appliances
7930,OFF-PA-10000694,"Green Bar Message Books, Premium",Office Supplies,Paper
7931,OFF-KIT-10000099,"KitchenAid Refrigerator, Silver",Office Supplies,Appliances
7932,OFF-SU-10001080,"Acme Letter Opener, High Speed",Office Supplies,Supplies
7933,OFF-SU-10000926,"Acme Trimmer, Easy Grip",Office Supplies,Supplies
7934,OFF-AR-10000729,"Stanley Highlighters, Fluorescent",Office Supplies,Art
7935,TEC-AC-10000203,"SanDisk Router, Bluetooth",Technology,Accessories
7936,OFF-CUI-10001990,"Cuisinart Refrigerator, White",Office Supplies,Appliances
7937,OFF-CAR-10004293,"Cardinal Binding Machine, Durable",Office Supplies,Binders
7938,OFF-PA-10002488,"Xerox Message Books, Multicolor",Office Supplies,Paper
7939,TEC-PH-10003875,KLD Oscar II Style Snap-on Ultra Thin Side Flip Synthetic Leather Cover Case for HTC One HTC M7,Technology,Phones
7940,OFF-AR-10001232,"Sanford Canvas, Fluorescent",Office Supplies,Art
7941,OFF-SU-10000130,"Fiskars Ruler, High Speed",Office Supplies,Supplies
7942,OFF-AR-10001752,"Binney & Smith Pens, Blue",Office Supplies,Art
7943,OFF-FA-10001563,"Stockwell Staples, Bulk Pack",Office Supplies,Fasteners
7944,OFF-FA-10000838,"Stockwell Push Pins, Assorted Sizes",Office Supplies,Fasteners
7945,OFF-BI-10001191,"Wilson Jones Hole Reinforcements, Recycled",Office Supplies,Binders
7946,TEC-CO-10000387,"Hewlett Fax Machine, Color",Technology,Copiers
7947,FUR-CH-10003874,"Hon Chairmat, Red",Furniture,Chairs
7948,OFF-PA-10000026,"Eaton Cards & Envelopes, 8.5 x 11",Office Supplies,Paper
7949,OFF-AP-10000615,"KitchenAid Toaster, Silver",Office Supplies,Appliances
7950,FUR-TA-10001433,"Barricks Coffee Table, Adjustable Height",Furniture,Tables
7951,TEC-AC-10002601,"SanDisk Router, Bluetooth",Technology,Accessories
7952,OFF-LA-10000151,"Novimex Round Labels, Laser Printer Compatible",Office Supplies,Labels
7953,TEC-LOG-10004405,"Logitech Router, Bluetooth",Technology,Accessories
7954,FUR-SAF-10003469,"Safco Classic Bookcase, Traditional",Furniture,Bookcases
7955,OFF-AR-10003249,"Sanford Canvas, Easy-Erase",Office Supplies,Art
7956,OFF-FA-10001877,"Accos Thumb Tacks, Bulk Pack",Office Supplies,Fasteners
7957,FUR-FU-10000936,"Eldon Photo Frame, Durable",Furniture,Furnishings
7958,OFF-LA-10000203,"Hon Round Labels, Laser Printer Compatible",Office Supplies,Labels
7959,OFF-AR-10002811,"Stanley Pens, Water Color",Office Supplies,Art
7960,FUR-CH-10000051,"Harbour Creations Executive Leather Armchair, Black",Furniture,Chairs
7961,FUR-BO-10004142,"Safco Classic Bookcase, Traditional",Furniture,Bookcases
7962,OFF-PA-10001351,"Enermax Message Books, Multicolor",Office Supplies,Paper
7963,OFF-LA-10002972,"Avery File Folder Labels, Alphabetical",Office Supplies,Labels
7964,FUR-TA-10002786,"Lesro Computer Table, Fully Assembled",Furniture,Tables
7965,OFF-AP-10000729,"KitchenAid Refrigerator, White",Office Supplies,Appliances
7966,OFF-AP-10000510,"Cuisinart Coffee Grinder, Red",Office Supplies,Appliances
7967,FUR-FU-10000483,"Tenex Clock, Durable",Furniture,Furnishings
7968,TEC-AC-10004975,Plantronics Audio 995 Wireless Stereo Headset,Technology,Accessories
7969,OFF-AR-10000543,"BIC Pencil Sharpener, Fluorescent",Office Supplies,Art
7970,FUR-BO-10001699,"Ikea 3-Shelf Cabinet, Mobile",Furniture,Bookcases
7971,OFF-EN-10002959,"GlobeWeis Mailers, with clear poly window",Office Supplies,Envelopes
7972,OFF-AR-10004362,"Sanford Canvas, Water Color",Office Supplies,Art
7973,TEC-SAN-10002871,"SanDisk Numeric Keypad, USB",Technology,Accessories
7974,OFF-LA-10001469,"Smead File Folder Labels, Laser Printer Compatible",Office Supplies,Labels
7975,OFF-BI-10001819,"Cardinal Binder, Clear",Office Supplies,Binders
7976,TEC-MA-10004857,"Konica Calculator, White",Technology,Machines
7977,OFF-FA-10002782,"Accos Thumb Tacks, Assorted Sizes",Office Supplies,Fasteners
7978,OFF-BI-10002813,Avery Reinforcements for Hole-Punch Pages,Office Supplies,Binders
7979,TEC-APP-10002829,"Apple Audio Dock, Full Size",Technology,Phones
7980,TEC-CO-10001382,"HP Personal Copier, Laser",Technology,Copiers
7981,TEC-MA-10003084,"Okidata Receipt Printer, Red",Technology,Machines
7982,TEC-MA-10003112,"StarTech Phone, Durable",Technology,Machines
7983,OFF-AP-10001322,"Hamilton Beach Stove, Silver",Office Supplies,Appliances
7984,TEC-SAM-10004230,"Samsung Smart Phone, Cordless",Technology,Phones
7985,FUR-BO-10002992,"Dania Library with Doors, Traditional",Furniture,Bookcases
7986,TEC-MA-10004820,"Okidata Card Printer, Wireless",Technology,Machines
7987,FUR-FU-10002614,"Tenex Door Stop, Black",Furniture,Furnishings
7988,OFF-ST-10004296,"Rogers Box, Single Width",Office Supplies,Storage
7989,OFF-LA-10001930,"Hon Removable Labels, Adjustable",Office Supplies,Labels
7990,OFF-LA-10001942,"Novimex Shipping Labels, 5000 Label Set",Office Supplies,Labels
7991,OFF-FA-10000487,"Stockwell Paper Clips, Bulk Pack",Office Supplies,Fasteners
7992,OFF-SU-10001409,"Stiletto Scissors, Serrated",Office Supplies,Supplies
7993,OFF-AR-10000431,"Sanford Pens, Blue",Office Supplies,Art
7994,OFF-AP-10000026,Tripp Lite Isotel 6 Outlet Surge Protector with Fax/Modem Protection,Office Supplies,Appliances
7995,OFF-BI-10004388,"Acco Hole Reinforcements, Clear",Office Supplies,Binders
7996,TEC-AC-10000521,"Verbatim Slim CD and DVD Storage Cases, 50/Pack",Technology,Accessories
7997,OFF-AP-10000275,"Sanyo Counter Height Refrigerator with Crisper, 3.6 Cubic Foot, Stainless Steel/Black",Office Supplies,Appliances
7998,OFF-AP-10004571,"Hoover Stove, Silver",Office Supplies,Appliances
7999,OFF-AP-10003334,"Cuisinart Coffee Grinder, Silver",Office Supplies,Appliances
8000,TEC-PH-10002564,OtterBox Defender Series Case - Samsung Galaxy S4,Technology,Phones
8001,OFF-LA-10004285,"Smead Legal Exhibit Labels, Laser Printer Compatible",Office Supplies,Labels
8002,OFF-LA-10001063,"Novimex Removable Labels, 5000 Label Set",Office Supplies,Labels
8003,OFF-BI-10000404,Avery Printable Repositionable Plastic Tabs,Office Supplies,Binders
8004,FUR-BO-10002740,"Ikea Classic Bookcase, Metal",Furniture,Bookcases
8005,TEC-PH-10004559,"Nokia Speaker Phone, with Caller ID",Technology,Phones
8006,TEC-MA-10000473,"Epson Receipt Printer, Durable",Technology,Machines
8007,FUR-TA-10002411,"Hon Round Table, with Bottom Storage",Furniture,Tables
8008,FUR-FU-10003424,Nu-Dell Oak Frame,Furniture,Furnishings
8009,OFF-LA-10004487,"Harbour Creations Shipping Labels, Alphabetical",Office Supplies,Labels
8010,OFF-SME-10001852,"Smead Removable Labels, Laser Printer Compatible",Office Supplies,Labels
8011,FUR-TA-10000805,"Bevis Wood Table, Adjustable Height",Furniture,Tables
8012,TEC-CO-10004394,"Canon Wireless Fax, Digital",Technology,Copiers
8013,FUR-CH-10002944,"Office Star Steel Folding Chair, Black",Furniture,Chairs
8014,OFF-BI-10003883,"Acco Binder, Economy",Office Supplies,Binders
8015,OFF-AR-10000314,"BIC Highlighters, Fluorescent",Office Supplies,Art
8016,OFF-LA-10000760,"Smead Shipping Labels, Laser Printer Compatible",Office Supplies,Labels
8017,OFF-GRE-10003316,"Green Bar Parchment Paper, Recycled",Office Supplies,Paper
8018,TEC-STA-10000699,"StarTech Phone, Red",Technology,Machines
8019,TEC-PH-10001845,"Apple Speaker Phone, VoIP",Technology,Phones
8020,OFF-LA-10000709,"Avery Color Coded Labels, Alphabetical",Office Supplies,Labels
8021,OFF-ST-10002318,"Smead Box, Industrial",Office Supplies,Storage
8022,OFF-FA-10004265,"Stockwell Paper Clips, Assorted Sizes",Office Supplies,Fasteners
8023,OFF-ST-10004342,"Eldon Box, Industrial",Office Supplies,Storage
8024,TEC-AC-10001748,"SanDisk Flash Drive, USB",Technology,Accessories
8025,TEC-AC-10003921,"Enermax Numeric Keypad, USB",Technology,Accessories
8026,OFF-AP-10001776,"Hoover Refrigerator, Red",Office Supplies,Appliances
8027,FUR-CH-10003423,"Novimex Rocking Chair, Set of Two",Furniture,Chairs
8028,OFF-AR-10002499,"Binney & Smith Pencil Sharpener, Easy-Erase",Office Supplies,Art
8029,OFF-LA-10002325,"Smead Removable Labels, Adjustable",Office Supplies,Labels
8030,OFF-AP-10001606,"KitchenAid Toaster, Black",Office Supplies,Appliances
8031,OFF-SU-10004802,"Stiletto Shears, Serrated",Office Supplies,Supplies
8032,OFF-FA-10001596,"Stockwell Clamps, 12 Pack",Office Supplies,Fasteners
8033,TEC-PH-10004924,"SKILCRAFT Telephone Shoulder Rest, 2"" x 6.5"" x 2.5"", Black",Technology,Phones
8034,OFF-PA-10004971,Xerox 196,Office Supplies,Paper
8035,OFF-LA-10003929,"Novimex Legal Exhibit Labels, Adjustable",Office Supplies,Labels
8036,OFF-AP-10000487,"Hoover Stove, Silver",Office Supplies,Appliances
8037,TEC-PH-10000688,"Nokia Speaker Phone, VoIP",Technology,Phones
8038,TEC-MA-10001624,"Panasonic Phone, Red",Technology,Machines
8039,FUR-FU-10000641,"Deflect-O Door Stop, Durable",Furniture,Furnishings
8040,OFF-AP-10002963,"Hoover Toaster, Red",Office Supplies,Appliances
8041,OFF-SU-10001173,"Stiletto Trimmer, Easy Grip",Office Supplies,Supplies
8042,OFF-AR-10002797,"Sanford Highlighters, Blue",Office Supplies,Art
8043,OFF-FA-10001419,"Stockwell Rubber Bands, 12 Pack",Office Supplies,Fasteners
8044,OFF-FA-10001126,"Accos Paper Clips, Metal",Office Supplies,Fasteners
8045,OFF-ST-10001832,"Eldon Box, Blue",Office Supplies,Storage
8046,OFF-GLO-10000813,"GlobeWeis Mailers, Recycled",Office Supplies,Envelopes
8047,OFF-LA-10000095,"Avery Round Labels, Laser Printer Compatible",Office Supplies,Labels
8048,OFF-PA-10004386,"Green Bar Note Cards, Premium",Office Supplies,Paper
8049,OFF-AP-10001266,"Hoover Toaster, Black",Office Supplies,Appliances
8050,TEC-MA-10003780,"Epson Card Printer, White",Technology,Machines
8051,TEC-CO-10000660,"Brother Fax and Copier, Laser",Technology,Copiers
8052,TEC-PH-10004042,ClearOne Communications CHAT 70 OC Speaker Phone,Technology,Phones
8053,OFF-AR-10001678,"Binney & Smith Sketch Pad, Easy-Erase",Office Supplies,Art
8054,OFF-LA-10000244,"Hon Legal Exhibit Labels, Alphabetical",Office Supplies,Labels
8055,OFF-EN-10001443,"Jiffy Business Envelopes, Recycled",Office Supplies,Envelopes
8056,OFF-ACC-10002853,"Accos Thumb Tacks, Bulk Pack",Office Supplies,Fasteners
8057,TEC-PH-10004144,"Apple Speaker Phone, Full Size",Technology,Phones
8058,TEC-MA-10001015,"StarTech Card Printer, Durable",Technology,Machines
8059,OFF-PA-10001497,Xerox 1914,Office Supplies,Paper
8060,TEC-PH-10001700,Panasonic KX-TG6844B Expandable Digital Cordless Telephone,Technology,Phones
8061,OFF-EN-10004755,"Cameo Business Envelopes, Set of 50",Office Supplies,Envelopes
8062,OFF-EN-10004684,"GlobeWeis Mailers, with clear poly window",Office Supplies,Envelopes
8063,OFF-PA-10004287,"Enermax Message Books, Recycled",Office Supplies,Paper
8064,TEC-MOT-10004682,"Motorola Office Telephone, VoIP",Technology,Phones
8065,OFF-TEN-10003148,"Tenex Lockers, Single Width",Office Supplies,Storage
8066,OFF-LA-10004008,Avery 507,Office Supplies,Labels
8067,OFF-EN-10003933,"Kraft Manila Envelope, Security-Tint",Office Supplies,Envelopes
8068,TEC-AC-10001172,"Logitech Numeric Keypad, Erganomic",Technology,Accessories
8069,OFF-EN-10003939,"Kraft Interoffice Envelope, Set of 50",Office Supplies,Envelopes
8070,OFF-FA-10001761,"OIC Thumb Tacks, Metal",Office Supplies,Fasteners
8071,OFF-BI-10001843,"Wilson Jones Index Tab, Durable",Office Supplies,Binders
8072,FUR-FU-10002885,Magna Visual Magnetic Picture Hangers,Furniture,Furnishings
8073,TEC-CAN-10004913,"Canon Copy Machine, Laser",Technology,Copiers
8074,FUR-FU-10002829,"Deflect-O Photo Frame, Black",Furniture,Furnishings
8075,TEC-PH-10004714,"Motorola Office Telephone, VoIP",Technology,Phones
8076,TEC-AC-10001197,"Logitech Memory Card, Erganomic",Technology,Accessories
8077,OFF-AR-10001602,"Sanford Canvas, Water Color",Office Supplies,Art
8078,OFF-ST-10003231,"Fellowes Box, Industrial",Office Supplies,Storage
8079,OFF-SU-10002547,"Acme Ruler, Steel",Office Supplies,Supplies
8080,OFF-BI-10003112,"Ibico Binder Covers, Economy",Office Supplies,Binders
8081,TEC-MA-10004552,Star Micronics TSP100 TSP143LAN Receipt Printer,Technology,Machines
8082,TEC-PH-10003994,"Apple Office Telephone, Full Size",Technology,Phones
8083,TEC-PH-10002708,"Nokia Speaker Phone, with Caller ID",Technology,Phones
8084,FUR-FU-10001717,"Rubbermaid Stacking Tray, Erganomic",Furniture,Furnishings
8085,OFF-BI-10000968,"Acco Hole Reinforcements, Recycled",Office Supplies,Binders
8086,FUR-FU-10003026,"Eldon Regeneration Recycled Desk Accessories, Black",Furniture,Furnishings
8087,FUR-BO-10004665,"Bush Classic Bookcase, Mobile",Furniture,Bookcases
8088,OFF-PA-10004337,"Eaton Computer Printout Paper, Premium",Office Supplies,Paper
8089,OFF-EN-10003087,"Jiffy Peel and Seal, Security-Tint",Office Supplies,Envelopes
8090,OFF-AR-10000369,Design Ebony Sketching Pencil,Office Supplies,Art
8091,OFF-AP-10002351,"Hamilton Beach Refrigerator, Silver",Office Supplies,Appliances
8092,OFF-ENE-10002833,"Enermax Cards & Envelopes, Premium",Office Supplies,Paper
8093,TEC-CO-10004701,"Sharp Copy Machine, High-Speed",Technology,Copiers
8094,TEC-AC-10004478,"SanDisk Numeric Keypad, Bluetooth",Technology,Accessories
8095,OFF-AR-10004920,"Boston Canvas, Water Color",Office Supplies,Art
8096,OFF-SU-10001552,"Kleencut Trimmer, Easy Grip",Office Supplies,Supplies
8097,OFF-HOO-10000638,"Hoover Toaster, Black",Office Supplies,Appliances
8098,OFF-BI-10000232,"Ibico 3-Hole Punch, Durable",Office Supplies,Binders
8099,FUR-FU-10004811,"Eldon Door Stop, Erganomic",Furniture,Furnishings
8100,OFF-FA-10002619,"Stockwell Rubber Bands, Metal",Office Supplies,Fasteners
8101,OFF-BI-10003784,"Ibico Index Tab, Economy",Office Supplies,Binders
8102,OFF-LA-10003973,"Hon Removable Labels, Laser Printer Compatible",Office Supplies,Labels
8103,OFF-FA-10001135,"Brites Rubber Bands, 1 1/2 oz. Box",Office Supplies,Fasteners
8104,FUR-CH-10002073,Hon Olson Stacker Chairs,Furniture,Chairs
8105,FUR-TA-10000945,"Bevis Coffee Table, Adjustable Height",Furniture,Tables
8106,FUR-BO-10004924,"Sauder Library with Doors, Traditional",Furniture,Bookcases
8107,TEC-AC-10001552,Logitech K350 2.4Ghz Wireless Keyboard,Technology,Accessories
8108,OFF-AP-10003099,"Eureka Hand Vacuum, Bagless",Office Supplies,Appliances
8109,TEC-CO-10001523,"HP Copy Machine, High-Speed",Technology,Copiers
8110,TEC-PH-10002200,Aastra 6757i CT Wireless VoIP phone,Technology,Phones
8111,OFF-ST-10004060,"Fellowes Lockers, Blue",Office Supplies,Storage
8112,FUR-FU-10004909,Contemporary Wood/Metal Frame,Furniture,Furnishings
8113,OFF-EN-10002465,"Cameo Business Envelopes, Set of 50",Office Supplies,Envelopes
8114,OFF-FA-10000038,"Advantus Clamps, Metal",Office Supplies,Fasteners
8115,OFF-AVE-10004536,"Avery Shipping Labels, 5000 Label Set",Office Supplies,Labels
8116,OFF-SU-10004246,"Fiskars Letter Opener, Easy Grip",Office Supplies,Supplies
8117,OFF-PA-10000354,"Xerox Computer Printout Paper, Multicolor",Office Supplies,Paper
8118,OFF-BI-10004251,"Wilson Jones Index Tab, Recycled",Office Supplies,Binders
8119,OFF-EN-10001137,"#10 Gummed Flap White Envelopes, 100/Box",Office Supplies,Envelopes
8120,FUR-BO-10000087,"Sauder Corner Shelving, Pine",Furniture,Bookcases
8121,TEC-CO-10001864,"Brother Ink, High-Speed",Technology,Copiers
8122,TEC-CO-10001301,"Sharp Copy Machine, Laser",Technology,Copiers
8123,FUR-CH-10002510,"Office Star Steel Folding Chair, Adjustable",Furniture,Chairs
8124,FUR-BO-10000514,"Bush Library with Doors, Traditional",Furniture,Bookcases
8125,OFF-AP-10000576,"Belkin 325VA UPS Surge Protector, 6'",Office Supplies,Appliances
8126,TEC-BRO-10000773,"Brother Personal Copier, High-Speed",Technology,Copiers
8127,OFF-EN-10000615,"Jiffy Mailers, Security-Tint",Office Supplies,Envelopes
8128,FUR-TA-10003597,"Bevis Wood Table, with Bottom Storage",Furniture,Tables
8129,TEC-MA-10004955,"Okidata Card Printer, Durable",Technology,Machines
8130,FUR-TA-10003079,"Hon Training Table, Rectangular",Furniture,Tables
8131,OFF-ST-10000649,Hanging Personal Folder File,Office Supplies,Storage
8132,TEC-ENE-10005000,"Enermax Memory Card, Bluetooth",Technology,Accessories
8133,OFF-BI-10002628,"Avery 3-Hole Punch, Economy",Office Supplies,Binders
8134,FUR-TA-10004584,"Hon Training Table, Rectangular",Furniture,Tables
8135,OFF-ST-10000123,"Fellowes Folders, Wire Frame",Office Supplies,Storage
8136,TEC-MA-10004684,"StarTech Phone, White",Technology,Machines
8137,FUR-CH-10000667,"Novimex Chairmat, Black",Furniture,Chairs
8138,OFF-BOS-10003478,"Boston Markers, Fluorescent",Office Supplies,Art
8139,FUR-CH-10000663,"Hon Steel Folding Chair, Adjustable",Furniture,Chairs
8140,OFF-EN-10003673,"GlobeWeis Business Envelopes, Set of 50",Office Supplies,Envelopes
8141,OFF-GRE-10004054,"Green Bar Memo Slips, Multicolor",Office Supplies,Paper
8142,TEC-MA-10003422,"Panasonic Calculator, Red",Technology,Machines
8143,OFF-AP-10001510,"Cuisinart Microwave, Silver",Office Supplies,Appliances
8144,TEC-MA-10000765,"Okidata Phone, Wireless",Technology,Machines
8145,TEC-KON-10002309,"Konica Inkjet, Wireless",Technology,Machines
8146,TEC-CO-10002571,"Hewlett Personal Copier, Digital",Technology,Copiers
8147,OFF-AP-10002932,"Breville Refrigerator, White",Office Supplies,Appliances
8148,TEC-MA-10001016,Canon PC170 Desktop Personal Copier,Technology,Machines
8149,FUR-OFF-10003703,"Office Star Chairmat, Set of Two",Furniture,Chairs
8150,OFF-ACM-10001587,"Acme Box Cutter, Easy Grip",Office Supplies,Supplies
8151,OFF-ST-10000129,Fellowes Recycled Storage Drawers,Office Supplies,Storage
8152,FUR-FU-10003855,"Rubbermaid Clock, Erganomic",Furniture,Furnishings
8153,FUR-FU-10002630,"Tenex Clock, Erganomic",Furniture,Furnishings
8154,FUR-RUB-10000501,"Rubbermaid Clock, Black",Furniture,Furnishings
8155,OFF-FA-10004968,Rubber Band Ball,Office Supplies,Fasteners
8156,OFF-PA-10001274,Loose Memo Sheets,Office Supplies,Paper
8157,TEC-MA-10000045,Zebra ZM400 Thermal Label Printer,Technology,Machines
8158,TEC-CO-10002465,"HP Copy Machine, Color",Technology,Copiers
8159,FUR-BO-10000746,"Ikea Corner Shelving, Mobile",Furniture,Bookcases
8160,TEC-HEW-10003531,"Hewlett Copy Machine, High-Speed",Technology,Copiers
8161,FUR-BO-10002819,"Ikea Stackable Bookrack, Traditional",Furniture,Bookcases
8162,OFF-SU-10004589,"Elite Shears, Serrated",Office Supplies,Supplies
8163,TEC-MA-10003178,"Okidata Receipt Printer, Wireless",Technology,Machines
8164,FUR-HON-10001776,"Hon Bag Chairs, Red",Furniture,Chairs
8165,OFF-PA-10000420,"Green Bar Cards & Envelopes, 8.5 x 11",Office Supplies,Paper
8166,FUR-FU-10002834,"Deflect-O Light Bulb, Erganomic",Furniture,Furnishings
8167,OFF-SU-10000706,"Fiskars Ruler, Steel",Office Supplies,Supplies
8168,OFF-GLO-10001567,"GlobeWeis Clasp Envelope, with clear poly window",Office Supplies,Envelopes
8169,OFF-AR-10004218,"BIC Pens, Fluorescent",Office Supplies,Art
8170,OFF-FA-10002701,Alliance Rubber Bands,Office Supplies,Fasteners
8171,TEC-CO-10000854,"Canon Personal Copier, Color",Technology,Copiers
8172,TEC-AC-10002637,Logitech VX Revolution Cordless Laser Mouse for Notebooks (Black),Technology,Accessories
8173,TEC-MA-10001358,"StarTech Phone, Wireless",Technology,Machines
8174,OFF-AP-10004494,"Hoover Blender, Black",Office Supplies,Appliances
8175,FUR-CH-10002752,"Harbour Creations Bag Chairs, Set of Two",Furniture,Chairs
8176,FUR-CH-10004826,"Hon Steel Folding Chair, Set of Two",Furniture,Chairs
8177,OFF-BI-10004185,"Cardinal Binder, Durable",Office Supplies,Binders
8178,FUR-HAR-10003548,"Harbour Creations Bag Chairs, Set of Two",Furniture,Chairs
8179,TEC-AC-10002018,AmazonBasics 3-Button USB Wired Mouse,Technology,Accessories
8180,OFF-BI-10002393,Binder Posts,Office Supplies,Binders
8181,OFF-LA-10004614,"Smead Round Labels, 5000 Label Set",Office Supplies,Labels
8182,OFF-FA-10001718,"Accos Staples, Assorted Sizes",Office Supplies,Fasteners
8183,OFF-BI-10002727,"Wilson Jones Binding Machine, Clear",Office Supplies,Binders
8184,TEC-CO-10002232,"HP Ink, Laser",Technology,Copiers
8185,OFF-PA-10002652,"Eaton Note Cards, Premium",Office Supplies,Paper
8186,TEC-NOK-10004183,"Nokia Office Telephone, VoIP",Technology,Phones
8187,FUR-OFF-10002740,"Office Star Steel Folding Chair, Set of Two",Furniture,Chairs
8188,OFF-FA-10000300,"Stockwell Push Pins, Assorted Sizes",Office Supplies,Fasteners
8189,OFF-ST-10003282,"Advantus 10-Drawer Portable Organizer, Chrome Metal Frame, Smoke Drawers",Office Supplies,Storage
8190,OFF-AP-10001285,"Cuisinart Stove, Red",Office Supplies,Appliances
8191,TEC-AC-10000957,"Logitech Memory Card, Bluetooth",Technology,Accessories
8192,FUR-TEN-10000002,"Tenex Stacking Tray, Black",Furniture,Furnishings
8193,FUR-CH-10002780,"Office Star Executive Leather Armchair, Black",Furniture,Chairs
8194,TEC-PH-10001492,"Nokia Headset, VoIP",Technology,Phones
8195,OFF-AP-10002531,"Cuisinart Blender, Red",Office Supplies,Appliances
8196,OFF-PA-10003556,"Eaton Computer Printout Paper, 8.5 x 11",Office Supplies,Paper
8197,OFF-HON-10001706,"Hon Legal Exhibit Labels, Alphabetical",Office Supplies,Labels
8198,OFF-PA-10000194,"SanDisk Cards & Envelopes, 8.5 x 11",Office Supplies,Paper
8199,FUR-FU-10003507,"Deflect-O Stacking Tray, Erganomic",Furniture,Furnishings
8200,OFF-GLO-10001233,"GlobeWeis Clasp Envelope, Set of 50",Office Supplies,Envelopes
8201,FUR-TA-10000971,"Bevis Training Table, Rectangular",Furniture,Tables
8202,FUR-CH-10002061,"Harbour Creations Executive Leather Armchair, Red",Furniture,Chairs
8203,OFF-AP-10002476,"Cuisinart Blender, Red",Office Supplies,Appliances
8204,OFF-WIL-10000777,"Wilson Jones 3-Hole Punch, Recycled",Office Supplies,Binders
8205,FUR-BO-10000712,"Bush Corner Shelving, Pine",Furniture,Bookcases
8206,OFF-PA-10003156,"Xerox Message Books, 8.5 x 11",Office Supplies,Paper
8207,OFF-PA-10001790,Xerox 1910,Office Supplies,Paper
8208,OFF-BRE-10000391,"Breville Toaster, Black",Office Supplies,Appliances
8209,OFF-AR-10004744,"Binney & Smith Sketch Pad, Easy-Erase",Office Supplies,Art
8210,OFF-ST-10003572,Portfile Personal File Boxes,Office Supplies,Storage
8211,OFF-ST-10000242,"Fellowes Folders, Wire Frame",Office Supplies,Storage
8212,FUR-FU-10002486,"Advantus Clock, Durable",Furniture,Furnishings
8213,OFF-PA-10000726,"Black Print Carbonless Snap-Off Rapid Letter, 8 1/2"" x 7""",Office Supplies,Paper
8214,OFF-FA-10004139,"Advantus Thumb Tacks, 12 Pack",Office Supplies,Fasteners
8215,OFF-AR-10003806,"Stanley Sketch Pad, Water Color",Office Supplies,Art
8216,FUR-FU-10001893,"Deflect-O Photo Frame, Durable",Furniture,Furnishings
8217,OFF-ELI-10002160,"Elite Scissors, Easy Grip",Office Supplies,Supplies
8218,OFF-LA-10002037,"Avery Shipping Labels, 5000 Label Set",Office Supplies,Labels
8219,OFF-NOV-10004671,"Novimex Removable Labels, 5000 Label Set",Office Supplies,Labels
8220,OFF-AP-10003057,Honeywell Enviracaire Portable HEPA Air Cleaner for 16' x 20' Room,Office Supplies,Appliances
8221,TEC-CO-10001037,"Hewlett Personal Copier, High-Speed",Technology,Copiers
8222,OFF-LA-10004318,"Hon Color Coded Labels, Adjustable",Office Supplies,Labels
8223,OFF-AR-10000812,"Binney & Smith Pens, Fluorescent",Office Supplies,Art
8224,OFF-AR-10002346,"Binney & Smith Pencil Sharpener, Fluorescent",Office Supplies,Art
8225,OFF-AVE-10004404,"Avery Shipping Labels, Alphabetical",Office Supplies,Labels
8226,TEC-AC-10001090,Micro Innovations Wireless Classic Keyboard with Mouse,Technology,Accessories
8227,OFF-STO-10002026,"Stockwell Clamps, Bulk Pack",Office Supplies,Fasteners
8228,OFF-ST-10000268,"Smead Box, Blue",Office Supplies,Storage
8229,OFF-CUI-10003409,"Cuisinart Refrigerator, Silver",Office Supplies,Appliances
8230,TEC-CO-10000011,"HP Personal Copier, High-Speed",Technology,Copiers
8231,OFF-AP-10000775,"Breville Blender, Silver",Office Supplies,Appliances
8232,FUR-ADV-10001440,"Advantus Door Stop, Black",Furniture,Furnishings
8233,OFF-ST-10000604,Home/Office Personal File Carts,Office Supplies,Storage
8234,TEC-EPS-10003568,"Epson Receipt Printer, Durable",Technology,Machines
8235,OFF-BI-10003963,Cardinal Holdit Data Disk Pockets,Office Supplies,Binders
8236,OFF-BRE-10004211,"Breville Blender, White",Office Supplies,Appliances
8237,TEC-NOK-10000002,"Nokia Headset, with Caller ID",Technology,Phones
8238,FUR-FU-10002937,"Rubbermaid Light Bulb, Durable",Furniture,Furnishings
8239,OFF-LA-10001831,"Harbour Creations Shipping Labels, Adjustable",Office Supplies,Labels
8240,OFF-ACM-10002045,"Acme Shears, High Speed",Office Supplies,Supplies
8241,OFF-KLE-10003227,"Kleencut Ruler, Steel",Office Supplies,Supplies
8242,TEC-MA-10000982,"Konica Inkjet, Wireless",Technology,Machines
8243,OFF-AP-10002457,"Eureka The Boss Plus 12-Amp Hard Box Upright Vacuum, Red",Office Supplies,Appliances
8244,TEC-AC-10004145,Logitech diNovo Edge Keyboard,Technology,Accessories
8245,TEC-CO-10003349,"Hewlett Copy Machine, Color",Technology,Copiers
8246,FUR-TA-10004544,"Chromcraft Coffee Table, Fully Assembled",Furniture,Tables
8247,TEC-AC-10000394,"Belkin Numeric Keypad, Bluetooth",Technology,Accessories
8248,OFF-BI-10001097,"Ibico 3-Hole Punch, Durable",Office Supplies,Binders
8249,TEC-PH-10001254,Jabra BIZ 2300 Duo QD Duo Corded Headset,Technology,Phones
8250,TEC-MA-10000711,"StarTech Receipt Printer, Durable",Technology,Machines
8251,OFF-HAR-10001714,"Harbour Creations Legal Exhibit Labels, Adjustable",Office Supplies,Labels
8252,OFF-FA-10002717,"OIC Rubber Bands, Metal",Office Supplies,Fasteners
8253,OFF-PA-10001979,"Enermax Message Books, Premium",Office Supplies,Paper
8254,TEC-LOG-10001750,"Logitech Mouse, USB",Technology,Accessories
8255,FUR-BO-10001385,"Sauder Corner Shelving, Metal",Furniture,Bookcases
8256,FUR-CH-10002927,"Office Star Swivel Stool, Black",Furniture,Chairs
8257,OFF-ST-10001418,Carina Media Storage Towers in Natural & Black,Office Supplies,Storage
8258,OFF-BI-10000490,"Cardinal Binder, Recycled",Office Supplies,Binders
8259,OFF-ST-10001066,"Tenex Box, Single Width",Office Supplies,Storage
8260,OFF-FA-10000540,"Stockwell Staples, Assorted Sizes",Office Supplies,Fasteners
8261,FUR-CH-10002817,"Harbour Creations Chairmat, Set of Two",Furniture,Chairs
8262,TEC-CO-10000405,"Canon Fax Machine, Digital",Technology,Copiers
8263,OFF-AR-10003582,"BIC Pencil Sharpener, Water Color",Office Supplies,Art
8264,OFF-STI-10002262,"Stiletto Box Cutter, High Speed",Office Supplies,Supplies
8265,TEC-AC-10000575,"Logitech Keyboard, Programmable",Technology,Accessories
8266,OFF-BI-10004510,"Avery 3-Hole Punch, Durable",Office Supplies,Binders
8267,TEC-CO-10002674,"Sharp Fax and Copier, High-Speed",Technology,Copiers
8268,TEC-CO-10004169,"HP Ink, Digital",Technology,Copiers
8269,TEC-MA-10002790,NeatDesk Desktop Scanner & Digital Filing System,Technology,Machines
8270,OFF-SU-10003540,"Acme Shears, Serrated",Office Supplies,Supplies
8271,OFF-PA-10003416,"Enermax Note Cards, Multicolor",Office Supplies,Paper
8272,TEC-PH-10004774,Gear Head AU3700S Headset,Technology,Phones
8273,FUR-FU-10002874,Ultra Commercial Grade Dual Valve Door Closer,Furniture,Furnishings
8274,OFF-HAR-10001913,"Harbour Creations Legal Exhibit Labels, Laser Printer Compatible",Office Supplies,Labels
8275,OFF-LA-10003617,"Smead Legal Exhibit Labels, Adjustable",Office Supplies,Labels
8276,FUR-BO-10002268,Sauder Barrister Bookcases,Furniture,Bookcases
8277,OFF-AP-10002186,"KitchenAid Toaster, Red",Office Supplies,Appliances
8278,TEC-AC-10000990,Imation Bio 2GB USB Flash Drive Imation Corp,Technology,Accessories
8279,TEC-MA-10000172,"StarTech Inkjet, Wireless",Technology,Machines
8280,TEC-CO-10001831,"Sharp Wireless Fax, High-Speed",Technology,Copiers
8281,TEC-PH-10000298,"Nokia Speaker Phone, Cordless",Technology,Phones
8282,OFF-AP-10002867,Fellowes Command Center 5-outlet power strip,Office Supplies,Appliances
8283,TEC-MA-10002930,Ricoh - Ink Collector Unit for GX3000 Series Printers,Technology,Machines
8284,FUR-NOV-10003754,"Novimex Rocking Chair, Set of Two",Furniture,Chairs
8285,TEC-AC-10001974,"Logitech Memory Card, Bluetooth",Technology,Accessories
8286,OFF-FA-10001187,"Stockwell Paper Clips, Bulk Pack",Office Supplies,Fasteners
8287,OFF-BI-10004795,"Avery Binding Machine, Clear",Office Supplies,Binders
8288,OFF-AR-10002727,"Stanley Pencil Sharpener, Fluorescent",Office Supplies,Art
8289,FUR-FU-10004013,"Deflect-O Clock, Durable",Furniture,Furnishings
8290,OFF-FA-10002120,"Advantus Paper Clips, Assorted Sizes",Office Supplies,Fasteners
8291,OFF-EN-10000096,"Jiffy Clasp Envelope, with clear poly window",Office Supplies,Envelopes
8292,FUR-FU-10004800,"Eldon Stacking Tray, Black",Furniture,Furnishings
8293,OFF-AR-10003759,"Crayola Anti Dust Chalk, 12/Pack",Office Supplies,Art
8294,FUR-CH-10002090,"Hon Swivel Stool, Adjustable",Furniture,Chairs
8295,FUR-BO-10000243,"Safco Floating Shelf Set, Pine",Furniture,Bookcases
8296,OFF-PA-10000300,Xerox 1936,Office Supplies,Paper
8297,OFF-EN-10003858,"Jiffy Manila Envelope, Recycled",Office Supplies,Envelopes
8298,TEC-AC-10004127,SanDisk Cruzer 8 GB USB Flash Drive,Technology,Accessories
8299,FUR-BO-10003873,"Safco Library with Doors, Mobile",Furniture,Bookcases
8300,FUR-BO-10001318,"Safco Library with Doors, Mobile",Furniture,Bookcases
8301,FUR-TA-10001980,"Hon Wood Table, Rectangular",Furniture,Tables
8302,FUR-BO-10003604,"Ikea Corner Shelving, Mobile",Furniture,Bookcases
8303,OFF-EN-10004296,"GlobeWeis Mailers, Security-Tint",Office Supplies,Envelopes
8304,FUR-SAU-10003795,"Sauder Corner Shelving, Traditional",Furniture,Bookcases
8305,OFF-AP-10003032,"Hamilton Beach Blender, Silver",Office Supplies,Appliances
8306,OFF-LA-10000615,"Hon Removable Labels, Adjustable",Office Supplies,Labels
8307,OFF-SU-10000180,"Acme Shears, Serrated",Office Supplies,Supplies
8308,FUR-CH-10001797,"Harbour Creations Bag Chairs, Adjustable",Furniture,Chairs
8309,FUR-FU-10003408,"Rubbermaid Stacking Tray, Erganomic",Furniture,Furnishings
8310,OFF-AR-10001940,"Sanford Colorific Eraseable Coloring Pencils, 12 Count",Office Supplies,Art
8311,OFF-LA-10004933,"Harbour Creations Shipping Labels, Adjustable",Office Supplies,Labels
8312,OFF-BI-10001150,"Avery Index Tab, Economy",Office Supplies,Binders
8313,TEC-CO-10004404,"Brother Copy Machine, High-Speed",Technology,Copiers
8314,TEC-CO-10004170,"HP Wireless Fax, High-Speed",Technology,Copiers
8315,OFF-AP-10004755,"KitchenAid Microwave, Black",Office Supplies,Appliances
8316,OFF-ST-10000060,Fellowes Bankers Box Staxonsteel Drawer File/Stacking System,Office Supplies,Storage
8317,TEC-APP-10001851,"Apple Headset, Full Size",Technology,Phones
8318,OFF-PA-10003892,Xerox 1943,Office Supplies,Paper
8319,OFF-EN-10001854,"Jiffy Business Envelopes, Recycled",Office Supplies,Envelopes
8320,OFF-BI-10003397,"Avery 3-Hole Punch, Economy",Office Supplies,Binders
8321,OFF-AR-10001177,Newell 349,Office Supplies,Art
8322,OFF-ST-10004646,"Fellowes Lockers, Blue",Office Supplies,Storage
8323,FUR-BO-10003563,"Bush 3-Shelf Cabinet, Mobile",Furniture,Bookcases
8324,OFF-GLO-10003639,"GlobeWeis Interoffice Envelope, Security-Tint",Office Supplies,Envelopes
8325,TEC-MEM-10000178,"Memorex Keyboard, Programmable",Technology,Accessories
8326,TEC-PH-10002789,LG Exalt,Technology,Phones
8327,TEC-PH-10002350,Apple EarPods with Remote and Mic,Technology,Phones
8328,FUR-FU-10000368,"Deflect-O Frame, Durable",Furniture,Furnishings
8329,TEC-AC-10000397,"Perixx PERIBOARD-512B, Ergonomic Split Keyboard",Technology,Accessories
8330,OFF-STI-10002519,"Stiletto Trimmer, High Speed",Office Supplies,Supplies
8331,TEC-AC-10002335,Logitech Media Keyboard K200,Technology,Accessories
8332,FUR-FU-10001135,"Eldon Door Stop, Duo Pack",Furniture,Furnishings
8333,OFF-PA-10001385,"Xerox Memo Slips, 8.5 x 11",Office Supplies,Paper
8334,TEC-HEW-10001710,"Hewlett Ink, Laser",Technology,Copiers
8335,TEC-OKI-10001385,"Okidata Inkjet, White",Technology,Machines
8336,OFF-ST-10003455,"Fellowes Lockers, Blue",Office Supplies,Storage
8337,FUR-FU-10004017,"Tenex Contemporary Contur Chairmats for Low and Medium Pile Carpet, Computer, 39"" x 49""",Furniture,Furnishings
8338,OFF-AR-10000833,"Sanford Sketch Pad, Water Color",Office Supplies,Art
8339,OFF-FA-10002635,"Accos Thumb Tacks, Metal",Office Supplies,Fasteners
8340,TEC-LOG-10002431,"Logitech Numeric Keypad, Bluetooth",Technology,Accessories
8341,OFF-AP-10004655,"Holmes Visible Mist Ultrasonic Humidifier with 2.3-Gallon Output per Day, Replacement Filter",Office Supplies,Appliances
8342,OFF-AP-10002536,"Hoover Refrigerator, White",Office Supplies,Appliances
8343,OFF-ST-10001272,"Mini 13-1/2 Capacity Data Binder Rack, Pearl",Office Supplies,Storage
8344,TEC-AC-10003172,"Memorex Numeric Keypad, Bluetooth",Technology,Accessories
8345,OFF-SU-10001633,"Stiletto Letter Opener, Easy Grip",Office Supplies,Supplies
8346,FUR-CH-10002335,"Hon Bag Chairs, Set of Two",Furniture,Chairs
8347,FUR-FU-10003546,"Advantus Clock, Durable",Furniture,Furnishings
8348,FUR-CH-10001043,"Harbour Creations Bag Chairs, Red",Furniture,Chairs
8349,FUR-BO-10004043,"Dania Classic Bookcase, Metal",Furniture,Bookcases
8350,FUR-FU-10000576,Luxo Professional Fluorescent Magnifier Lamp with Clamp-Mount Base,Furniture,Furnishings
8351,FUR-LES-10000488,"Lesro Coffee Table, Adjustable Height",Furniture,Tables
8352,OFF-EN-10002831,"Tyvek  Top-Opening Peel & Seel  Envelopes, Gray",Office Supplies,Envelopes
8353,FUR-BO-10002781,"Sauder Floating Shelf Set, Traditional",Furniture,Bookcases
8354,TEC-PH-10001198,Avaya 4621SW VoIP phone,Technology,Phones
8355,OFF-AR-10002022,"Stanley Sketch Pad, Water Color",Office Supplies,Art
8356,FUR-FU-10000251,"Deflect-O Door Stop, Duo Pack",Furniture,Furnishings
8357,TEC-PH-10004970,"Nokia Headset, Full Size",Technology,Phones
8358,TEC-PH-10002807,Motorla HX550 Universal Bluetooth Headset,Technology,Phones
8359,OFF-AR-10003673,"Sanford Markers, Fluorescent",Office Supplies,Art
8360,OFF-EN-10001680,"Jiffy Clasp Envelope, with clear poly window",Office Supplies,Envelopes
8361,OFF-JIF-10000704,"Jiffy Clasp Envelope, Set of 50",Office Supplies,Envelopes
8362,TEC-CO-10001191,"Sharp Wireless Fax, High-Speed",Technology,Copiers
8363,TEC-CO-10002062,"Brother Personal Copier, Digital",Technology,Copiers
8364,FUR-CH-10000857,"Harbour Creations Rocking Chair, Black",Furniture,Chairs
8365,OFF-AP-10001621,"Cuisinart Blender, Silver",Office Supplies,Appliances
8366,OFF-PA-10001826,Xerox 207,Office Supplies,Paper
8367,OFF-AR-10000823,Newell 307,Office Supplies,Art
8368,OFF-AP-10001406,"Breville Stove, Black",Office Supplies,Appliances
8369,TEC-CO-10004929,"Canon Personal Copier, Color",Technology,Copiers
8370,TEC-MA-10003631,"Okidata Card Printer, Wireless",Technology,Machines
8371,OFF-BI-10003718,GBC Therma-A-Bind 250T Electric Binding System,Office Supplies,Binders
8372,FUR-TA-10002912,"Lesro Conference Table, Fully Assembled",Furniture,Tables
8373,TEC-MA-10001681,Lexmark MarkNet N8150 Wireless Print Server,Technology,Machines
8374,TEC-MA-10004609,"Epson Phone, Durable",Technology,Machines
8375,OFF-AR-10003829,"Boston Highlighters, Water Color",Office Supplies,Art
8376,OFF-PA-10003656,Xerox 1935,Office Supplies,Paper
8377,OFF-SU-10003234,"Acme Box Cutter, Easy Grip",Office Supplies,Supplies
8378,TEC-AC-10003276,"Enermax Router, USB",Technology,Accessories
8379,OFF-SU-10003474,"Elite Box Cutter, Easy Grip",Office Supplies,Supplies
8380,OFF-FA-10003022,"Stockwell Clamps, Assorted Sizes",Office Supplies,Fasteners
8381,OFF-BI-10003162,"Avery Binding Machine, Economy",Office Supplies,Binders
8382,OFF-AP-10004227,"Hamilton Beach Refrigerator, White",Office Supplies,Appliances
8383,OFF-AP-10003559,"Hamilton Beach Stove, Red",Office Supplies,Appliances
8384,OFF-AP-10003625,"Hoover Microwave, White",Office Supplies,Appliances
8385,OFF-AP-10004226,"Hamilton Beach Stove, Red",Office Supplies,Appliances
8386,FUR-BO-10003903,"Dania 3-Shelf Cabinet, Pine",Furniture,Bookcases
8387,OFF-AP-10002531,"Hoover Blender, White",Office Supplies,Appliances
8388,OFF-AP-10001955,"Hoover Microwave, White",Office Supplies,Appliances
8389,OFF-SU-10004452,"Elite Ruler, Steel",Office Supplies,Supplies
8390,FUR-FU-10003264,"Rubbermaid Clock, Black",Furniture,Furnishings
8391,TEC-CO-10004928,"Brother Copy Machine, Color",Technology,Copiers
8392,OFF-ST-10002070,"Tenex Trays, Wire Frame",Office Supplies,Storage
8393,OFF-FA-10003717,"Stockwell Clamps, Metal",Office Supplies,Fasteners
8394,TEC-PH-10000193,Jensen SMPS-640 - speaker phone,Technology,Phones
8395,TEC-PH-10003177,"Samsung Speaker Phone, with Caller ID",Technology,Phones
8396,OFF-ST-10001513,"Fellowes Folders, Blue",Office Supplies,Storage
8397,OFF-LA-10004795,"Novimex Shipping Labels, Alphabetical",Office Supplies,Labels
8398,OFF-ELI-10003004,"Elite Ruler, Easy Grip",Office Supplies,Supplies
8399,OFF-SU-10003683,"Kleencut Ruler, Easy Grip",Office Supplies,Supplies
8400,TEC-AC-10002458,"Logitech Mouse, Bluetooth",Technology,Accessories
8401,OFF-ST-10004160,"Tenex Trays, Wire Frame",Office Supplies,Storage
8402,OFF-LA-10004543,"Novimex Shipping Labels, Adjustable",Office Supplies,Labels
8403,TEC-CO-10004901,"HP Fax and Copier, Laser",Technology,Copiers
8404,OFF-PA-10000048,Xerox 20,Office Supplies,Paper
8405,TEC-SAM-10002496,"Samsung Speaker Phone, VoIP",Technology,Phones
8406,FUR-CH-10000042,"Harbour Creations Swivel Stool, Black",Furniture,Chairs
8407,OFF-AR-10001074,"Sanford Highlighters, Blue",Office Supplies,Art
8408,TEC-MA-10004615,"Okidata Calculator, Durable",Technology,Machines
8409,OFF-SU-10000885,"Elite Box Cutter, Steel",Office Supplies,Supplies
8410,OFF-FA-10004606,"Stockwell Staples, 12 Pack",Office Supplies,Fasteners
8411,OFF-PA-10003953,Xerox 218,Office Supplies,Paper
8412,FUR-DAN-10000597,"Dania Floating Shelf Set, Traditional",Furniture,Bookcases
8413,TEC-BEL-10004162,"Belkin Flash Drive, Erganomic",Technology,Accessories
8414,OFF-CUI-10001302,"Cuisinart Blender, Silver",Office Supplies,Appliances
8415,OFF-STI-10003510,"Stiletto Trimmer, Easy Grip",Office Supplies,Supplies
8416,TEC-SHA-10002753,"Sharp Fax and Copier, High-Speed",Technology,Copiers
8417,OFF-AP-10001197,"KitchenAid Stove, Red",Office Supplies,Appliances
8418,TEC-CO-10003587,"Hewlett Personal Copier, Laser",Technology,Copiers
8419,FUR-CH-10001684,"Office Star Rocking Chair, Adjustable",Furniture,Chairs
8420,OFF-PA-10004054,"Green Bar Computer Printout Paper, Recycled",Office Supplies,Paper
8421,OFF-PA-10002713,"Adams Phone Message Book, 200 Message Capacity, 8 1/16 x 11",Office Supplies,Paper
8422,OFF-SU-10003671,"Fiskars Scissors, High Speed",Office Supplies,Supplies
8423,OFF-PA-10000520,Xerox 201,Office Supplies,Paper
8424,OFF-AR-10003087,Staples,Office Supplies,Art
8425,TEC-AC-10004761,Maxell 4.7GB DVD+RW 3/Pack,Technology,Accessories
8426,OFF-SU-10001124,"Acme Trimmer, High Speed",Office Supplies,Supplies
8427,TEC-AC-10001876,"Logitech Memory Card, USB",Technology,Accessories
8428,TEC-MA-10002135,"Epson Printer, White",Technology,Machines
8429,FUR-CH-10003508,"Novimex Swivel Stool, Set of Two",Furniture,Chairs
8430,OFF-PA-10001166,Xerox 1932,Office Supplies,Paper
8431,OFF-PA-10003256,Avery Personal Creations Heavyweight Cards,Office Supplies,Paper
8432,OFF-FA-10000801,"Advantus Paper Clips, Assorted Sizes",Office Supplies,Fasteners
8433,FUR-BO-10003450,"Bush Westfield Collection Bookcases, Dark Cherry Finish",Furniture,Bookcases
8434,OFF-FA-10002045,"Accos Rubber Bands, Metal",Office Supplies,Fasteners
8435,OFF-LA-10002939,"Harbour Creations Legal Exhibit Labels, 5000 Label Set",Office Supplies,Labels
8436,OFF-LA-10004164,"Smead Color Coded Labels, Laser Printer Compatible",Office Supplies,Labels
8437,OFF-AR-10001545,Newell 326,Office Supplies,Art
8438,OFF-ST-10002028,"Fellowes File Cart, Single Width",Office Supplies,Storage
8439,OFF-PA-10002036,Xerox 1930,Office Supplies,Paper
8440,OFF-PA-10001275,"Xerox Note Cards, Multicolor",Office Supplies,Paper
8441,OFF-STO-10002708,"Stockwell Thumb Tacks, Bulk Pack",Office Supplies,Fasteners
8442,OFF-HOO-10000335,"Hoover Microwave, White",Office Supplies,Appliances
8443,TEC-CO-10001221,"Brother Fax and Copier, Laser",Technology,Copiers
8444,OFF-AP-10003040,Fellowes 8 Outlet Superior Workstation Surge Protector w/o Phone/Fax/Modem Protection,Office Supplies,Appliances
8445,OFF-ST-10001393,"Fellowes Trays, Blue",Office Supplies,Storage
8446,FUR-FU-10004516,"Deflect-O Frame, Black",Furniture,Furnishings
8447,FUR-TA-10002622,"Bush Andora Conference Table, Maple/Graphite Gray Finish",Furniture,Tables
8448,OFF-AR-10000733,"Binney & Smith Canvas, Fluorescent",Office Supplies,Art
8449,OFF-FA-10004665,"Stockwell Paper Clips, Metal",Office Supplies,Fasteners
8450,OFF-BI-10001153,Ibico Recycled Grain-Textured Covers,Office Supplies,Binders
8451,TEC-AC-10003063,Micro Innovations USB RF Wireless Keyboard with Mouse,Technology,Accessories
8452,OFF-SU-10000213,"Kleencut Shears, Easy Grip",Office Supplies,Supplies
8453,FUR-FU-10002963,"Master Caster Door Stop, Gray",Furniture,Furnishings
8454,TEC-MA-10000418,Cubify CubeX 3D Printer Double Head Print,Technology,Machines
8455,OFF-AP-10004295,"Cuisinart Refrigerator, Silver",Office Supplies,Appliances
8456,OFF-AR-10002165,"Boston Sketch Pad, Fluorescent",Office Supplies,Art
8457,TEC-PH-10001433,Cisco Small Business SPA 502G VoIP phone,Technology,Phones
8458,OFF-AP-10002472,3M Office Air Cleaner,Office Supplies,Appliances
8459,OFF-EN-10001029,"Cameo Business Envelopes, Recycled",Office Supplies,Envelopes
8460,FUR-TA-10004892,"Chromcraft Wood Table, with Bottom Storage",Furniture,Tables
8461,TEC-EPS-10001651,"Epson Phone, White",Technology,Machines
8462,TEC-MA-10003280,"Panasonic Receipt Printer, White",Technology,Machines
8463,FUR-CH-10003846,Hon Valutask Swivel Chairs,Furniture,Chairs
8464,FUR-TA-10004937,"Chromcraft Conference Table, Rectangular",Furniture,Tables
8465,FUR-BO-10001969,"Sauder 3-Shelf Cabinet, Pine",Furniture,Bookcases
8466,FUR-CH-10002647,"Novimex Rocking Chair, Red",Furniture,Chairs
8467,FUR-FU-10001343,"Eldon Stacking Tray, Erganomic",Furniture,Furnishings
8468,TEC-AC-10000431,"Belkin Flash Drive, Bluetooth",Technology,Accessories
8469,OFF-LA-10000590,"Smead Color Coded Labels, 5000 Label Set",Office Supplies,Labels
8470,OFF-LA-10000471,"Smead Shipping Labels, 5000 Label Set",Office Supplies,Labels
8471,OFF-TEN-10003127,"Tenex Box, Industrial",Office Supplies,Storage
8472,FUR-CH-10004592,"Hon Rocking Chair, Set of Two",Furniture,Chairs
8473,OFF-PA-10002767,"Enermax Message Books, Premium",Office Supplies,Paper
8474,OFF-AP-10000981,"Hoover Coffee Grinder, Red",Office Supplies,Appliances
8475,OFF-SU-10001074,"Fiskars Letter Opener, Easy Grip",Office Supplies,Supplies
8476,OFF-AR-10003674,"BIC Pencil Sharpener, Water Color",Office Supplies,Art
8477,OFF-BI-10001867,"Acco Binder Covers, Recycled",Office Supplies,Binders
8478,TEC-CO-10003589,"HP Fax Machine, Digital",Technology,Copiers
8479,OFF-AP-10000667,"Breville Stove, White",Office Supplies,Appliances
8480,FUR-BO-10001010,"Dania Corner Shelving, Mobile",Furniture,Bookcases
8481,TEC-PH-10003723,"Samsung Audio Dock, with Caller ID",Technology,Phones
8482,OFF-BI-10000335,"Cardinal 3-Hole Punch, Durable",Office Supplies,Binders
8483,FUR-CH-10003195,"Hon Rocking Chair, Red",Furniture,Chairs
8484,TEC-PH-10002672,"Cisco Smart Phone, Full Size",Technology,Phones
8485,OFF-AP-10001329,"KitchenAid Stove, White",Office Supplies,Appliances
8486,OFF-AP-10004140,"Breville Stove, Silver",Office Supplies,Appliances
8487,TEC-SHA-10004390,"Sharp Wireless Fax, Digital",Technology,Copiers
8488,TEC-HP -10003559,"HP Wireless Fax, Digital",Technology,Copiers
8489,TEC-SAM-10001843,"Samsung Audio Dock, Full Size",Technology,Phones
8490,TEC-PH-10004825,"Cisco Headset, VoIP",Technology,Phones
8491,OFF-ST-10002574,"Smead Shelving, Blue",Office Supplies,Storage
8492,OFF-EN-10003731,"GlobeWeis Mailers, Set of 50",Office Supplies,Envelopes
8493,OFF-BI-10002796,"Wilson Jones Binder Covers, Durable",Office Supplies,Binders
8494,OFF-ADV-10004241,"Advantus Thumb Tacks, 12 Pack",Office Supplies,Fasteners
8495,FUR-CH-10000013,"Hon Steel Folding Chair, Black",Furniture,Chairs
8496,OFF-AR-10004961,"Sanford Sketch Pad, Easy-Erase",Office Supplies,Art
8497,TEC-PH-10002293,Anker 36W 4-Port USB Wall Charger Travel Power Adapter for iPhone 5s 5c 5,Technology,Phones
8498,FUR-TA-10002568,"Chromcraft Coffee Table, Rectangular",Furniture,Tables
8499,FUR-BO-10001834,"Ikea 3-Shelf Cabinet, Mobile",Furniture,Bookcases
8500,OFF-ENE-10000012,"Enermax Computer Printout Paper, Recycled",Office Supplies,Paper
8501,OFF-EN-10003798,"Recycled Interoffice Envelopes with Re-Use-A-Seal Closure, 10 x 13",Office Supplies,Envelopes
8502,OFF-FA-10002427,"Stockwell Push Pins, 12 Pack",Office Supplies,Fasteners
8503,FUR-DAN-10002017,"Dania Classic Bookcase, Traditional",Furniture,Bookcases
8504,FUR-BO-10002133,"Bush Corner Shelving, Mobile",Furniture,Bookcases
8505,OFF-HOO-10004910,"Hoover Refrigerator, White",Office Supplies,Appliances
8506,OFF-EN-10003103,"GlobeWeis Manila Envelope, with clear poly window",Office Supplies,Envelopes
8507,TEC-MA-10004693,"Panasonic Calculator, White",Technology,Machines
8508,OFF-EN-10000215,"Jiffy Interoffice Envelope, Security-Tint",Office Supplies,Envelopes
8509,FUR-CHR-10002278,"Chromcraft Round Table, Adjustable Height",Furniture,Tables
8510,FUR-CH-10004795,"SAFCO Swivel Stool, Red",Furniture,Chairs
8511,FUR-SAU-10002642,"Sauder 3-Shelf Cabinet, Traditional",Furniture,Bookcases
8512,OFF-PA-10000591,"Green Bar Cards & Envelopes, Multicolor",Office Supplies,Paper
8513,TEC-SAN-10002954,"SanDisk Memory Card, Programmable",Technology,Accessories
8514,OFF-AR-10001958,Stanley Bostitch Contemporary Electric Pencil Sharpeners,Office Supplies,Art
8515,OFF-AP-10004572,"Cuisinart Stove, Red",Office Supplies,Appliances
8516,TEC-AC-10003335,"SanDisk Memory Card, Erganomic",Technology,Accessories
8517,FUR-BO-10004360,Rush Hierlooms Collection Rich Wood Bookcases,Furniture,Bookcases
8518,FUR-BO-10000148,"Bush 3-Shelf Cabinet, Metal",Furniture,Bookcases
8519,TEC-BRO-10001938,"Brother Wireless Fax, High-Speed",Technology,Copiers
8520,FUR-FU-10004778,"Deflect-O Light Bulb, Duo Pack",Furniture,Furnishings
8521,OFF-BI-10001407,"Acco Binder Covers, Recycled",Office Supplies,Binders
8522,FUR-FU-10003886,"Tenex Photo Frame, Black",Furniture,Furnishings
8523,OFF-PA-10004380,"SanDisk Memo Slips, Multicolor",Office Supplies,Paper
8524,OFF-AR-10000503,"Stanley Pens, Blue",Office Supplies,Art
8525,OFF-SU-10000076,"Acme Trimmer, Easy Grip",Office Supplies,Supplies
8526,FUR-TA-10002972,"Barricks Computer Table, Fully Assembled",Furniture,Tables
8527,FUR-TA-10003319,"Barricks Coffee Table, with Bottom Storage",Furniture,Tables
8528,TEC-HEW-10002304,"Hewlett Fax Machine, High-Speed",Technology,Copiers
8529,TEC-KON-10002050,"Konica Printer, Wireless",Technology,Machines
8530,FUR-SAU-10004053,"Sauder Floating Shelf Set, Mobile",Furniture,Bookcases
8531,TEC-CO-10003204,"HP Fax and Copier, High-Speed",Technology,Copiers
8532,OFF-BI-10004179,"Avery 3-Hole Punch, Clear",Office Supplies,Binders
8533,FUR-CH-10002044,"Office Star - Contemporary Task Swivel chair with 2-way adjustable arms, Plum",Furniture,Chairs
8534,OFF-BI-10004376,"Ibico Index Tab, Economy",Office Supplies,Binders
8535,OFF-FA-10003050,"Stockwell Paper Clips, Metal",Office Supplies,Fasteners
8536,OFF-BI-10004809,"Acco Binder Covers, Economy",Office Supplies,Binders
8537,OFF-AR-10001738,"Binney & Smith Canvas, Easy-Erase",Office Supplies,Art
8538,FUR-CH-10001271,"SAFCO Executive Leather Armchair, Red",Furniture,Chairs
8539,TEC-PH-10004345,Cisco SPA 502G IP Phone,Technology,Phones
8540,OFF-EN-10000352,"GlobeWeis Peel and Seal, Recycled",Office Supplies,Envelopes
8541,TEC-CO-10002550,"Sharp Ink, Digital",Technology,Copiers
8542,FUR-BO-10002853,O'Sullivan 5-Shelf Heavy-Duty Bookcases,Furniture,Bookcases
8543,OFF-EN-10000315,"Kraft Manila Envelope, Recycled",Office Supplies,Envelopes
8544,OFF-LA-10002381,Avery 497,Office Supplies,Labels
8545,OFF-EN-10002986,"#10-4 1/8"" x 9 1/2"" Premium Diagonal Seam Envelopes",Office Supplies,Envelopes
8546,FUR-FU-10002030,"Executive Impressions 14"" Contract Wall Clock with Quartz Movement",Furniture,Furnishings
8547,OFF-OIC-10003518,"OIC Rubber Bands, Assorted Sizes",Office Supplies,Fasteners
8548,OFF-PA-10000605,Xerox 1950,Office Supplies,Paper
8549,OFF-STO-10002857,"Stockwell Push Pins, 12 Pack",Office Supplies,Fasteners
8550,OFF-STO-10004302,"Stockwell Paper Clips, Bulk Pack",Office Supplies,Fasteners
8551,OFF-AP-10003577,"Hoover Stove, Silver",Office Supplies,Appliances
8552,TEC-AC-10003180,"Belkin Router, USB",Technology,Accessories
8553,TEC-CO-10000338,"Hewlett Fax and Copier, High-Speed",Technology,Copiers
8554,TEC-PH-10002641,"Motorola Office Telephone, Full Size",Technology,Phones
8555,FUR-BO-10004103,"Dania Library with Doors, Pine",Furniture,Bookcases
8556,TEC-CO-10001142,"Brother Ink, Digital",Technology,Copiers
8557,TEC-MA-10004428,"Panasonic Card Printer, Durable",Technology,Machines
8558,OFF-EN-10004443,"Ames Mailers, Security-Tint",Office Supplies,Envelopes
8559,OFF-PA-10002073,"Green Bar Parchment Paper, 8.5 x 11",Office Supplies,Paper
8560,OFF-AP-10000023,"Breville Toaster, Black",Office Supplies,Appliances
8561,TEC-AC-10001831,"Memorex Keyboard, Bluetooth",Technology,Accessories
8562,OFF-AR-10004132,"Boston Pens, Blue",Office Supplies,Art
8563,OFF-BI-10003417,"Ibico Hole Reinforcements, Economy",Office Supplies,Binders
8564,OFF-ST-10004950,"Tenex Personal Filing Tote With Secure Closure Lid, Black/Frost",Office Supplies,Storage
8565,OFF-PA-10004359,"Xerox Computer Printout Paper, Premium",Office Supplies,Paper
8566,OFF-PA-10004020,"SanDisk Message Books, 8.5 x 11",Office Supplies,Paper
8567,OFF-PA-10004648,"Xerox Message Books, Recycled",Office Supplies,Paper
8568,OFF-PA-10001086,"Enermax Cards & Envelopes, Multicolor",Office Supplies,Paper
8569,OFF-AP-10000437,"KitchenAid Refrigerator, Red",Office Supplies,Appliances
8570,FUR-BO-10002277,"Bush Floating Shelf Set, Mobile",Furniture,Bookcases
8571,OFF-AR-10000603,"Boston Highlighters, Water Color",Office Supplies,Art
8572,OFF-FA-10002639,"Advantus Staples, Metal",Office Supplies,Fasteners
8573,OFF-PA-10004034,"Green Bar Parchment Paper, 8.5 x 11",Office Supplies,Paper
8574,OFF-SU-10001877,"Elite Ruler, High Speed",Office Supplies,Supplies
8575,TEC-AC-10001500,"Logitech Memory Card, Erganomic",Technology,Accessories
8576,FUR-BO-10003661,"Sauder Floating Shelf Set, Traditional",Furniture,Bookcases
8577,OFF-PA-10004185,"SanDisk Message Books, Recycled",Office Supplies,Paper
8578,FUR-ADV-10003147,"Advantus Stacking Tray, Erganomic",Furniture,Furnishings
8579,FUR-SAF-10001873,"SAFCO Bag Chairs, Set of Two",Furniture,Chairs
8580,OFF-LA-10003511,"Avery Round Labels, Adjustable",Office Supplies,Labels
8581,TEC-MOT-10002560,"Motorola Signal Booster, Full Size",Technology,Phones
8582,TEC-PH-10002695,"Samsung Headset, with Caller ID",Technology,Phones
8583,TEC-APP-10001732,"Apple Headset, Cordless",Technology,Phones
8584,FUR-FU-10001977,"Deflect-O Frame, Erganomic",Furniture,Furnishings
8585,TEC-AC-10004904,"Enermax Mouse, Erganomic",Technology,Accessories
8586,OFF-BI-10003768,"Acco Index Tab, Clear",Office Supplies,Binders
8587,OFF-LA-10002868,"Hon Removable Labels, 5000 Label Set",Office Supplies,Labels
8588,OFF-LA-10000157,"Novimex Shipping Labels, Laser Printer Compatible",Office Supplies,Labels
8589,FUR-FU-10000188,"Tenex Frame, Duo Pack",Furniture,Furnishings
8590,FUR-CH-10004101,"SAFCO Swivel Stool, Adjustable",Furniture,Chairs
8591,TEC-AC-10003554,"Belkin Numeric Keypad, USB",Technology,Accessories
8592,OFF-AP-10000604,"Breville Microwave, Silver",Office Supplies,Appliances
8593,OFF-FA-10001175,"OIC Staples, Bulk Pack",Office Supplies,Fasteners
8594,OFF-BI-10001613,"Ibico Hole Reinforcements, Clear",Office Supplies,Binders
8595,FUR-TA-10002699,"Hon Round Table, Rectangular",Furniture,Tables
8596,TEC-AC-10001714,Logitech MX Performance Wireless Mouse,Technology,Accessories
8597,OFF-SU-10000175,"Elite Scissors, Easy Grip",Office Supplies,Supplies
8598,OFF-AR-10003958,Newell 337,Office Supplies,Art
8599,TEC-MA-10003909,"StarTech Calculator, Red",Technology,Machines
8600,OFF-ST-10001357,"Eldon Lockers, Single Width",Office Supplies,Storage
8601,OFF-AR-10000422,"Stanley Markers, Blue",Office Supplies,Art
8602,OFF-AR-10003691,"Stanley Sketch Pad, Easy-Erase",Office Supplies,Art
8603,OFF-SU-10003592,"Acme Ruler, High Speed",Office Supplies,Supplies
8604,OFF-PA-10001576,"Eaton Memo Slips, Multicolor",Office Supplies,Paper
8605,TEC-MA-10002080,"Epson Printer, Durable",Technology,Machines
8606,OFF-PA-10000752,"Xerox Note Cards, Premium",Office Supplies,Paper
8607,OFF-EN-10002372,"GlobeWeis Manila Envelope, Security-Tint",Office Supplies,Envelopes
8608,TEC-PH-10004080,Avaya 5410 Digital phone,Technology,Phones
8609,FUR-TA-10002571,"Chromcraft Coffee Table, Adjustable Height",Furniture,Tables
8610,TEC-AC-10000420,Logitech G500s Laser Gaming Mouse with Adjustable Weight Tuning,Technology,Accessories
8611,OFF-AME-10000244,"Ames Manila Envelope, Security-Tint",Office Supplies,Envelopes
8612,OFF-EN-10004526,"GlobeWeis Mailers, Recycled",Office Supplies,Envelopes
8613,OFF-SU-10004192,"Fiskars Ruler, Easy Grip",Office Supplies,Supplies
8614,OFF-EN-10004473,"Ames Interoffice Envelope, with clear poly window",Office Supplies,Envelopes
8615,OFF-LA-10003678,"Hon Round Labels, 5000 Label Set",Office Supplies,Labels
8616,FUR-CH-10003836,"Harbour Creations Rocking Chair, Red",Furniture,Chairs
8617,TEC-CO-10000395,"Hewlett Fax Machine, Laser",Technology,Copiers
8618,TEC-LOG-10003651,"Logitech Router, Programmable",Technology,Accessories
8619,TEC-BRO-10001293,"Brother Personal Copier, Laser",Technology,Copiers
8620,OFF-AP-10003363,"Hoover Blender, White",Office Supplies,Appliances
8621,TEC-MA-10002055,"Epson Calculator, Wireless",Technology,Machines
8622,OFF-JIF-10003890,"Jiffy Peel and Seal, Recycled",Office Supplies,Envelopes
8623,TEC-CO-10003448,"Canon Personal Copier, Laser",Technology,Copiers
8624,TEC-PH-10000148,Cyber Acoustics AC-202b Speech Recognition Stereo Headset,Technology,Phones
8625,FUR-TA-10001205,"Chromcraft Wood Table, Rectangular",Furniture,Tables
8626,TEC-CO-10003917,"HP Fax and Copier, Digital",Technology,Copiers
8627,FUR-BO-10003159,"Dania Stackable Bookrack, Pine",Furniture,Bookcases
8628,OFF-AR-10000655,"Stanley Sketch Pad, Blue",Office Supplies,Art
8629,FUR-FU-10003374,Electrix Fluorescent Magnifier Lamps & Weighted Base,Furniture,Furnishings
8630,OFF-AP-10003909,"KitchenAid Blender, Black",Office Supplies,Appliances
8631,FUR-CH-10004365,"Novimex Rocking Chair, Black",Furniture,Chairs
8632,TEC-AC-10004811,"Memorex Flash Drive, USB",Technology,Accessories
8633,OFF-EN-10001728,"Jiffy Interoffice Envelope, Recycled",Office Supplies,Envelopes
8634,FUR-CH-10002152,"Hon Bag Chairs, Set of Two",Furniture,Chairs
8635,TEC-HP -10001426,"HP Personal Copier, Color",Technology,Copiers
8636,OFF-FIS-10004183,"Fiskars Scissors, Serrated",Office Supplies,Supplies
8637,TEC-AC-10003027,Imation 8GB Mini TravelDrive USB 2.0 Flash Drive,Technology,Accessories
8638,TEC-AC-10001030,"Memorex Flash Drive, Erganomic",Technology,Accessories
8639,OFF-FIS-10002661,"Fiskars Shears, Steel",Office Supplies,Supplies
8640,OFF-FA-10001838,"Stockwell Paper Clips, Metal",Office Supplies,Fasteners
8641,OFF-SU-10002423,"Acme Shears, Steel",Office Supplies,Supplies
8642,OFF-PA-10002043,"SanDisk Cards & Envelopes, 8.5 x 11",Office Supplies,Paper
8643,OFF-AVE-10004732,"Avery Round Labels, 5000 Label Set",Office Supplies,Labels
8644,FUR-TA-10000434,"Chromcraft Coffee Table, with Bottom Storage",Furniture,Tables
8645,TEC-CO-10001937,"Brother Fax and Copier, High-Speed",Technology,Copiers
8646,TEC-LOG-10001137,"Logitech Keyboard, Bluetooth",Technology,Accessories
8647,TEC-AC-10003964,"SanDisk Flash Drive, USB",Technology,Accessories
8648,OFF-CUI-10002022,"Cuisinart Refrigerator, Black",Office Supplies,Appliances
8649,FUR-SAF-10003819,"SAFCO Swivel Stool, Set of Two",Furniture,Chairs
8650,TEC-NOK-10001844,"Nokia Office Telephone, with Caller ID",Technology,Phones
8651,FUR-TA-10000317,"Barricks Computer Table, Fully Assembled",Furniture,Tables
8652,TEC-BRO-10003555,"Brother Ink, High-Speed",Technology,Copiers
8653,FUR-TA-10001100,"Barricks Computer Table, Fully Assembled",Furniture,Tables
8654,TEC-PH-10004503,"Apple Audio Dock, VoIP",Technology,Phones
8655,FUR-BO-10001276,"Safco Floating Shelf Set, Mobile",Furniture,Bookcases
8656,TEC-PH-10001900,"Motorola Signal Booster, VoIP",Technology,Phones
8657,FUR-CH-10004943,"Office Star Bag Chairs, Adjustable",Furniture,Chairs
8658,OFF-STI-10002040,"Stiletto Ruler, Easy Grip",Office Supplies,Supplies
8659,OFF-EN-10003619,"Kraft Manila Envelope, with clear poly window",Office Supplies,Envelopes
8660,FUR-BAR-10004434,"Barricks Wood Table, Rectangular",Furniture,Tables
8661,FUR-TA-10003855,"Lesro Round Table, with Bottom Storage",Furniture,Tables
8662,TEC-AC-10002110,"Memorex Mouse, Programmable",Technology,Accessories
8663,OFF-EN-10003352,"Kraft Manila Envelope, with clear poly window",Office Supplies,Envelopes
8664,OFF-AR-10003477,4009 Highlighters,Office Supplies,Art
8665,OFF-HAR-10000187,"Harbour Creations Color Coded Labels, Alphabetical",Office Supplies,Labels
8666,FUR-IKE-10002147,"Ikea Classic Bookcase, Metal",Furniture,Bookcases
8667,FUR-CH-10002589,"SAFCO Steel Folding Chair, Red",Furniture,Chairs
8668,OFF-ACM-10001704,"Acme Letter Opener, Serrated",Office Supplies,Supplies
8669,FUR-FU-10002185,"Eldon Photo Frame, Durable",Furniture,Furnishings
8670,OFF-ADV-10004228,"Advantus Push Pins, Assorted Sizes",Office Supplies,Fasteners
8671,OFF-PA-10000007,"Telephone Message Books with Fax/Mobile Section, 4 1/4"" x 6""",Office Supplies,Paper
8672,FUR-FU-10001477,"Rubbermaid Stacking Tray, Black",Furniture,Furnishings
8673,OFF-AR-10000315,"Dixon Ticonderoga Maple Cedar Pencil, #2",Office Supplies,Art
8674,OFF-STA-10004327,"Stanley Markers, Blue",Office Supplies,Art
8675,OFF-EN-10004186,"Cameo Mailers, Set of 50",Office Supplies,Envelopes
8676,OFF-LA-10004182,"Hon Color Coded Labels, 5000 Label Set",Office Supplies,Labels
8677,OFF-EN-10002613,"Ames Clasp Envelope, Security-Tint",Office Supplies,Envelopes
8678,TEC-PH-10004327,"Motorola Smart Phone, Full Size",Technology,Phones
8679,TEC-AC-10000530,"Logitech Memory Card, Bluetooth",Technology,Accessories
8680,FUR-BO-10001714,"Dania Floating Shelf Set, Mobile",Furniture,Bookcases
8681,FUR-FU-10001132,"Deflect-O Frame, Erganomic",Furniture,Furnishings
8682,OFF-AR-10000785,"BIC Sketch Pad, Water Color",Office Supplies,Art
8683,TEC-AC-10002581,"SanDisk Flash Drive, Erganomic",Technology,Accessories
8684,TEC-PH-10004241,Nokia Lumia 1020,Technology,Phones
8685,FUR-CH-10001190,Global Deluxe High-Back Office Chair in Storm,Furniture,Chairs
8686,FUR-TA-10004256,Bretford Just In Time Height-Adjustable Multi-Task Work Tables,Furniture,Tables
8687,FUR-BO-10001524,"Bush Stackable Bookrack, Pine",Furniture,Bookcases
8688,OFF-PA-10002930,"SanDisk Cards & Envelopes, Premium",Office Supplies,Paper
8689,OFF-LA-10003821,"Smead Shipping Labels, Alphabetical",Office Supplies,Labels
8690,OFF-LA-10001256,"Novimex Round Labels, Alphabetical",Office Supplies,Labels
8691,TEC-KON-10000562,"Konica Phone, Wireless",Technology,Machines
8692,FUR-TA-10002172,"Hon Conference Table, Rectangular",Furniture,Tables
8693,TEC-CIS-10003501,"Cisco Signal Booster, Full Size",Technology,Phones
8694,OFF-PA-10002764,Staples,Office Supplies,Paper
8695,FUR-TA-10002966,"Chromcraft Computer Table, Fully Assembled",Furniture,Tables
8696,OFF-AR-10004373,"Boston Markers, Water Color",Office Supplies,Art
8697,OFF-ST-10000103,"Smead Lockers, Industrial",Office Supplies,Storage
8698,FUR-NOV-10004602,"Novimex Executive Leather Armchair, Red",Furniture,Chairs
8699,FUR-FU-10003601,"Deflect-o RollaMat Studded, Beveled Mat for Medium Pile Carpeting",Furniture,Furnishings
8700,OFF-LA-10003278,"Novimex Shipping Labels, 5000 Label Set",Office Supplies,Labels
8701,OFF-ACC-10004430,"Accos Rubber Bands, 12 Pack",Office Supplies,Fasteners
8702,FUR-BO-10003043,"Dania 3-Shelf Cabinet, Mobile",Furniture,Bookcases
8703,FUR-TA-10002523,"Barricks Training Table, Rectangular",Furniture,Tables
8704,OFF-AP-10003259,"Cuisinart Refrigerator, Silver",Office Supplies,Appliances
8705,TEC-PH-10001448,Anker Astro 15000mAh USB Portable Charger,Technology,Phones
8706,FUR-FU-10001557,"Advantus Clock, Duo Pack",Furniture,Furnishings
8707,FUR-TA-10002860,"Hon Training Table, with Bottom Storage",Furniture,Tables
8708,FUR-OFF-10001552,"Office Star Bag Chairs, Set of Two",Furniture,Chairs
8709,OFF-EN-10001997,"GlobeWeis Business Envelopes, with clear poly window",Office Supplies,Envelopes
8710,FUR-SAF-10002757,"SAFCO Rocking Chair, Red",Furniture,Chairs
8711,OFF-ACM-10000277,"Acme Ruler, High Speed",Office Supplies,Supplies
8712,TEC-CO-10004377,"Brother Fax Machine, High-Speed",Technology,Copiers
8713,FUR-BEV-10000326,"Bevis Wood Table, Rectangular",Furniture,Tables
8714,TEC-AC-10004813,"SanDisk Keyboard, Bluetooth",Technology,Accessories
8715,TEC-PH-10001590,"Motorola Headset, with Caller ID",Technology,Phones
8716,OFF-ST-10004382,"Tenex Folders, Industrial",Office Supplies,Storage
8717,FUR-CH-10000414,"Novimex Chairmat, Black",Furniture,Chairs
8718,TEC-AC-10002257,"Logitech Numeric Keypad, Bluetooth",Technology,Accessories
8719,FUR-CH-10003312,"SAFCO Swivel Stool, Adjustable",Furniture,Chairs
8720,FUR-BO-10003046,"Safco Library with Doors, Mobile",Furniture,Bookcases
8721,FUR-FU-10001890,"Eldon Clock, Durable",Furniture,Furnishings
8722,OFF-LA-10004050,"Hon Color Coded Labels, Laser Printer Compatible",Office Supplies,Labels
8723,OFF-FA-10002790,"Stockwell Push Pins, 12 Pack",Office Supplies,Fasteners
8724,TEC-SHA-10002034,"Sharp Personal Copier, Laser",Technology,Copiers
8725,OFF-AR-10000347,"Sanford Highlighters, Easy-Erase",Office Supplies,Art
8726,FUR-FU-10004704,"Deflect-O Door Stop, Black",Furniture,Furnishings
8727,OFF-BI-10004700,"Cardinal Binder, Durable",Office Supplies,Binders
8728,TEC-AC-10000857,"Belkin Router, Programmable",Technology,Accessories
8729,OFF-LA-10001383,"Smead Shipping Labels, Adjustable",Office Supplies,Labels
8730,FUR-CH-10004309,"SAFCO Steel Folding Chair, Adjustable",Furniture,Chairs
8731,FUR-FU-10000950,"Deflect-O Door Stop, Durable",Furniture,Furnishings
8732,OFF-LA-10004488,"Novimex Color Coded Labels, Adjustable",Office Supplies,Labels
8733,TEC-MA-10002268,"StarTech Receipt Printer, White",Technology,Machines
8734,OFF-LA-10001803,"Avery Legal Exhibit Labels, Adjustable",Office Supplies,Labels
8735,TEC-AC-10001949,"Enermax Router, Bluetooth",Technology,Accessories
8736,OFF-SU-10004794,"Stiletto Shears, Steel",Office Supplies,Supplies
8737,OFF-LA-10004594,"Avery Color Coded Labels, Adjustable",Office Supplies,Labels
8738,TEC-AC-10004269,"Belkin Memory Card, USB",Technology,Accessories
8739,TEC-AC-10000519,"Belkin Keyboard, Programmable",Technology,Accessories
8740,TEC-AC-10000450,"Enermax Keyboard, USB",Technology,Accessories
8741,OFF-EN-10004404,"Jiffy Manila Envelope, with clear poly window",Office Supplies,Envelopes
8742,OFF-SU-10001406,"Fiskars Box Cutter, High Speed",Office Supplies,Supplies
8743,OFF-FA-10004156,"Stockwell Push Pins, 12 Pack",Office Supplies,Fasteners
8744,OFF-AR-10000740,"Binney & Smith Pens, Easy-Erase",Office Supplies,Art
8745,FUR-CH-10001153,"Harbour Creations Bag Chairs, Adjustable",Furniture,Chairs
8746,FUR-CH-10001802,Hon Every-Day Chair Series Swivel Task Chairs,Furniture,Chairs
8747,OFF-BI-10001858,"Ibico Binding Machine, Durable",Office Supplies,Binders
8748,TEC-CIS-10002986,"Cisco Speaker Phone, Cordless",Technology,Phones
8749,OFF-AP-10004233,Honeywell Enviracaire Portable Air Cleaner for up to 8 x 10 Room,Office Supplies,Appliances
8750,OFF-LA-10002159,"Hon Removable Labels, Adjustable",Office Supplies,Labels
8751,FUR-CHR-10002165,"Chromcraft Wood Table, Adjustable Height",Furniture,Tables
8752,TEC-CO-10004567,"Brother Fax Machine, Color",Technology,Copiers
8753,TEC-CO-10001445,"Brother Personal Copier, High-Speed",Technology,Copiers
8754,OFF-AP-10002421,"Breville Stove, Silver",Office Supplies,Appliances
8755,TEC-MA-10002521,"Okidata Card Printer, Wireless",Technology,Machines
8756,TEC-CO-10001839,"Hewlett Fax and Copier, Laser",Technology,Copiers
8757,FUR-FU-10000366,"Deflect-O Door Stop, Durable",Furniture,Furnishings
8758,OFF-PA-10004842,"SanDisk Message Books, Recycled",Office Supplies,Paper
8759,TEC-MA-10000461,"Epson Inkjet, Wireless",Technology,Machines
8760,OFF-NOV-10000986,"Novimex File Folder Labels, Adjustable",Office Supplies,Labels
8761,OFF-PA-10003715,"Xerox Computer Printout Paper, Recycled",Office Supplies,Paper
8762,TEC-CO-10003307,"Hewlett Fax and Copier, Digital",Technology,Copiers
8763,TEC-SAM-10003948,"Samsung Signal Booster, with Caller ID",Technology,Phones
8764,TEC-APP-10004296,"Apple Speaker Phone, Full Size",Technology,Phones
8765,OFF-ADV-10003196,"Advantus Staples, Assorted Sizes",Office Supplies,Fasteners
8766,OFF-AP-10004511,"Cuisinart Refrigerator, Black",Office Supplies,Appliances
8767,OFF-AR-10000452,"Boston Pencil Sharpener, Fluorescent",Office Supplies,Art
8768,OFF-ACM-10003715,"Acme Shears, Serrated",Office Supplies,Supplies
8769,FUR-ELD-10004727,"Eldon Stacking Tray, Black",Furniture,Furnishings
8770,OFF-FEL-10001796,"Fellowes Trays, Single Width",Office Supplies,Storage
8771,OFF-AP-10002252,"Cuisinart Stove, Black",Office Supplies,Appliances
8772,FUR-FU-10000913,"Rubbermaid Door Stop, Durable",Furniture,Furnishings
8773,OFF-ACC-10004278,"Accos Paper Clips, Bulk Pack",Office Supplies,Fasteners
8774,FUR-TA-10001229,"Chromcraft Computer Table, Rectangular",Furniture,Tables
8775,FUR-CH-10004506,"Novimex Steel Folding Chair, Set of Two",Furniture,Chairs
8776,FUR-CH-10001492,"Novimex Executive Leather Armchair, Adjustable",Furniture,Chairs
8777,TEC-STA-10002650,"StarTech Card Printer, Wireless",Technology,Machines
8778,OFF-SU-10004091,"Elite Ruler, Serrated",Office Supplies,Supplies
8779,OFF-AP-10003590,"KitchenAid Refrigerator, Black",Office Supplies,Appliances
8780,FUR-CH-10001203,"Novimex Steel Folding Chair, Set of Two",Furniture,Chairs
8781,OFF-AP-10000825,"KitchenAid Coffee Grinder, White",Office Supplies,Appliances
8782,OFF-AR-10004068,"Boston Markers, Fluorescent",Office Supplies,Art
8783,OFF-AR-10000027,"Boston Pencil Sharpener, Easy-Erase",Office Supplies,Art
8784,FUR-FU-10004053,DAX Two-Tone Silver Metal Document Frame,Furniture,Furnishings
8785,OFF-ENE-10002038,"Enermax Message Books, Premium",Office Supplies,Paper
8786,FUR-FU-10000163,"Deflect-O Frame, Duo Pack",Furniture,Furnishings
8787,OFF-HAM-10003040,"Hamilton Beach Stove, White",Office Supplies,Appliances
8788,FUR-TA-10004667,"Bevis Wood Table, Adjustable Height",Furniture,Tables
8789,FUR-FU-10000298,"Eldon Photo Frame, Duo Pack",Furniture,Furnishings
8790,OFF-BI-10003919,"Ibico 3-Hole Punch, Recycled",Office Supplies,Binders
8791,TEC-CO-10000135,"HP Wireless Fax, High-Speed",Technology,Copiers
8792,TEC-PH-10003535,RCA ViSYS 25423RE1 Corded phone,Technology,Phones
8793,OFF-ST-10003648,"Smead Folders, Wire Frame",Office Supplies,Storage
8794,FUR-FU-10000647,"Tenex Door Stop, Erganomic",Furniture,Furnishings
8795,FUR-OFF-10002511,"Office Star Steel Folding Chair, Black",Furniture,Chairs
8796,FUR-TA-10004915,"Office Impressions End Table, 20-1/2""H x 24""W x 20""D",Furniture,Tables
8797,OFF-KIT-10000964,"KitchenAid Coffee Grinder, White",Office Supplies,Appliances
8798,FUR-CH-10002209,"Novimex Chairmat, Red",Furniture,Chairs
8799,OFF-PA-10001892,"Rediform Wirebound ""Phone Memo"" Message Book, 11 x 5-3/4",Office Supplies,Paper
8800,OFF-CAM-10003605,"Cameo Peel and Seal, Security-Tint",Office Supplies,Envelopes
8801,FUR-CH-10002226,"Hon Steel Folding Chair, Black",Furniture,Chairs
8802,OFF-AR-10003727,Berol Giant Pencil Sharpener,Office Supplies,Art
8803,OFF-FA-10004775,"Accos Staples, 12 Pack",Office Supplies,Fasteners
8804,OFF-LA-10002731,"Smead Removable Labels, Laser Printer Compatible",Office Supplies,Labels
8805,FUR-TA-10000403,"Barricks Wood Table, Adjustable Height",Furniture,Tables
8806,OFF-PA-10001761,"Eaton Message Books, Multicolor",Office Supplies,Paper
8807,TEC-SAN-10004999,"SanDisk Flash Drive, Programmable",Technology,Accessories
8808,OFF-AP-10002872,"Cuisinart Coffee Grinder, White",Office Supplies,Appliances
8809,TEC-PH-10002365,Belkin Grip Candy Sheer Case / Cover for iPhone 5 and 5S,Technology,Phones
8810,TEC-MA-10000984,Okidata MB760 Printer,Technology,Machines
8811,OFF-SU-10001698,"Stiletto Box Cutter, Steel",Office Supplies,Supplies
8812,TEC-PAN-10001674,"Panasonic Receipt Printer, White",Technology,Machines
8813,TEC-MA-10002148,"Epson Printer, Durable",Technology,Machines
8814,TEC-MA-10002614,"Okidata Receipt Printer, Wireless",Technology,Machines
8815,TEC-AC-10000254,"Enermax Flash Drive, Bluetooth",Technology,Accessories
8816,FUR-BO-10004926,"Safco 3-Shelf Cabinet, Traditional",Furniture,Bookcases
8817,OFF-STI-10001162,"Stiletto Letter Opener, Steel",Office Supplies,Supplies
8818,TEC-MA-10000888,"Okidata Phone, White",Technology,Machines
8819,OFF-ELI-10000797,"Elite Ruler, High Speed",Office Supplies,Supplies
8820,OFF-SAN-10001542,"SanDisk Note Cards, Multicolor",Office Supplies,Paper
8821,TEC-AC-10003615,"SanDisk Router, Programmable",Technology,Accessories
8822,OFF-AP-10002577,"Hamilton Beach Coffee Grinder, Black",Office Supplies,Appliances
8823,OFF-BI-10001645,"Ibico Binding Machine, Recycled",Office Supplies,Binders
8824,FUR-NOV-10000323,"Novimex Executive Leather Armchair, Adjustable",Furniture,Chairs
8825,OFF-PA-10004022,Hammermill Color Copier Paper (28Lb. and 96 Bright),Office Supplies,Paper
8826,OFF-STI-10000114,"Stiletto Letter Opener, High Speed",Office Supplies,Supplies
8827,OFF-BRE-10003295,"Breville Microwave, Red",Office Supplies,Appliances
8828,TEC-MA-10001148,Okidata MB491 Multifunction Printer,Technology,Machines
8829,OFF-AP-10000326,Belkin 7 Outlet SurgeMaster Surge Protector with Phone Protection,Office Supplies,Appliances
8830,OFF-BI-10004318,Ibico EB-19 Dual Function Manual Binding System,Office Supplies,Binders
8831,FUR-FU-10004712,"Westinghouse Mesh Shade Clip-On Gooseneck Lamp, Black",Furniture,Furnishings
8832,OFF-EN-10001832,"Kraft Clasp Envelope, Set of 50",Office Supplies,Envelopes
8833,OFF-ST-10004687,"Eldon Lockers, Industrial",Office Supplies,Storage
8834,TEC-MA-10002571,"Konica Phone, Durable",Technology,Machines
8835,OFF-AP-10004919,"Hamilton Beach Blender, White",Office Supplies,Appliances
8836,OFF-ACC-10004748,"Accos Push Pins, 12 Pack",Office Supplies,Fasteners
8837,TEC-AC-10004855,V7 USB Numeric Keypad,Technology,Accessories
8838,OFF-BI-10003870,"Wilson Jones Binder Covers, Economy",Office Supplies,Binders
8839,TEC-PH-10002774,"Nokia Smart Phone, with Caller ID",Technology,Phones
8840,OFF-AP-10000391,"Hamilton Beach Coffee Grinder, Black",Office Supplies,Appliances
8841,TEC-EPS-10001341,"Epson Calculator, White",Technology,Machines
8842,FUR-BO-10002202,"Atlantic Metals Mobile 2-Shelf Bookcases, Custom Colors",Furniture,Bookcases
8843,OFF-AP-10000545,"Cuisinart Toaster, Black",Office Supplies,Appliances
8844,OFF-EN-10004820,"Cameo Manila Envelope, Security-Tint",Office Supplies,Envelopes
8845,TEC-PH-10000004,Belkin iPhone and iPad Lightning Cable,Technology,Phones
8846,TEC-CO-10004191,"HP Ink, Laser",Technology,Copiers
8847,OFF-PA-10004835,"Enermax Computer Printout Paper, Multicolor",Office Supplies,Paper
8848,TEC-AC-10000598,"Belkin Flash Drive, USB",Technology,Accessories
8849,OFF-AP-10000653,"Hamilton Beach Blender, Black",Office Supplies,Appliances
8850,OFF-AR-10004956,Newell 33,Office Supplies,Art
8851,OFF-AVE-10001079,"Avery File Folder Labels, Laser Printer Compatible",Office Supplies,Labels
8852,OFF-BI-10004465,Avery Durable Slant Ring Binders,Office Supplies,Binders
8853,OFF-BI-10002510,"Acco Index Tab, Clear",Office Supplies,Binders
8854,OFF-SU-10000102,"Stiletto Box Cutter, Easy Grip",Office Supplies,Supplies
8855,FUR-FU-10002722,"Tenex Photo Frame, Erganomic",Furniture,Furnishings
8856,TEC-PH-10001475,"Cisco Office Telephone, VoIP",Technology,Phones
8857,OFF-PA-10002292,"SanDisk Computer Printout Paper, Recycled",Office Supplies,Paper
8858,FUR-TA-10003006,"Hon Wood Table, Rectangular",Furniture,Tables
8859,TEC-PH-10002799,"Apple Audio Dock, Full Size",Technology,Phones
8860,OFF-BIN-10001715,"Binney & Smith Canvas, Easy-Erase",Office Supplies,Art
8861,TEC-PH-10000571,"Apple Audio Dock, with Caller ID",Technology,Phones
8862,OFF-AR-10001570,"Sanford Canvas, Water Color",Office Supplies,Art
8863,OFF-ST-10004050,"Fellowes Folders, Blue",Office Supplies,Storage
8864,FUR-BO-10004098,"Ikea Stackable Bookrack, Pine",Furniture,Bookcases
8865,OFF-PA-10001994,"Ink Jet Note and Greeting Cards, 8-1/2"" x 5-1/2"" Card Size",Office Supplies,Paper
8866,OFF-EN-10000694,"GlobeWeis Business Envelopes, Security-Tint",Office Supplies,Envelopes
8867,FUR-RUB-10004633,"Rubbermaid Stacking Tray, Durable",Furniture,Furnishings
8868,TEC-CO-10000415,"Brother Ink, Color",Technology,Copiers
8869,FUR-BO-10003713,"Sauder Corner Shelving, Mobile",Furniture,Bookcases
8870,FUR-TA-10000518,"Chromcraft Round Table, Fully Assembled",Furniture,Tables
8871,OFF-FA-10003685,"Stockwell Rubber Bands, Bulk Pack",Office Supplies,Fasteners
8872,OFF-FA-10003429,"Accos Paper Clips, Metal",Office Supplies,Fasteners
8873,OFF-FA-10002815,"Stockwell Thumb Tacks, 12 Pack",Office Supplies,Fasteners
8874,OFF-EN-10000648,"Jiffy Peel and Seal, with clear poly window",Office Supplies,Envelopes
8875,OFF-BI-10002432,"Ibico Binder, Recycled",Office Supplies,Binders
8876,FUR-BO-10003287,"Dania Corner Shelving, Traditional",Furniture,Bookcases
8877,FUR-FU-10003731,"Eldon Expressions Wood and Plastic Desk Accessories, Oak",Furniture,Furnishings
8878,OFF-LA-10004400,"Hon Legal Exhibit Labels, Laser Printer Compatible",Office Supplies,Labels
8879,TEC-CO-10002326,"Canon Copy Machine, Color",Technology,Copiers
8880,OFF-GRE-10002738,"Green Bar Cards & Envelopes, Premium",Office Supplies,Paper
8881,TEC-PH-10000141,Clearsounds A400,Technology,Phones
8882,OFF-BRE-10004310,"Breville Blender, Black",Office Supplies,Appliances
8883,OFF-FA-10001650,"OIC Push Pins, Metal",Office Supplies,Fasteners
8884,OFF-LA-10001297,Avery 473,Office Supplies,Labels
8885,OFF-SU-10000946,Staples,Office Supplies,Supplies
8886,OFF-AR-10004974,Newell 342,Office Supplies,Art
8887,FUR-BO-10004371,"Dania Classic Bookcase, Pine",Furniture,Bookcases
8888,FUR-FU-10004497,"Tenex Door Stop, Erganomic",Furniture,Furnishings
8889,FUR-OFF-10003104,"Office Star Bag Chairs, Red",Furniture,Chairs
8890,OFF-BI-10001279,"Wilson Jones 3-Hole Punch, Durable",Office Supplies,Binders
8891,TEC-CO-10000452,"HP Copy Machine, Laser",Technology,Copiers
8892,TEC-CO-10001487,"Canon Ink, Digital",Technology,Copiers
8893,OFF-PA-10003920,"Xerox Parchment Paper, Premium",Office Supplies,Paper
8894,OFF-OIC-10001477,"OIC Push Pins, Bulk Pack",Office Supplies,Fasteners
8895,OFF-HOO-10001105,"Hoover Refrigerator, Silver",Office Supplies,Appliances
8896,FUR-FU-10000612,"Tenex Frame, Black",Furniture,Furnishings
8897,OFF-HOO-10003269,"Hoover Toaster, Red",Office Supplies,Appliances
8898,OFF-SAN-10001094,"SanDisk Memo Slips, 8.5 x 11",Office Supplies,Paper
8899,FUR-FU-10001194,"Rubbermaid Light Bulb, Duo Pack",Furniture,Furnishings
8900,OFF-ST-10004180,"Tenex File Cart, Single Width",Office Supplies,Storage
8901,FUR-FU-10002838,"Advantus Frame, Black",Furniture,Furnishings
8902,OFF-SU-10000723,"Kleencut Shears, Steel",Office Supplies,Supplies
8903,FUR-TA-10002638,"Barricks Wood Table, Rectangular",Furniture,Tables
8904,OFF-AP-10001956,"Breville Refrigerator, Black",Office Supplies,Appliances
8905,FUR-TA-10001327,"Barricks Training Table, Rectangular",Furniture,Tables
8906,TEC-PH-10001076,"Nokia Smart Phone, Cordless",Technology,Phones
8907,OFF-PA-10004243,Xerox 1939,Office Supplies,Paper
8908,OFF-ST-10001627,Eldon Jumbo ProFile Portable File Boxes Graphite/Black,Office Supplies,Storage
8909,OFF-LA-10003058,"Novimex Legal Exhibit Labels, Adjustable",Office Supplies,Labels
8910,TEC-KON-10000837,"Konica Printer, Durable",Technology,Machines
8911,FUR-TA-10001531,"Lesro Training Table, Adjustable Height",Furniture,Tables
8912,OFF-SU-10002419,"Fiskars Letter Opener, Easy Grip",Office Supplies,Supplies
8913,FUR-FU-10002597,"C-Line Magnetic Cubicle Keepers, Clear Polypropylene",Furniture,Furnishings
8914,OFF-EN-10002973,Ampad #10 Peel & Seel Holiday Envelopes,Office Supplies,Envelopes
8915,OFF-EN-10002312,#10 Self-Seal White Envelopes,Office Supplies,Envelopes
8916,FUR-BO-10001798,Bush Somerset Collection Bookcase,Furniture,Bookcases
8917,TEC-PH-10001535,"Nokia Speaker Phone, Cordless",Technology,Phones
8918,OFF-HAM-10000822,"Hamilton Beach Toaster, Black",Office Supplies,Appliances
8919,FUR-CH-10000233,"SAFCO Chairmat, Red",Furniture,Chairs
8920,OFF-AP-10001067,"Hoover Blender, Silver",Office Supplies,Appliances
8921,OFF-EN-10000726,"Jiffy Clasp Envelope, Set of 50",Office Supplies,Envelopes
8922,OFF-BI-10000831,Storex Flexible Poly Binders with Double Pockets,Office Supplies,Binders
8923,TEC-AC-10002543,"Enermax Mouse, Bluetooth",Technology,Accessories
8924,FUR-BO-10002852,"Bush Stackable Bookrack, Pine",Furniture,Bookcases
8925,OFF-EN-10004469,"Jiffy Manila Envelope, Recycled",Office Supplies,Envelopes
8926,OFF-AP-10002439,"Cuisinart Blender, Silver",Office Supplies,Appliances
8927,OFF-AR-10003085,"Stanley Markers, Easy-Erase",Office Supplies,Art
8928,OFF-FA-10002965,"Accos Clamps, Bulk Pack",Office Supplies,Fasteners
8929,TEC-CO-10001166,"HP Personal Copier, Digital",Technology,Copiers
8930,OFF-FA-10002388,"Accos Push Pins, Assorted Sizes",Office Supplies,Fasteners
8931,FUR-DAN-10001557,"Dania Floating Shelf Set, Pine",Furniture,Bookcases
8932,OFF-ST-10002105,"Smead Trays, Wire Frame",Office Supplies,Storage
8933,TEC-SHA-10004658,"Sharp Ink, Laser",Technology,Copiers
8934,OFF-PA-10000807,"TOPS ""Important Message"" Pads, Canary, 4-1/4 x 5-1/2, 50 Sheets per Pad",Office Supplies,Paper
8935,OFF-BI-10004098,"Acco 3-Hole Punch, Durable",Office Supplies,Binders
8936,TEC-AC-10004144,"SanDisk Numeric Keypad, Bluetooth",Technology,Accessories
8937,OFF-BI-10003934,"Acco Binding Machine, Clear",Office Supplies,Binders
8938,OFF-SU-10003098,"Kleencut Scissors, Easy Grip",Office Supplies,Supplies
8939,OFF-BI-10002414,GBC ProClick Spines for 32-Hole Punch,Office Supplies,Binders
8940,OFF-FA-10001104,"Stockwell Paper Clips, Assorted Sizes",Office Supplies,Fasteners
8941,OFF-AP-10002998,"KitchenAid Microwave, Red",Office Supplies,Appliances
8942,OFF-BI-10004584,GBC ProClick 150 Presentation Binding System,Office Supplies,Binders
8943,OFF-PA-10004327,Xerox 1911,Office Supplies,Paper
8944,OFF-AR-10001221,"Dixon Ticonderoga Erasable Colored Pencil Set, 12-Color",Office Supplies,Art
8945,TEC-MA-10001047,"3D Systems Cube Printer, 2nd Generation, Magenta",Technology,Machines
8946,FUR-SAF-10000881,"Safco 3-Shelf Cabinet, Metal",Furniture,Bookcases
8947,OFF-PA-10003022,Standard Line While You Were Out Hardbound Telephone Message Book,Office Supplies,Paper
8948,OFF-STI-10002245,"Stiletto Shears, Serrated",Office Supplies,Supplies
8949,OFF-PA-10002418,"Green Bar Message Books, Multicolor",Office Supplies,Paper
8950,FUR-BO-10003441,"Bush Westfield Collection Bookcases, Fully Assembled",Furniture,Bookcases
8951,TEC-AC-10003334,"SanDisk Keyboard, Bluetooth",Technology,Accessories
8952,FUR-FU-10003273,"Tenex Frame, Duo Pack",Furniture,Furnishings
8953,FUR-FU-10003798,"Ultra Door Kickplate, 8""H x 34""W",Furniture,Furnishings
8954,TEC-MA-10000811,"Okidata Phone, Durable",Technology,Machines
8955,OFF-FA-10004171,"Accos Paper Clips, Assorted Sizes",Office Supplies,Fasteners
8956,FUR-FU-10000206,"GE General Purpose, Extra Long Life, Showcase & Floodlight Incandescent Bulbs",Furniture,Furnishings
8957,OFF-FA-10003892,"OIC Push Pins, 12 Pack",Office Supplies,Fasteners
8958,OFF-EN-10000383,"Kraft Business Envelopes, Recycled",Office Supplies,Envelopes
8959,TEC-MA-10003223,"StarTech Inkjet, Durable",Technology,Machines
8960,OFF-PA-10003796,"Eaton Parchment Paper, 8.5 x 11",Office Supplies,Paper
8961,OFF-AME-10001179,"Ames Mailers, Set of 50",Office Supplies,Envelopes
8962,TEC-SHA-10004083,"Sharp Fax and Copier, Laser",Technology,Copiers
8963,OFF-SU-10003505,Premier Electric Letter Opener,Office Supplies,Supplies
8964,OFF-ST-10002505,"Tenex Box, Wire Frame",Office Supplies,Storage
8965,OFF-PA-10002193,"Xerox Memo Slips, 8.5 x 11",Office Supplies,Paper
8966,OFF-FA-10004377,"Stockwell Thumb Tacks, Metal",Office Supplies,Fasteners
8967,OFF-ST-10002460,"Rogers Shelving, Single Width",Office Supplies,Storage
8968,OFF-PA-10002421,Embossed Ink Jet Note Cards,Office Supplies,Paper
8969,OFF-PA-10003039,"Xerox Note Cards, 8.5 x 11",Office Supplies,Paper
8970,OFF-PA-10002666,Southworth 25% Cotton Linen-Finish Paper & Envelopes,Office Supplies,Paper
8971,OFF-PA-10001758,"Enermax Note Cards, Premium",Office Supplies,Paper
8972,OFF-BRE-10004933,"Breville Toaster, Silver",Office Supplies,Appliances
8973,TEC-SAM-10001131,"Samsung Smart Phone, VoIP",Technology,Phones
8974,TEC-PH-10003430,"Cisco Speaker Phone, VoIP",Technology,Phones
8975,OFF-ELI-10004597,"Elite Box Cutter, Steel",Office Supplies,Supplies
8976,FUR-HON-10001960,"Hon Wood Table, Rectangular",Furniture,Tables
8977,OFF-STO-10000128,"Stockwell Push Pins, Metal",Office Supplies,Fasteners
8978,OFF-LA-10004345,Avery 493,Office Supplies,Labels
8979,TEC-MA-10004535,"Konica Printer, White",Technology,Machines
8980,TEC-CO-10003496,"Brother Wireless Fax, Digital",Technology,Copiers
8981,TEC-CO-10003622,"Sharp Ink, Digital",Technology,Copiers
8982,OFF-PA-10002925,"Enermax Cards & Envelopes, Multicolor",Office Supplies,Paper
8983,OFF-SU-10004902,"Fiskars Ruler, Easy Grip",Office Supplies,Supplies
8984,OFF-SU-10004462,"Stiletto Scissors, Serrated",Office Supplies,Supplies
8985,OFF-SU-10003173,"Acme Ruler, Serrated",Office Supplies,Supplies
8986,OFF-FA-10004239,"Advantus Staples, Metal",Office Supplies,Fasteners
8987,FUR-TA-10003179,"Lesro Wood Table, Fully Assembled",Furniture,Tables
8988,TEC-MA-10004666,"Panasonic Inkjet, Red",Technology,Machines
8989,OFF-EN-10000075,"GlobeWeis Interoffice Envelope, Security-Tint",Office Supplies,Envelopes
8990,TEC-AC-10003951,"Belkin Mouse, Bluetooth",Technology,Accessories
8991,OFF-PA-10000476,"Eaton Computer Printout Paper, Premium",Office Supplies,Paper
8992,TEC-CO-10003448,"Canon Ink, Laser",Technology,Copiers
8993,OFF-KIT-10004058,"KitchenAid Stove, White",Office Supplies,Appliances
8994,TEC-PH-10000931,"Motorola Speaker Phone, VoIP",Technology,Phones
8995,OFF-ST-10001580,Super Decoflex Portable Personal File,Office Supplies,Storage
8996,OFF-AR-10003957,"Stanley Canvas, Fluorescent",Office Supplies,Art
8997,OFF-PA-10002369,"Eaton Parchment Paper, Multicolor",Office Supplies,Paper
8998,OFF-AP-10004305,"Breville Blender, Silver",Office Supplies,Appliances
8999,OFF-SU-10002909,"Fiskars Ruler, Easy Grip",Office Supplies,Supplies
9000,OFF-FA-10002632,"Accos Staples, Metal",Office Supplies,Fasteners
9001,OFF-LA-10000973,Avery 502,Office Supplies,Labels
9002,OFF-PA-10003296,"Xerox Message Books, Recycled",Office Supplies,Paper
9003,TEC-PH-10003784,"Motorola Signal Booster, Full Size",Technology,Phones
9004,FUR-FU-10003012,"Rubbermaid Stacking Tray, Durable",Furniture,Furnishings
9005,FUR-IKE-10003262,"Ikea Floating Shelf Set, Traditional",Furniture,Bookcases
9006,TEC-MA-10003589,Cisco 8961 IP Phone Charcoal,Technology,Machines
9007,OFF-LA-10000081,Avery 496,Office Supplies,Labels
9008,FUR-TA-10003392,Global Adaptabilities Conference Tables,Furniture,Tables
9009,FUR-TA-10003786,"Hon Training Table, Fully Assembled",Furniture,Tables
9010,OFF-SU-10004279,"Kleencut Shears, Serrated",Office Supplies,Supplies
9011,OFF-AP-10001568,"Hamilton Beach Toaster, Silver",Office Supplies,Appliances
9012,OFF-PA-10001001,"Snap-A-Way Black Print Carbonless Speed Message, No Reply Area, Duplicate",Office Supplies,Paper
9013,OFF-SU-10001891,"Acme Ruler, Easy Grip",Office Supplies,Supplies
9014,OFF-EN-10000871,"Ames Interoffice Envelope, Set of 50",Office Supplies,Envelopes
9015,OFF-ST-10001534,"Smead Folders, Industrial",Office Supplies,Storage
9016,TEC-MA-10002722,"Epson Receipt Printer, Wireless",Technology,Machines
9017,OFF-FA-10001348,"Accos Thumb Tacks, Metal",Office Supplies,Fasteners
9018,FUR-FU-10001617,"Executive Impressions 8-1/2"" Career Panel/Partition Cubicle Clock",Furniture,Furnishings
9019,OFF-BI-10003031,"Acco Index Tab, Economy",Office Supplies,Binders
9020,FUR-FU-10004848,DAX Solid Wood Frames,Furniture,Furnishings
9021,OFF-ST-10003414,"Smead Box, Wire Frame",Office Supplies,Storage
9022,FUR-BO-10001835,"Safco Library with Doors, Traditional",Furniture,Bookcases
9023,FUR-CH-10002923,"SAFCO Rocking Chair, Set of Two",Furniture,Chairs
9024,OFF-BI-10003879,"Ibico Binder Covers, Economy",Office Supplies,Binders
9025,FUR-TA-10003030,"Lesro Training Table, Adjustable Height",Furniture,Tables
9026,OFF-KLE-10001644,"Kleencut Trimmer, Steel",Office Supplies,Supplies
9027,OFF-BI-10001973,"Wilson Jones 3-Hole Punch, Clear",Office Supplies,Binders
9028,TEC-PH-10004992,"Apple Office Telephone, Full Size",Technology,Phones
9029,OFF-KRA-10002094,"Kraft Clasp Envelope, Security-Tint",Office Supplies,Envelopes
9030,FUR-BO-10004507,"Ikea Corner Shelving, Metal",Furniture,Bookcases
9031,TEC-SHA-10000244,"Sharp Fax Machine, Laser",Technology,Copiers
9032,OFF-SU-10003688,"Acme Shears, High Speed",Office Supplies,Supplies
9033,OFF-AP-10004226,"Cuisinart Coffee Grinder, Black",Office Supplies,Appliances
9034,TEC-AC-10000991,Sony Micro Vault Click 8 GB USB 2.0 Flash Drive,Technology,Accessories
9035,OFF-FA-10003266,"Stockwell Clamps, Assorted Sizes",Office Supplies,Fasteners
9036,OFF-AP-10000390,Euro Pro Shark Stick Mini Vacuum,Office Supplies,Appliances
9037,OFF-PA-10001260,"TOPS Money Receipt Book, Consecutively Numbered in Red,",Office Supplies,Paper
9038,OFF-AR-10000462,Sanford Pocket Accent Highlighters,Office Supplies,Art
9039,TEC-AC-10000865,"Enermax Keyboard, Bluetooth",Technology,Accessories
9040,OFF-PA-10003943,"Green Bar Computer Printout Paper, Multicolor",Office Supplies,Paper
9041,OFF-EN-10001535,Grip Seal Envelopes,Office Supplies,Envelopes
9042,OFF-ST-10001372,"Eldon Box, Blue",Office Supplies,Storage
9043,TEC-AC-10001047,"SanDisk Router, Erganomic",Technology,Accessories
9044,TEC-CO-10003924,"Brother Ink, Digital",Technology,Copiers
9045,TEC-AC-10004518,Memorex Mini Travel Drive 32 GB USB 2.0 Flash Drive,Technology,Accessories
9046,OFF-FA-10003744,"Stockwell Thumb Tacks, Assorted Sizes",Office Supplies,Fasteners
9047,OFF-EN-10001141,"Manila Recycled Extra-Heavyweight Clasp Envelopes, 6"" x 9""",Office Supplies,Envelopes
9048,FUR-FU-10004614,"Rubbermaid Frame, Black",Furniture,Furnishings
9049,OFF-EN-10004941,"GlobeWeis Manila Envelope, Recycled",Office Supplies,Envelopes
9050,TEC-ENE-10002744,"Enermax Numeric Keypad, Bluetooth",Technology,Accessories
9051,OFF-AP-10000806,"KitchenAid Coffee Grinder, Silver",Office Supplies,Appliances
9052,OFF-AR-10003592,"Sanford Pencil Sharpener, Fluorescent",Office Supplies,Art
9053,OFF-AME-10003089,"Ames Clasp Envelope, Security-Tint",Office Supplies,Envelopes
9054,TEC-PH-10004402,"Cisco Headset, with Caller ID",Technology,Phones
9055,FUR-TA-10002833,"Lesro Training Table, Rectangular",Furniture,Tables
9056,TEC-CO-10000821,"Canon Ink, High-Speed",Technology,Copiers
9057,OFF-SU-10003804,"Kleencut Shears, Easy Grip",Office Supplies,Supplies
9058,OFF-BI-10004080,"Wilson Jones 3-Hole Punch, Economy",Office Supplies,Binders
9059,FUR-TA-10000147,"Lesro Coffee Table, Rectangular",Furniture,Tables
9060,OFF-PA-10000697,"TOPS Voice Message Log Book, Flash Format",Office Supplies,Paper
9061,FUR-FU-10001692,"Eldon Clock, Duo Pack",Furniture,Furnishings
9062,FUR-FU-10003960,"Deflect-O Stacking Tray, Erganomic",Furniture,Furnishings
9063,TEC-AC-10000512,"Enermax Keyboard, Bluetooth",Technology,Accessories
9064,TEC-AC-10003611,"Memorex Mouse, USB",Technology,Accessories
9065,OFF-BI-10000279,"Acco Recycled 2"" Capacity Laser Printer Hanging Data Binders",Office Supplies,Binders
9066,FUR-CH-10002749,"SAFCO Chairmat, Black",Furniture,Chairs
9067,TEC-PH-10004800,"Apple Headset, Full Size",Technology,Phones
9068,FUR-CH-10001536,"Harbour Creations Chairmat, Red",Furniture,Chairs
9069,OFF-FA-10001764,"OIC Staples, Bulk Pack",Office Supplies,Fasteners
9070,OFF-EN-10002592,"Cameo Interoffice Envelope, Recycled",Office Supplies,Envelopes
9071,OFF-AP-10001190,"Hoover Refrigerator, Silver",Office Supplies,Appliances
9072,TEC-MA-10000112,Panasonic KX MB2061 Multifunction Printer,Technology,Machines
9073,TEC-CO-10000228,"Hewlett Personal Copier, Laser",Technology,Copiers
9074,OFF-PA-10000565,Staples,Office Supplies,Paper
9075,OFF-AR-10000219,"Sanford Highlighters, Blue",Office Supplies,Art
9076,TEC-PH-10001918,Nortel Business Series Terminal T7208 Digital phone,Technology,Phones
9077,OFF-AR-10000058,"Stanley Canvas, Water Color",Office Supplies,Art
9078,TEC-CO-10004722,Canon imageCLASS 2200 Advanced Copier,Technology,Copiers
9079,TEC-CO-10004406,"Sharp Fax Machine, Digital",Technology,Copiers
9080,FUR-BO-10001254,"Dania 3-Shelf Cabinet, Mobile",Furniture,Bookcases
9081,OFF-PA-10000273,"SanDisk Cards & Envelopes, Premium",Office Supplies,Paper
9082,OFF-AP-10000844,"Breville Toaster, Black",Office Supplies,Appliances
9083,OFF-AR-10001226,"Boston Pencil Sharpener, Fluorescent",Office Supplies,Art
9084,TEC-PH-10000237,"Motorola Office Telephone, with Caller ID",Technology,Phones
9085,TEC-CO-10001725,"Canon Ink, High-Speed",Technology,Copiers
9086,OFF-AP-10000228,"Cuisinart Blender, White",Office Supplies,Appliances
9087,FUR-FU-10003419,"Eldon Clock, Erganomic",Furniture,Furnishings
9088,TEC-PH-10002483,"Motorola Office Telephone, with Caller ID",Technology,Phones
9089,OFF-AR-10004454,"BIC Pens, Easy-Erase",Office Supplies,Art
9090,OFF-PA-10001495,"Xerox Parchment Paper, Recycled",Office Supplies,Paper
9091,OFF-FA-10001670,"Stockwell Thumb Tacks, Metal",Office Supplies,Fasteners
9092,OFF-AR-10002055,"Binney & Smith Markers, Blue",Office Supplies,Art
9093,OFF-LA-10000713,"Novimex Removable Labels, Adjustable",Office Supplies,Labels
9094,OFF-AR-10000156,"Binney & Smith Markers, Blue",Office Supplies,Art
9095,OFF-FA-10001651,"Stockwell Thumb Tacks, Bulk Pack",Office Supplies,Fasteners
9096,OFF-AR-10004559,"Stanley Pencil Sharpener, Easy-Erase",Office Supplies,Art
9097,OFF-BI-10000561,"Acco Binding Machine, Durable",Office Supplies,Binders
9098,OFF-AR-10001860,BIC Liqua Brite Liner,Office Supplies,Art
9099,FUR-FU-10000755,Eldon Expressions Mahogany Wood Desk Collection,Furniture,Furnishings
9100,OFF-AP-10004293,"KitchenAid Refrigerator, Silver",Office Supplies,Appliances
9101,TEC-PAN-10000092,"Panasonic Inkjet, Red",Technology,Machines
9102,TEC-AC-10000580,Logitech G13 Programmable Gameboard with LCD Display,Technology,Accessories
9103,TEC-PH-10003487,"Motorola Office Telephone, with Caller ID",Technology,Phones
9104,OFF-SU-10004249,"Stiletto Shears, High Speed",Office Supplies,Supplies
9105,OFF-SU-10000496,"Fiskars Scissors, Steel",Office Supplies,Supplies
9106,OFF-AME-10000440,"Ames Interoffice Envelope, with clear poly window",Office Supplies,Envelopes
9107,OFF-FA-10002637,"OIC Clamps, Bulk Pack",Office Supplies,Fasteners
9108,OFF-PA-10004675,"Telephone Message Books with Fax/Mobile Section, 5 1/2"" x 3 3/16""",Office Supplies,Paper
9109,OFF-AR-10000125,"Boston Pens, Fluorescent",Office Supplies,Art
9110,OFF-EN-10001715,"Ames Clasp Envelope, with clear poly window",Office Supplies,Envelopes
9111,TEC-MA-10000697,"StarTech Card Printer, Wireless",Technology,Machines
9112,TEC-CO-10003298,"Hewlett Wireless Fax, Digital",Technology,Copiers
9113,OFF-AP-10004527,"Hamilton Beach Toaster, White",Office Supplies,Appliances
9114,FUR-LES-10000904,"Lesro Training Table, with Bottom Storage",Furniture,Tables
9115,FUR-FU-10002007,"Rubbermaid Stacking Tray, Black",Furniture,Furnishings
9116,OFF-SU-10002993,"Fiskars Trimmer, High Speed",Office Supplies,Supplies
9117,OFF-BI-10003064,"Cardinal 3-Hole Punch, Clear",Office Supplies,Binders
9118,TEC-PH-10000087,"Apple Signal Booster, Cordless",Technology,Phones
9119,FUR-FU-10001667,"Rubbermaid Stacking Tray, Black",Furniture,Furnishings
9120,OFF-SU-10000480,"Elite Box Cutter, Serrated",Office Supplies,Supplies
9121,OFF-SU-10002961,"Kleencut Ruler, Serrated",Office Supplies,Supplies
9122,OFF-LA-10001471,"Harbour Creations File Folder Labels, Alphabetical",Office Supplies,Labels
9123,TEC-PH-10003762,"Motorola Smart Phone, Full Size",Technology,Phones
9124,OFF-LA-10000321,"Novimex Color Coded Labels, Adjustable",Office Supplies,Labels
9125,FUR-TA-10004745,"Chromcraft Conference Table, Rectangular",Furniture,Tables
9126,FUR-CH-10000470,"Novimex Executive Leather Armchair, Red",Furniture,Chairs
9127,TEC-AC-10000254,"Belkin Keyboard, Programmable",Technology,Accessories
9128,FUR-BO-10004032,"Bush Corner Shelving, Pine",Furniture,Bookcases
9129,OFF-NOV-10003401,"Novimex Color Coded Labels, Alphabetical",Office Supplies,Labels
9130,OFF-LA-10004929,"Novimex Color Coded Labels, Laser Printer Compatible",Office Supplies,Labels
9131,FUR-BO-10002782,"Safco Corner Shelving, Traditional",Furniture,Bookcases
9132,FUR-FU-10001379,"Executive Impressions 16-1/2"" Circular Wall Clock",Furniture,Furnishings
9133,OFF-AR-10002575,"Sanford Canvas, Blue",Office Supplies,Art
9134,OFF-EN-10000890,"Ames Peel and Seal, Recycled",Office Supplies,Envelopes
9135,OFF-LA-10002486,"Novimex File Folder Labels, 5000 Label Set",Office Supplies,Labels
9136,OFF-AP-10004186,"Breville Refrigerator, Black",Office Supplies,Appliances
9137,OFF-AP-10003538,"Hamilton Beach Microwave, Silver",Office Supplies,Appliances
9138,OFF-AP-10003021,"Breville Stove, White",Office Supplies,Appliances
9139,FUR-SAF-10002121,"SAFCO Rocking Chair, Black",Furniture,Chairs
9140,FUR-RUB-10001484,"Rubbermaid Clock, Durable",Furniture,Furnishings
9141,OFF-SU-10001682,"Kleencut Letter Opener, High Speed",Office Supplies,Supplies
9142,OFF-BI-10002775,"Ibico Hole Reinforcements, Clear",Office Supplies,Binders
9143,FUR-DEF-10004355,"Deflect-O Clock, Duo Pack",Furniture,Furnishings
9144,TEC-CO-10001342,"HP Wireless Fax, Digital",Technology,Copiers
9145,TEC-AC-10004556,"Enermax Memory Card, Programmable",Technology,Accessories
9146,OFF-PA-10004200,"Xerox Note Cards, Multicolor",Office Supplies,Paper
9147,TEC-AC-10002158,"Enermax Memory Card, Erganomic",Technology,Accessories
9148,OFF-FA-10000447,"Accos Paper Clips, Assorted Sizes",Office Supplies,Fasteners
9149,FUR-FU-10000072,"Advantus Light Bulb, Erganomic",Furniture,Furnishings
9150,OFF-EN-10003533,"Cameo Peel and Seal, Recycled",Office Supplies,Envelopes
9151,TEC-SAM-10001985,"Samsung Headset, Cordless",Technology,Phones
9152,OFF-STO-10001142,"Stockwell Push Pins, Metal",Office Supplies,Fasteners
9153,TEC-MA-10003356,Panasonic KX MC6040 Color Laser Multifunction Printer,Technology,Machines
9154,FUR-BO-10000195,"Dania Stackable Bookrack, Pine",Furniture,Bookcases
9155,FUR-FU-10002698,"Deflect-O Clock, Erganomic",Furniture,Furnishings
9156,OFF-HON-10004800,"Hon Shipping Labels, Alphabetical",Office Supplies,Labels
9157,FUR-CH-10000969,"Hon Executive Leather Armchair, Red",Furniture,Chairs
9158,OFF-AR-10000804,"Binney & Smith Markers, Water Color",Office Supplies,Art
9159,TEC-PH-10001360,"Apple Smart Phone, Full Size",Technology,Phones
9160,TEC-MA-10000199,"Okidata Inkjet, White",Technology,Machines
9161,FUR-OFF-10002330,"Office Star Executive Leather Armchair, Black",Furniture,Chairs
9162,FUR-CH-10003948,"Harbour Creations Swivel Stool, Set of Two",Furniture,Chairs
9163,TEC-AC-10002122,"Belkin Keyboard, Erganomic",Technology,Accessories
9164,OFF-EN-10003512,"Jiffy Peel and Seal, Recycled",Office Supplies,Envelopes
9165,OFF-PA-10000210,Xerox Blank Computer Paper,Office Supplies,Paper
9166,OFF-SU-10004244,"Fiskars Ruler, High Speed",Office Supplies,Supplies
9167,TEC-SAN-10000142,"SanDisk Mouse, Erganomic",Technology,Accessories
9168,OFF-SU-10003209,"Elite Scissors, Easy Grip",Office Supplies,Supplies
9169,OFF-SME-10004256,"Smead Removable Labels, Adjustable",Office Supplies,Labels
9170,OFF-PA-10001534,Xerox 230,Office Supplies,Paper
9171,FUR-TA-10004634,"Bevis Training Table, Adjustable Height",Furniture,Tables
9172,TEC-MA-10001335,"Epson Printer, Durable",Technology,Machines
9173,FUR-FU-10004998,"Eldon Stacking Tray, Erganomic",Furniture,Furnishings
9174,FUR-ADV-10002632,"Advantus Door Stop, Duo Pack",Furniture,Furnishings
9175,FUR-CH-10003616,"Novimex Executive Leather Armchair, Adjustable",Furniture,Chairs
9176,TEC-MA-10002178,Cisco CP-7937G Unified IP Conference Station Phone,Technology,Machines
9177,FUR-TA-10001771,"Bush Cubix Conference Tables, Fully Assembled",Furniture,Tables
9178,TEC-SAN-10004027,"SanDisk Memory Card, Bluetooth",Technology,Accessories
9179,FUR-DAN-10002314,"Dania Stackable Bookrack, Traditional",Furniture,Bookcases
9180,OFF-KIT-10000624,"KitchenAid Blender, Black",Office Supplies,Appliances
9181,OFF-PA-10001212,"Xerox Message Books, Recycled",Office Supplies,Paper
9182,TEC-PH-10003856,"Motorola Smart Phone, with Caller ID",Technology,Phones
9183,FUR-TA-10001386,"Lesro Conference Table, Fully Assembled",Furniture,Tables
9184,TEC-PH-10004940,"Nokia Signal Booster, with Caller ID",Technology,Phones
9185,OFF-EN-10002522,"Ames Mailers, Security-Tint",Office Supplies,Envelopes
9186,OFF-BI-10003633,"Avery Binding Machine, Economy",Office Supplies,Binders
9187,TEC-STA-10001407,"StarTech Phone, Wireless",Technology,Machines
9188,OFF-LA-10003444,"Smead Legal Exhibit Labels, Alphabetical",Office Supplies,Labels
9189,OFF-BI-10000126,"Ibico Hole Reinforcements, Durable",Office Supplies,Binders
9190,OFF-STO-10004940,"Stockwell Push Pins, Assorted Sizes",Office Supplies,Fasteners
9191,TEC-MA-10003298,"Konica Card Printer, Wireless",Technology,Machines
9192,TEC-MA-10003176,"Panasonic Inkjet, Wireless",Technology,Machines
9193,OFF-EN-10002873,"Ames Interoffice Envelope, Recycled",Office Supplies,Envelopes
9194,OFF-LA-10001170,"Harbour Creations Color Coded Labels, 5000 Label Set",Office Supplies,Labels
9195,TEC-MA-10002937,"Canon Color ImageCLASS MF8580Cdw Wireless Laser All-In-One Printer, Copier, Scanner",Technology,Machines
9196,OFF-AP-10000864,"Hamilton Beach Refrigerator, Black",Office Supplies,Appliances
9197,OFF-AP-10000802,"Hoover Microwave, White",Office Supplies,Appliances
9198,FUR-TA-10004957,"Bevis Wood Table, Fully Assembled",Furniture,Tables
9199,OFF-AP-10003963,"Breville Microwave, Silver",Office Supplies,Appliances
9200,TEC-SAM-10003520,"Samsung Headset, VoIP",Technology,Phones
9201,OFF-EN-10000898,"Ames Interoffice Envelope, Security-Tint",Office Supplies,Envelopes
9202,OFF-PA-10000241,"IBM Multi-Purpose Copy Paper, 8 1/2 x 11"", Case",Office Supplies,Paper
9203,OFF-SU-10003758,"Fiskars Scissors, High Speed",Office Supplies,Supplies
9204,FUR-FU-10002304,"Tenex Photo Frame, Duo Pack",Furniture,Furnishings
9205,FUR-FU-10002930,"Eldon Door Stop, Duo Pack",Furniture,Furnishings
9206,OFF-SU-10003659,"Fiskars Trimmer, Steel",Office Supplies,Supplies
9207,FUR-FU-10004960,"Deflect-O Photo Frame, Durable",Furniture,Furnishings
9208,OFF-EN-10004254,"Ames Interoffice Envelope, Recycled",Office Supplies,Envelopes
9209,TEC-AC-10004883,"Logitech Keyboard, Bluetooth",Technology,Accessories
9210,OFF-PA-10000232,Xerox 1975,Office Supplies,Paper
9211,OFF-GLO-10000491,"GlobeWeis Interoffice Envelope, with clear poly window",Office Supplies,Envelopes
9212,OFF-OIC-10004622,"OIC Thumb Tacks, Bulk Pack",Office Supplies,Fasteners
9213,TEC-MA-10001727,"Konica Receipt Printer, Wireless",Technology,Machines
9214,TEC-AC-10000712,"Enermax Router, Programmable",Technology,Accessories
9215,TEC-MA-10002827,"StarTech Printer, Red",Technology,Machines
9216,FUR-NOV-10002107,"Novimex Rocking Chair, Adjustable",Furniture,Chairs
9217,FUR-BEV-10003414,"Bevis Computer Table, Fully Assembled",Furniture,Tables
9218,TEC-AC-10001636,"Belkin Mouse, Erganomic",Technology,Accessories
9219,TEC-AC-10004591,"Logitech Memory Card, Bluetooth",Technology,Accessories
9220,FUR-CH-10002890,"Office Star Chairmat, Adjustable",Furniture,Chairs
9221,OFF-LA-10001873,"Harbour Creations Color Coded Labels, Adjustable",Office Supplies,Labels
9222,FUR-ADV-10002329,"Advantus Light Bulb, Erganomic",Furniture,Furnishings
9223,TEC-MEM-10004524,"Memorex Memory Card, Programmable",Technology,Accessories
9224,FUR-SAF-10002529,"SAFCO Chairmat, Red",Furniture,Chairs
9225,OFF-BI-10004597,"Avery Binding Machine, Durable",Office Supplies,Binders
9226,OFF-FA-10001800,"Accos Paper Clips, Metal",Office Supplies,Fasteners
9227,TEC-BRO-10004184,"Brother Wireless Fax, Color",Technology,Copiers
9228,TEC-AC-10004571,"Logitech Router, Programmable",Technology,Accessories
9229,TEC-AC-10001660,"Enermax Flash Drive, USB",Technology,Accessories
9230,FUR-HON-10003950,"Hon Coffee Table, Adjustable Height",Furniture,Tables
9231,TEC-AC-10001251,"Belkin Numeric Keypad, Erganomic",Technology,Accessories
9232,TEC-SHA-10000479,"Sharp Personal Copier, Digital",Technology,Copiers
9233,TEC-MA-10003493,Penpower WorldCard Pro Card Scanner,Technology,Machines
9234,TEC-PH-10000373,"Motorola Speaker Phone, with Caller ID",Technology,Phones
9235,TEC-PH-10002683,"Apple Smart Phone, Cordless",Technology,Phones
9236,FUR-TA-10004826,"Bevis Training Table, Rectangular",Furniture,Tables
9237,TEC-CO-10002538,"Brother Fax and Copier, Color",Technology,Copiers
9238,OFF-PA-10004918,"SanDisk Message Books, Recycled",Office Supplies,Paper
9239,OFF-AR-10002517,"BIC Highlighters, Blue",Office Supplies,Art
9240,OFF-LA-10001246,"Avery Removable Labels, Alphabetical",Office Supplies,Labels
9241,OFF-LA-10004576,"Harbour Creations File Folder Labels, Laser Printer Compatible",Office Supplies,Labels
9242,FUR-TA-10001664,"Chromcraft Conference Table, with Bottom Storage",Furniture,Tables
9243,TEC-CO-10004171,"Sharp Fax and Copier, Digital",Technology,Copiers
9244,TEC-PH-10003646,"Nokia Audio Dock, Full Size",Technology,Phones
9245,TEC-CO-10004143,"HP Personal Copier, Color",Technology,Copiers
9246,TEC-SAN-10003336,"SanDisk Numeric Keypad, Erganomic",Technology,Accessories
9247,OFF-EN-10004181,"GlobeWeis Business Envelopes, Recycled",Office Supplies,Envelopes
9248,TEC-PH-10004006,"Nokia Audio Dock, Full Size",Technology,Phones
9249,OFF-ST-10002499,"Eldon File Cart, Single Width",Office Supplies,Storage
9250,FUR-TA-10003268,"Lesro Round Table, Rectangular",Furniture,Tables
9251,OFF-AP-10001058,Sanyo 2.5 Cubic Foot Mid-Size Office Refrigerators,Office Supplies,Appliances
9252,TEC-MA-10004295,"Panasonic Phone, Red",Technology,Machines
9253,OFF-TEN-10004210,"Tenex Trays, Wire Frame",Office Supplies,Storage
9254,FUR-CH-10003143,"Harbour Creations Bag Chairs, Black",Furniture,Chairs
9255,OFF-PA-10001745,"Wirebound Message Books, 2 7/8"" x 5"", 3 Forms per Page",Office Supplies,Paper
9256,FUR-FU-10002546,"Deflect-O Light Bulb, Durable",Furniture,Furnishings
9257,FUR-HAR-10002697,"Harbour Creations Executive Leather Armchair, Adjustable",Furniture,Chairs
9258,TEC-CO-10002916,"Hewlett Ink, Color",Technology,Copiers
9259,OFF-LA-10002744,"Novimex File Folder Labels, Adjustable",Office Supplies,Labels
9260,OFF-LA-10003231,"Smead Round Labels, Adjustable",Office Supplies,Labels
9261,TEC-MA-10001127,"Epson Inkjet, Wireless",Technology,Machines
9262,TEC-PH-10003361,"Samsung Signal Booster, with Caller ID",Technology,Phones
9263,FUR-TA-10001371,"Chromcraft Coffee Table, Fully Assembled",Furniture,Tables
9264,OFF-AP-10001975,"Cuisinart Microwave, Black",Office Supplies,Appliances
9265,FUR-BO-10003284,"Sauder Floating Shelf Set, Mobile",Furniture,Bookcases
9266,TEC-AC-10002224,"Belkin Numeric Keypad, USB",Technology,Accessories
9267,FUR-BO-10000184,"Sauder Floating Shelf Set, Mobile",Furniture,Bookcases
9268,FUR-BO-10002592,"Safco Stackable Bookrack, Traditional",Furniture,Bookcases
9269,FUR-FU-10001169,"Rubbermaid Clock, Duo Pack",Furniture,Furnishings
9270,OFF-PA-10003518,"Enermax Computer Printout Paper, Multicolor",Office Supplies,Paper
9271,TEC-MA-10003332,"Panasonic Receipt Printer, Durable",Technology,Machines
9272,OFF-LA-10004747,"Hon Color Coded Labels, Alphabetical",Office Supplies,Labels
9273,OFF-EN-10004074,"GlobeWeis Clasp Envelope, Recycled",Office Supplies,Envelopes
9274,OFF-ST-10003331,"Smead Box, Single Width",Office Supplies,Storage
9275,OFF-FA-10004076,Translucent Push Pins by OIC,Office Supplies,Fasteners
9276,OFF-LA-10002389,"Smead Legal Exhibit Labels, Alphabetical",Office Supplies,Labels
9277,FUR-FU-10003879,"Advantus Frame, Erganomic",Furniture,Furnishings
9278,OFF-ST-10004017,"Eldon Lockers, Single Width",Office Supplies,Storage
9279,OFF-AP-10002364,"KitchenAid Toaster, Black",Office Supplies,Appliances
9280,OFF-SU-10003973,"Elite Trimmer, Easy Grip",Office Supplies,Supplies
9281,FUR-TA-10004336,"Hon Wood Table, Fully Assembled",Furniture,Tables
9282,OFF-AP-10000577,"Cuisinart Stove, Black",Office Supplies,Appliances
9283,FUR-TA-10003790,"Bevis Computer Table, Fully Assembled",Furniture,Tables
9284,OFF-AP-10002698,"Cuisinart Microwave, Black",Office Supplies,Appliances
9285,FUR-BO-10004842,"Dania 3-Shelf Cabinet, Pine",Furniture,Bookcases
9286,FUR-FU-10002170,"Deflect-O Frame, Duo Pack",Furniture,Furnishings
9287,FUR-FU-10000905,"Eldon Door Stop, Erganomic",Furniture,Furnishings
9288,FUR-FU-10003919,Eldon Executive Woodline II Cherry Finish Desk Accessories,Furniture,Furnishings
9289,OFF-FA-10000999,"OIC Thumb Tacks, 12 Pack",Office Supplies,Fasteners
9290,OFF-EN-10001647,"GlobeWeis Interoffice Envelope, Security-Tint",Office Supplies,Envelopes
9291,OFF-EN-10003272,"Jiffy Clasp Envelope, Recycled",Office Supplies,Envelopes
9292,FUR-BO-10002793,"Safco Floating Shelf Set, Traditional",Furniture,Bookcases
9293,TEC-PAN-10003688,"Panasonic Printer, Wireless",Technology,Machines
9294,FUR-CH-10001972,"Hon Chairmat, Adjustable",Furniture,Chairs
9295,OFF-FA-10000207,"OIC Clamps, Assorted Sizes",Office Supplies,Fasteners
9296,TEC-AC-10003133,Memorex Mini Travel Drive 4 GB USB 2.0 Flash Drive,Technology,Accessories
9297,FUR-FU-10003976,"DAX Executive Solid Wood Document Frame, Desktop or Hang, Mahogany, 5 x 7",Furniture,Furnishings
9298,OFF-JIF-10000843,"Jiffy Manila Envelope, Set of 50",Office Supplies,Envelopes
9299,OFF-PA-10001735,"Xerox Cards & Envelopes, 8.5 x 11",Office Supplies,Paper
9300,OFF-ST-10002902,"Fellowes Shelving, Blue",Office Supplies,Storage
9301,FUR-TA-10000310,"Barricks Training Table, Rectangular",Furniture,Tables
9302,OFF-FA-10003595,"OIC Thumb Tacks, Assorted Sizes",Office Supplies,Fasteners
9303,FUR-TA-10003323,"Bevis Round Table, Adjustable Height",Furniture,Tables
9304,FUR-TA-10003583,"Lesro Computer Table, with Bottom Storage",Furniture,Tables
9305,TEC-MA-10002910,"Panasonic Inkjet, Red",Technology,Machines
9306,FUR-CH-10004441,"SAFCO Bag Chairs, Black",Furniture,Chairs
9307,FUR-HON-10004632,"Hon Chairmat, Black",Furniture,Chairs
9308,FUR-BO-10001966,"Ikea Corner Shelving, Metal",Furniture,Bookcases
9309,OFF-SU-10003544,"Kleencut Scissors, High Speed",Office Supplies,Supplies
9310,OFF-ST-10003282,"Fellowes Folders, Single Width",Office Supplies,Storage
9311,OFF-AR-10001117,"Stanley Pens, Blue",Office Supplies,Art
9312,FUR-CH-10001114,"Hon Chairmat, Set of Two",Furniture,Chairs
9313,TEC-CO-10002857,"Sharp Fax and Copier, Color",Technology,Copiers
9314,TEC-PH-10003368,"Samsung Signal Booster, Full Size",Technology,Phones
9315,FUR-ELD-10000605,"Eldon Stacking Tray, Duo Pack",Furniture,Furnishings
9316,TEC-AC-10004102,"SanDisk Mouse, USB",Technology,Accessories
9317,OFF-AR-10003986,Avery Hi-Liter Pen Style Six-Color Fluorescent Set,Office Supplies,Art
9318,OFF-AP-10000938,Avanti 1.7 Cu. Ft. Refrigerator,Office Supplies,Appliances
9319,FUR-BO-10002204,"Dania Floating Shelf Set, Traditional",Furniture,Bookcases
9320,OFF-PA-10003395,"Eaton Computer Printout Paper, Recycled",Office Supplies,Paper
9321,OFF-PA-10004411,"Xerox Memo Slips, Multicolor",Office Supplies,Paper
9322,FUR-HON-10000103,"Hon Swivel Stool, Red",Furniture,Chairs
9323,OFF-STI-10001651,"Stiletto Shears, Steel",Office Supplies,Supplies
9324,OFF-XER-10002906,"Xerox Memo Slips, Premium",Office Supplies,Paper
9325,FUR-BO-10000670,"Dania Corner Shelving, Metal",Furniture,Bookcases
9326,OFF-AP-10001797,"Cuisinart Blender, Black",Office Supplies,Appliances
9327,TEC-PH-10002824,Jabra SPEAK 410 Multidevice Speakerphone,Technology,Phones
9328,TEC-MA-10002844,"Okidata Receipt Printer, White",Technology,Machines
9329,OFF-ST-10003286,"Rogers Lockers, Wire Frame",Office Supplies,Storage
9330,OFF-SU-10000427,"Fiskars Trimmer, Steel",Office Supplies,Supplies
9331,TEC-KON-10004735,"Konica Card Printer, White",Technology,Machines
9332,OFF-AR-10003890,"Binney & Smith Pens, Blue",Office Supplies,Art
9333,FUR-BUS-10003368,"Bush Floating Shelf Set, Mobile",Furniture,Bookcases
9334,FUR-HAR-10000334,"Harbour Creations Swivel Stool, Red",Furniture,Chairs
9335,TEC-MA-10000904,"Brother MFC-9340CDW LED All-In-One Printer, Copier Scanner",Technology,Machines
9336,TEC-PH-10002645,"Motorola Signal Booster, with Caller ID",Technology,Phones
9337,TEC-PH-10001084,"Nokia Office Telephone, VoIP",Technology,Phones
9338,FUR-HON-10003412,"Hon Wood Table, Fully Assembled",Furniture,Tables
9339,TEC-CO-10002872,"Canon Ink, Color",Technology,Copiers
9340,FUR-FU-10002659,"Eldon Clock, Black",Furniture,Furnishings
9341,TEC-MA-10001330,"Konica Card Printer, Red",Technology,Machines
9342,FUR-CH-10002362,"Hon Bag Chairs, Red",Furniture,Chairs
9343,OFF-EN-10000835,"GlobeWeis Clasp Envelope, with clear poly window",Office Supplies,Envelopes
9344,TEC-SHA-10004151,"Sharp Fax and Copier, Color",Technology,Copiers
9345,TEC-PH-10003513,"Nokia Speaker Phone, VoIP",Technology,Phones
9346,FUR-CH-10004910,"Office Star Executive Leather Armchair, Red",Furniture,Chairs
9347,TEC-PH-10003437,Blue Parrot B250XT Professional Grade Wireless Bluetooth Headset with,Technology,Phones
9348,OFF-SU-10000822,"Fiskars Letter Opener, Steel",Office Supplies,Supplies
9349,TEC-AC-10003873,"Memorex Mouse, Programmable",Technology,Accessories
9350,OFF-FA-10002061,"Accos Paper Clips, Bulk Pack",Office Supplies,Fasteners
9351,OFF-AP-10001664,"Cuisinart Stove, Black",Office Supplies,Appliances
9352,TEC-MA-10002459,"StarTech Printer, White",Technology,Machines
9353,OFF-SU-10000952,Fiskars Home & Office Scissors,Office Supplies,Supplies
9354,TEC-AC-10001792,"Logitech Mouse, Programmable",Technology,Accessories
9355,OFF-PA-10001461,HP Office Paper (20Lb. and 87 Bright),Office Supplies,Paper
9356,TEC-MA-10004446,"StarTech Printer, Wireless",Technology,Machines
9357,TEC-AC-10004595,First Data TMFD35 PIN Pad,Technology,Accessories
9358,FUR-FU-10004164,"Eldon 300 Class Desk Accessories, Black",Furniture,Furnishings
9359,OFF-ST-10002292,"Sauder Facets Collection Locker/File Cabinet, Sky Alder Finish",Office Supplies,Storage
9360,OFF-ACM-10001029,"Acme Box Cutter, Serrated",Office Supplies,Supplies
9361,TEC-ENE-10004192,"Enermax Keyboard, Bluetooth",Technology,Accessories
9362,TEC-AC-10003750,"Memorex Memory Card, Erganomic",Technology,Accessories
9363,TEC-PH-10001924,iHome FM Clock Radio with Lightning Dock,Technology,Phones
9364,OFF-STO-10002449,"Stockwell Rubber Bands, 12 Pack",Office Supplies,Fasteners
9365,FUR-TA-10002544,"Barricks Training Table, Fully Assembled",Furniture,Tables
9366,TEC-CO-10003393,"Sharp Personal Copier, Digital",Technology,Copiers
9367,TEC-AC-10001664,"SanDisk Keyboard, USB",Technology,Accessories
9368,OFF-AR-10000914,Boston 16765 Mini Stand Up Battery Pencil Sharpener,Office Supplies,Art
9369,FUR-TEN-10002418,"Tenex Clock, Duo Pack",Furniture,Furnishings
9370,OFF-FA-10001359,"Stockwell Rubber Bands, Assorted Sizes",Office Supplies,Fasteners
9371,FUR-BO-10001271,"Sauder Classic Bookcase, Pine",Furniture,Bookcases
9372,FUR-FU-10003717,"Deflect-O Light Bulb, Black",Furniture,Furnishings
9373,FUR-TA-10004730,"Barricks Training Table, Adjustable Height",Furniture,Tables
9374,TEC-MA-10003471,"StarTech Phone, Wireless",Technology,Machines
9375,OFF-AR-10001216,Newell 339,Office Supplies,Art
9376,FUR-TA-10004801,"Hon Conference Table, Rectangular",Furniture,Tables
9377,TEC-CO-10004570,"Sharp Personal Copier, Digital",Technology,Copiers
9378,FUR-CH-10000213,"Hon Swivel Stool, Red",Furniture,Chairs
9379,OFF-AP-10000600,"KitchenAid Coffee Grinder, Silver",Office Supplies,Appliances
9380,OFF-BI-10003240,"Ibico Binding Machine, Economy",Office Supplies,Binders
9381,TEC-SAN-10004181,"SanDisk Keyboard, USB",Technology,Accessories
9382,OFF-BRE-10000493,"Breville Coffee Grinder, Red",Office Supplies,Appliances
9383,FUR-FU-10003806,"Tenex Chairmat w/ Average Lip, 45"" x 53""",Furniture,Furnishings
9384,TEC-AC-10001907,"SanDisk Flash Drive, Bluetooth",Technology,Accessories
9385,OFF-GLO-10002315,"GlobeWeis Interoffice Envelope, Set of 50",Office Supplies,Envelopes
9386,TEC-STA-10003065,"StarTech Receipt Printer, Durable",Technology,Machines
9387,FUR-DEF-10001477,"Deflect-O Door Stop, Erganomic",Furniture,Furnishings
9388,OFF-BRE-10004359,"Breville Coffee Grinder, White",Office Supplies,Appliances
9389,OFF-LA-10003663,Avery 498,Office Supplies,Labels
9390,FUR-TA-10001276,"Lesro Coffee Table, with Bottom Storage",Furniture,Tables
9391,OFF-PA-10000373,"Xerox Cards & Envelopes, 8.5 x 11",Office Supplies,Paper
9392,OFF-PA-10002921,"Eaton Message Books, Multicolor",Office Supplies,Paper
9393,TEC-EPS-10000053,"Epson Receipt Printer, Red",Technology,Machines
9394,TEC-BEL-10001689,"Belkin Router, Programmable",Technology,Accessories
9395,TEC-AC-10000097,"Belkin Mouse, Programmable",Technology,Accessories
9396,OFF-PA-10000540,"Enermax Note Cards, Multicolor",Office Supplies,Paper
9397,FUR-FU-10004864,Eldon 500 Class Desk Accessories,Furniture,Furnishings
9398,FUR-TA-10001691,"Barricks Non-Folding Utility Table with Steel Legs, Laminate Tops",Furniture,Tables
9399,FUR-CH-10003608,"SAFCO Chairmat, Set of Two",Furniture,Chairs
9400,OFF-EN-10000561,"Ames Business Envelopes, Recycled",Office Supplies,Envelopes
9401,FUR-IKE-10003576,"Ikea Floating Shelf Set, Pine",Furniture,Bookcases
9402,OFF-EN-10004305,"Jiffy Manila Envelope, Security-Tint",Office Supplies,Envelopes
9403,TEC-AC-10004803,Sony Micro Vault Click 4 GB USB 2.0 Flash Drive,Technology,Accessories
9404,FUR-CH-10000981,"Novimex Swivel Stool, Set of Two",Furniture,Chairs
9405,OFF-AP-10003380,"KitchenAid Coffee Grinder, Black",Office Supplies,Appliances
9406,OFF-EN-10004491,"Cameo Manila Envelope, Recycled",Office Supplies,Envelopes
9407,OFF-BI-10000725,"Wilson Jones Binding Machine, Durable",Office Supplies,Binders
9408,OFF-SU-10002362,"Acme Ruler, Serrated",Office Supplies,Supplies
9409,OFF-LA-10002034,Avery 478,Office Supplies,Labels
9410,TEC-AC-10002900,"Belkin Mouse, Programmable",Technology,Accessories
9411,OFF-AP-10002904,"Hamilton Beach Refrigerator, Silver",Office Supplies,Appliances
9412,TEC-CO-10004756,"Sharp Wireless Fax, Digital",Technology,Copiers
9413,OFF-AR-10001609,"Stanley Highlighters, Water Color",Office Supplies,Art
9414,OFF-EN-10001711,"Ames Clasp Envelope, with clear poly window",Office Supplies,Envelopes
9415,TEC-MA-10003773,"Panasonic Card Printer, Wireless",Technology,Machines
9416,FUR-FU-10004579,"Rubbermaid Door Stop, Durable",Furniture,Furnishings
9417,OFF-OIC-10000855,"OIC Thumb Tacks, Metal",Office Supplies,Fasteners
9418,OFF-HON-10004698,"Hon File Folder Labels, Laser Printer Compatible",Office Supplies,Labels
9419,OFF-HAM-10003628,"Hamilton Beach Coffee Grinder, Red",Office Supplies,Appliances
9420,OFF-SU-10000789,"Kleencut Box Cutter, Serrated",Office Supplies,Supplies
9421,OFF-PA-10001085,"Eaton Computer Printout Paper, Premium",Office Supplies,Paper
9422,TEC-AC-10001703,"Memorex Keyboard, USB",Technology,Accessories
9423,OFF-AP-10003912,"Hoover Blender, Silver",Office Supplies,Appliances
9424,OFF-PA-10000036,"Green Bar Note Cards, Multicolor",Office Supplies,Paper
9425,FUR-CH-10002819,"SAFCO Chairmat, Red",Furniture,Chairs
9426,TEC-BEL-10002153,"Belkin Flash Drive, Bluetooth",Technology,Accessories
9427,FUR-CH-10004082,"Office Star Chairmat, Black",Furniture,Chairs
9428,OFF-EN-10002728,"GlobeWeis Interoffice Envelope, Set of 50",Office Supplies,Envelopes
9429,OFF-PA-10004124,"Xerox Message Books, Multicolor",Office Supplies,Paper
9430,TEC-PH-10002936,"Nokia Smart Phone, Full Size",Technology,Phones
9431,FUR-TA-10002482,"Bevis Wood Table, Fully Assembled",Furniture,Tables
9432,OFF-FA-10001698,"Stockwell Clamps, Assorted Sizes",Office Supplies,Fasteners
9433,FUR-TA-10003539,"Bevis Wood Table, Fully Assembled",Furniture,Tables
9434,TEC-OKI-10000592,"Okidata Phone, White",Technology,Machines
9435,OFF-PA-10002842,"Eaton Parchment Paper, Recycled",Office Supplies,Paper
9436,OFF-LA-10003699,"Smead File Folder Labels, Adjustable",Office Supplies,Labels
9437,OFF-HAR-10000242,"Harbour Creations Round Labels, Laser Printer Compatible",Office Supplies,Labels
9438,FUR-TA-10003926,"Lesro Conference Table, Adjustable Height",Furniture,Tables
9439,OFF-ENE-10000516,"Enermax Note Cards, Multicolor",Office Supplies,Paper
9440,OFF-AR-10002415,"Stanley Markers, Easy-Erase",Office Supplies,Art
9441,OFF-AP-10000329,"KitchenAid Refrigerator, White",Office Supplies,Appliances
9442,OFF-AP-10001408,"KitchenAid Refrigerator, White",Office Supplies,Appliances
9443,TEC-MA-10002155,"Panasonic Receipt Printer, Durable",Technology,Machines
9444,OFF-EN-10003448,"Cameo Clasp Envelope, Set of 50",Office Supplies,Envelopes
9445,TEC-AC-10002852,"Belkin Memory Card, Erganomic",Technology,Accessories
9446,OFF-EN-10003737,"Jiffy Mailers, Security-Tint",Office Supplies,Envelopes
9447,OFF-FA-10001832,"Accos Rubber Bands, Metal",Office Supplies,Fasteners
9448,OFF-LA-10002486,"Harbour Creations Legal Exhibit Labels, Adjustable",Office Supplies,Labels
9449,TEC-PH-10004093,"Motorola Audio Dock, VoIP",Technology,Phones
9450,FUR-CH-10003621,"Harbour Creations Chairmat, Adjustable",Furniture,Chairs
9451,OFF-LA-10004137,"Harbour Creations Legal Exhibit Labels, Laser Printer Compatible",Office Supplies,Labels
9452,OFF-PA-10000551,Array Memo Cubes,Office Supplies,Paper
9453,OFF-FA-10004942,"OIC Clamps, Metal",Office Supplies,Fasteners
9454,OFF-ENE-10004866,"Enermax Parchment Paper, 8.5 x 11",Office Supplies,Paper
9455,OFF-AP-10003945,"Hamilton Beach Stove, Red",Office Supplies,Appliances
9456,OFF-LA-10004280,"Harbour Creations Legal Exhibit Labels, Alphabetical",Office Supplies,Labels
9457,OFF-PA-10004911,"Rediform S.O.S. 1-Up Phone Message Bk, 4-1/4x3-1/16 Bk, 1 Form/Pg, 40 Messages/Bk, 3/Pk",Office Supplies,Paper
9458,FUR-BO-10001147,"Bush Floating Shelf Set, Metal",Furniture,Bookcases
9459,OFF-HAM-10001302,"Hamilton Beach Microwave, White",Office Supplies,Appliances
9460,TEC-PH-10003813,"Samsung Signal Booster, VoIP",Technology,Phones
9461,OFF-SME-10001754,"Smead File Folder Labels, 5000 Label Set",Office Supplies,Labels
9462,TEC-SHA-10001976,"Sharp Ink, High-Speed",Technology,Copiers
9463,FUR-FU-10002412,"Tenex Clock, Duo Pack",Furniture,Furnishings
9464,OFF-LA-10003090,"Harbour Creations File Folder Labels, Adjustable",Office Supplies,Labels
9465,FUR-BO-10000786,"Sauder Stackable Bookrack, Pine",Furniture,Bookcases
9466,TEC-MA-10003757,"Panasonic Printer, Red",Technology,Machines
9467,TEC-EPS-10002920,"Epson Printer, Red",Technology,Machines
9468,TEC-CO-10004138,"Sharp Wireless Fax, Digital",Technology,Copiers
9469,OFF-PA-10002918,"Eaton Computer Printout Paper, Recycled",Office Supplies,Paper
9470,OFF-LA-10000536,"Smead Color Coded Labels, Laser Printer Compatible",Office Supplies,Labels
9471,OFF-AP-10000344,"Hoover Toaster, Silver",Office Supplies,Appliances
9472,OFF-CAM-10003488,"Cameo Mailers, Set of 50",Office Supplies,Envelopes
9473,FUR-FU-10001078,"Advantus Clock, Durable",Furniture,Furnishings
9474,OFF-SU-10000969,"Fiskars Box Cutter, Serrated",Office Supplies,Supplies
9475,FUR-CH-10004219,"Office Star Bag Chairs, Red",Furniture,Chairs
9476,OFF-LA-10001549,"Harbour Creations Removable Labels, Adjustable",Office Supplies,Labels
9477,OFF-KIT-10003990,"KitchenAid Toaster, Silver",Office Supplies,Appliances
9478,TEC-CAN-10004839,"Canon Wireless Fax, Color",Technology,Copiers
9479,OFF-FA-10003797,"Advantus Push Pins, 12 Pack",Office Supplies,Fasteners
9480,FUR-CH-10000783,"Office Star Executive Leather Armchair, Adjustable",Furniture,Chairs
9481,TEC-BRO-10001568,"Brother Wireless Fax, Digital",Technology,Copiers
9482,TEC-AC-10001791,"Memorex Mouse, Programmable",Technology,Accessories
9483,OFF-SU-10004919,"Acme Letter Opener, High Speed",Office Supplies,Supplies
9484,OFF-GLO-10004123,"GlobeWeis Business Envelopes, Security-Tint",Office Supplies,Envelopes
9485,OFF-FA-10000746,"Advantus Thumb Tacks, 12 Pack",Office Supplies,Fasteners
9486,FUR-BO-10003905,"Ikea Stackable Bookrack, Mobile",Furniture,Bookcases
9487,FUR-LES-10002613,"Lesro Wood Table, Rectangular",Furniture,Tables
9488,FUR-CH-10000068,"SAFCO Rocking Chair, Black",Furniture,Chairs
9489,OFF-PA-10002218,"Enermax Note Cards, Multicolor",Office Supplies,Paper
9490,FUR-FU-10004281,"Eldon Light Bulb, Erganomic",Furniture,Furnishings
9491,TEC-AC-10001406,"Enermax Memory Card, Programmable",Technology,Accessories
9492,OFF-ENE-10002470,"Enermax Cards & Envelopes, 8.5 x 11",Office Supplies,Paper
9493,OFF-AR-10001862,"Boston Pens, Water Color",Office Supplies,Art
9494,OFF-LA-10003537,Avery 515,Office Supplies,Labels
9495,OFF-EN-10003484,"Ames Clasp Envelope, Recycled",Office Supplies,Envelopes
9496,TEC-CO-10003471,"Hewlett Fax and Copier, Color",Technology,Copiers
9497,OFF-EN-10003838,"Cameo Peel and Seal, with clear poly window",Office Supplies,Envelopes
9498,OFF-AP-10003497,"KitchenAid Microwave, Red",Office Supplies,Appliances
9499,FUR-TA-10004722,"Barricks Computer Table, Adjustable Height",Furniture,Tables
9500,FUR-TA-10004468,"Lesro Training Table, Fully Assembled",Furniture,Tables
9501,OFF-SU-10000272,"Stiletto Letter Opener, Easy Grip",Office Supplies,Supplies
9502,OFF-ELI-10001685,"Elite Ruler, Steel",Office Supplies,Supplies
9503,TEC-PH-10003442,Samsung Replacement EH64AVFWE Premium Headset,Technology,Phones
9504,OFF-FA-10002983,Advantus SlideClip Paper Clips,Office Supplies,Fasteners
9505,OFF-PA-10004429,"Xerox Memo Slips, Premium",Office Supplies,Paper
9506,OFF-PA-10004024,"Enermax Memo Slips, Recycled",Office Supplies,Paper
9507,TEC-MA-10000334,"Panasonic Printer, Wireless",Technology,Machines
9508,FUR-BO-10004483,"Ikea Floating Shelf Set, Pine",Furniture,Bookcases
9509,OFF-AR-10003028,"Binney & Smith Highlighters, Blue",Office Supplies,Art
9510,OFF-LA-10002473,Avery 484,Office Supplies,Labels
9511,FUR-TA-10003954,"Barricks Conference Table, with Bottom Storage",Furniture,Tables
9512,OFF-EN-10002061,"Cameo Mailers, Set of 50",Office Supplies,Envelopes
9513,OFF-SU-10004048,"Kleencut Shears, High Speed",Office Supplies,Supplies
9514,TEC-AC-10002482,"Logitech Mouse, Erganomic",Technology,Accessories
9515,OFF-EN-10004547,"Ames Business Envelopes, Security-Tint",Office Supplies,Envelopes
9516,OFF-JIF-10002836,"Jiffy Interoffice Envelope, Set of 50",Office Supplies,Envelopes
9517,FUR-FU-10002837,"Advantus Frame, Duo Pack",Furniture,Furnishings
9518,OFF-AVE-10004148,"Avery Color Coded Labels, Laser Printer Compatible",Office Supplies,Labels
9519,OFF-PA-10002616,"Green Bar Parchment Paper, Multicolor",Office Supplies,Paper
9520,OFF-LA-10002674,"Novimex Legal Exhibit Labels, Adjustable",Office Supplies,Labels
9521,FUR-OFF-10000303,"Office Star Rocking Chair, Set of Two",Furniture,Chairs
9522,OFF-BRE-10001378,"Breville Toaster, White",Office Supplies,Appliances
9523,FUR-BO-10001875,"Bush Library with Doors, Mobile",Furniture,Bookcases
9524,FUR-SAF-10000607,"Safco Stackable Bookrack, Mobile",Furniture,Bookcases
9525,OFF-KLE-10002292,"Kleencut Scissors, Steel",Office Supplies,Supplies
9526,OFF-LA-10000984,"Hon Round Labels, Alphabetical",Office Supplies,Labels
9527,OFF-PA-10003939,"Enermax Note Cards, Multicolor",Office Supplies,Paper
9528,OFF-FA-10001574,"Accos Clamps, Bulk Pack",Office Supplies,Fasteners
9529,OFF-EN-10003838,"Cameo Business Envelopes, Security-Tint",Office Supplies,Envelopes
9530,OFF-BI-10003188,"Wilson Jones Binder Covers, Economy",Office Supplies,Binders
9531,TEC-MA-10003230,Okidata C610n Printer,Technology,Machines
9532,TEC-CIS-10000758,"Cisco Smart Phone, Full Size",Technology,Phones
9533,OFF-AP-10000159,Belkin F9M820V08 8 Outlet Surge,Office Supplies,Appliances
9534,FUR-DAN-10002631,"Dania 3-Shelf Cabinet, Pine",Furniture,Bookcases
9535,TEC-CO-10004690,"HP Wireless Fax, Digital",Technology,Copiers
9536,OFF-EAT-10004979,"Eaton Cards & Envelopes, Multicolor",Office Supplies,Paper
9537,OFF-HAR-10000414,"Harbour Creations Round Labels, Adjustable",Office Supplies,Labels
9538,FUR-RUB-10001380,"Rubbermaid Photo Frame, Erganomic",Furniture,Furnishings
9539,OFF-HOO-10002752,"Hoover Refrigerator, Red",Office Supplies,Appliances
9540,FUR-BO-10003894,"Safco Value Mate Steel Bookcase, Baked Enamel Finish on Steel, Black",Furniture,Bookcases
9541,OFF-STI-10003234,"Stiletto Trimmer, Steel",Office Supplies,Supplies
9542,TEC-AC-10004812,"SanDisk Mouse, Erganomic",Technology,Accessories
9543,OFF-HAM-10001387,"Hamilton Beach Coffee Grinder, Black",Office Supplies,Appliances
9544,FUR-SAU-10002540,"Sauder Stackable Bookrack, Traditional",Furniture,Bookcases
9545,OFF-AP-10000004,"Cuisinart Stove, Silver",Office Supplies,Appliances
9546,OFF-PA-10000915,"Eaton Note Cards, 8.5 x 11",Office Supplies,Paper
9547,OFF-AR-10001029,"Stanley Sketch Pad, Water Color",Office Supplies,Art
9548,OFF-ST-10000711,"Fellowes Box, Single Width",Office Supplies,Storage
9549,FUR-FU-10000260,"6"" Cubicle Wall Clock, Black",Furniture,Furnishings
9550,TEC-MA-10001296,"Epson Calculator, White",Technology,Machines
9551,OFF-SU-10002503,Acme Preferred Stainless Steel Scissors,Office Supplies,Supplies
9552,OFF-SME-10003746,"Smead Legal Exhibit Labels, Adjustable",Office Supplies,Labels
9553,TEC-CO-10003406,"HP Fax and Copier, Laser",Technology,Copiers
9554,FUR-LES-10003082,"Lesro Coffee Table, Rectangular",Furniture,Tables
9555,OFF-PA-10004381,14-7/8 x 11 Blue Bar Computer Printout Paper,Office Supplies,Paper
9556,OFF-AP-10000261,"Cuisinart Toaster, Silver",Office Supplies,Appliances
9557,FUR-CH-10001146,"Global Task Chair, Black",Furniture,Chairs
9558,OFF-ACC-10003925,"Accos Staples, Bulk Pack",Office Supplies,Fasteners
9559,TEC-PH-10002447,AT&T CL83451 4-Handset Telephone,Technology,Phones
9560,FUR-TA-10003663,"Bevis Computer Table, Adjustable Height",Furniture,Tables
9561,OFF-AR-10002714,"Stanley Sketch Pad, Easy-Erase",Office Supplies,Art
9562,OFF-EN-10000271,"Kraft Peel and Seal, with clear poly window",Office Supplies,Envelopes
9563,TEC-CO-10002678,"Brother Wireless Fax, High-Speed",Technology,Copiers
9564,OFF-ST-10004748,"Smead Lockers, Blue",Office Supplies,Storage
9565,TEC-MA-10002043,"Epson Receipt Printer, White",Technology,Machines
9566,TEC-PH-10004655,"Apple Speaker Phone, Cordless",Technology,Phones
9567,OFF-SU-10001455,"Acme Box Cutter, Easy Grip",Office Supplies,Supplies
9568,OFF-ACM-10001112,"Acme Shears, Steel",Office Supplies,Supplies
9569,OFF-LA-10002651,"Novimex Round Labels, Adjustable",Office Supplies,Labels
9570,OFF-FA-10000136,"Accos Paper Clips, Assorted Sizes",Office Supplies,Fasteners
9571,TEC-CO-10003087,"Canon Wireless Fax, Laser",Technology,Copiers
9572,OFF-EN-10002723,"Cameo Interoffice Envelope, with clear poly window",Office Supplies,Envelopes
9573,TEC-MOT-10002689,"Motorola Headset, Cordless",Technology,Phones
9574,TEC-PH-10002658,"Apple Signal Booster, with Caller ID",Technology,Phones
9575,OFF-ST-10000352,Acco Perma 2700 Stacking Storage Drawers,Office Supplies,Storage
9576,TEC-AC-10000873,"Belkin Mouse, USB",Technology,Accessories
9577,OFF-LA-10004462,"Smead Shipping Labels, Adjustable",Office Supplies,Labels
9578,FUR-CH-10003499,"SAFCO Swivel Stool, Red",Furniture,Chairs
9579,FUR-HAR-10002288,"Harbour Creations Rocking Chair, Red",Furniture,Chairs
9580,OFF-STI-10001171,"Stiletto Letter Opener, Easy Grip",Office Supplies,Supplies
9581,OFF-FA-10001631,"Advantus Staples, Bulk Pack",Office Supplies,Fasteners
9582,OFF-ELD-10002297,"Eldon Lockers, Blue",Office Supplies,Storage
9583,OFF-JIF-10003976,"Jiffy Mailers, with clear poly window",Office Supplies,Envelopes
9584,OFF-SU-10004630,"Acme Shears, Steel",Office Supplies,Supplies
9585,OFF-EN-10000428,"Cameo Clasp Envelope, with clear poly window",Office Supplies,Envelopes
9586,OFF-LA-10001924,"Hon Round Labels, Adjustable",Office Supplies,Labels
9587,OFF-EN-10004309,"GlobeWeis Business Envelopes, Recycled",Office Supplies,Envelopes
9588,TEC-PH-10002991,"Apple Smart Phone, Full Size",Technology,Phones
9589,FUR-FU-10003664,"Electrix Architect's Clamp-On Swing Arm Lamp, Black",Furniture,Furnishings
9590,FUR-CH-10003875,"Office Star Swivel Stool, Set of Two",Furniture,Chairs
9591,TEC-AC-10004341,"Belkin Mouse, USB",Technology,Accessories
9592,FUR-TA-10002519,"Lesro Conference Table, with Bottom Storage",Furniture,Tables
9593,TEC-PH-10002570,"Samsung Headset, Full Size",Technology,Phones
9594,TEC-CO-10002240,"Canon Copy Machine, High-Speed",Technology,Copiers
9595,OFF-ST-10004428,"Tenex Lockers, Industrial",Office Supplies,Storage
9596,OFF-PA-10003002,"Enermax Message Books, Multicolor",Office Supplies,Paper
9597,OFF-PA-10001115,"SanDisk Parchment Paper, Multicolor",Office Supplies,Paper
9598,FUR-FU-10000718,"Tenex Stacking Tray, Erganomic",Furniture,Furnishings
9599,OFF-PA-10003651,Xerox 1968,Office Supplies,Paper
9600,FUR-SAU-10002331,"Sauder Library with Doors, Traditional",Furniture,Bookcases
9601,OFF-AP-10004415,"Hoover Microwave, Red",Office Supplies,Appliances
9602,FUR-RUB-10001704,"Rubbermaid Frame, Black",Furniture,Furnishings
9603,OFF-JIF-10000375,"Jiffy Mailers, Set of 50",Office Supplies,Envelopes
9604,TEC-AC-10004939,"Memorex Mouse, Bluetooth",Technology,Accessories
9605,OFF-PA-10001236,"Enermax Message Books, Recycled",Office Supplies,Paper
9606,TEC-MA-10004458,Lexmark X 9575 Professional All-in-One Color Printer,Technology,Machines
9607,TEC-MA-10001197,"StarTech Phone, Red",Technology,Machines
9608,OFF-PA-10001736,"SanDisk Note Cards, 8.5 x 11",Office Supplies,Paper
9609,FUR-FU-10001144,"Rubbermaid Photo Frame, Erganomic",Furniture,Furnishings
9610,TEC-APP-10001108,"Apple Headset, with Caller ID",Technology,Phones
9611,OFF-BI-10002520,"Cardinal Hole Reinforcements, Recycled",Office Supplies,Binders
9612,OFF-EN-10000251,"Jiffy Clasp Envelope, Security-Tint",Office Supplies,Envelopes
9613,TEC-STA-10003550,"StarTech Card Printer, Red",Technology,Machines
9614,OFF-ENE-10003274,"Enermax Memo Slips, 8.5 x 11",Office Supplies,Paper
9615,FUR-HAR-10004593,"Harbour Creations Executive Leather Armchair, Black",Furniture,Chairs
9616,OFF-ST-10004793,"Tenex File Cart, Industrial",Office Supplies,Storage
9617,FUR-CH-10000136,"Harbour Creations Steel Folding Chair, Set of Two",Furniture,Chairs
9618,OFF-AR-10001696,"Binney & Smith Pens, Water Color",Office Supplies,Art
9619,TEC-CO-10003655,"Hewlett Wireless Fax, High-Speed",Technology,Copiers
9620,TEC-PH-10000956,"Motorola Speaker Phone, with Caller ID",Technology,Phones
9621,TEC-CO-10001742,"Sharp Copy Machine, Color",Technology,Copiers
9622,TEC-PH-10004915,"Nokia Speaker Phone, Cordless",Technology,Phones
9623,OFF-AP-10003318,"Breville Blender, Black",Office Supplies,Appliances
9624,TEC-AC-10003763,"Logitech Mouse, Programmable",Technology,Accessories
9625,OFF-AP-10004220,"Hamilton Beach Coffee Grinder, White",Office Supplies,Appliances
9626,OFF-SU-10001212,Kleencut Forged Office Shears by Acme United Corporation,Office Supplies,Supplies
9627,TEC-CO-10002523,"Hewlett Personal Copier, Laser",Technology,Copiers
9628,OFF-AP-10004882,"Hamilton Beach Microwave, Black",Office Supplies,Appliances
9629,FUR-FU-10002848,"Advantus Stacking Tray, Black",Furniture,Furnishings
9630,FUR-BO-10000797,"Safco 3-Shelf Cabinet, Pine",Furniture,Bookcases
9631,OFF-EN-10000051,"GlobeWeis Manila Envelope, with clear poly window",Office Supplies,Envelopes
9632,FUR-SAF-10000545,"Safco 3-Shelf Cabinet, Pine",Furniture,Bookcases
9633,OFF-BI-10002907,"Wilson Jones 3-Hole Punch, Economy",Office Supplies,Binders
9634,TEC-PH-10004071,PayAnywhere Card Reader,Technology,Phones
9635,OFF-SU-10001506,"Kleencut Letter Opener, Steel",Office Supplies,Supplies
9636,OFF-FA-10004503,"Accos Staples, Assorted Sizes",Office Supplies,Fasteners
9637,FUR-DEF-10000495,"Deflect-O Clock, Black",Furniture,Furnishings
9638,OFF-KIT-10002828,"KitchenAid Microwave, White",Office Supplies,Appliances
9639,TEC-HP -10001115,"HP Ink, Digital",Technology,Copiers
9640,OFF-EN-10003373,"GlobeWeis Interoffice Envelope, Recycled",Office Supplies,Envelopes
9641,FUR-TA-10002957,"Bevis Training Table, Fully Assembled",Furniture,Tables
9642,TEC-BRO-10002579,"Brother Copy Machine, Laser",Technology,Copiers
9643,TEC-MA-10002729,"StarTech Receipt Printer, Red",Technology,Machines
9644,FUR-FU-10004963,"Eldon 400 Class Desk Accessories, Black Carbon",Furniture,Furnishings
9645,OFF-EN-10003748,"Ames Mailers, with clear poly window",Office Supplies,Envelopes
9646,FUR-TA-10000478,"Bevis Round Table, Fully Assembled",Furniture,Tables
9647,TEC-PH-10000693,"Apple Speaker Phone, with Caller ID",Technology,Phones
9648,FUR-BO-10002334,"Ikea 3-Shelf Cabinet, Pine",Furniture,Bookcases
9649,OFF-FA-10003415,"Stockwell Push Pins, Bulk Pack",Office Supplies,Fasteners
9650,OFF-FA-10004401,"OIC Staples, Metal",Office Supplies,Fasteners
9651,FUR-DEF-10004555,"Deflect-O Frame, Black",Furniture,Furnishings
9652,OFF-JIF-10004213,"Jiffy Business Envelopes, Set of 50",Office Supplies,Envelopes
9653,TEC-MA-10003314,"Epson Phone, White",Technology,Machines
9654,TEC-MA-10002165,"Konica Card Printer, Red",Technology,Machines
9655,OFF-AP-10001564,Hoover Commercial Lightweight Upright Vacuum with E-Z Empty Dirt Cup,Office Supplies,Appliances
9656,TEC-AC-10000271,"Enermax Router, Erganomic",Technology,Accessories
9657,TEC-MA-10003630,"Epson Calculator, White",Technology,Machines
9658,OFF-ST-10004841,"Eldon Box, Blue",Office Supplies,Storage
9659,OFF-SU-10003801,"Elite Box Cutter, Easy Grip",Office Supplies,Supplies
9660,OFF-FA-10003378,"Accos Push Pins, Metal",Office Supplies,Fasteners
9661,OFF-PA-10004735,Xerox 1905,Office Supplies,Paper
9662,OFF-BI-10000397,"Wilson Jones Hole Reinforcements, Durable",Office Supplies,Binders
9663,FUR-SAU-10003694,"Sauder Library with Doors, Mobile",Furniture,Bookcases
9664,TEC-PH-10001573,"Nokia Smart Phone, with Caller ID",Technology,Phones
9665,OFF-FIS-10003234,"Fiskars Trimmer, Serrated",Office Supplies,Supplies
9666,OFF-LA-10000880,"Novimex Removable Labels, 5000 Label Set",Office Supplies,Labels
9667,TEC-MA-10001261,"Konica Printer, Wireless",Technology,Machines
9668,OFF-AR-10000255,Newell 328,Office Supplies,Art
9669,OFF-AP-10001529,"Hamilton Beach Toaster, White",Office Supplies,Appliances
9670,TEC-MA-10001187,"Okidata Calculator, Wireless",Technology,Machines
9671,OFF-PA-10000382,"SanDisk Computer Printout Paper, Multicolor",Office Supplies,Paper
9672,OFF-AP-10000691,"Cuisinart Refrigerator, Red",Office Supplies,Appliances
9673,OFF-EN-10002752,"Jiffy Peel and Seal, Set of 50",Office Supplies,Envelopes
9674,TEC-PH-10002574,"Cisco Speaker Phone, Cordless",Technology,Phones
9675,OFF-PA-10000588,"SanDisk Cards & Envelopes, 8.5 x 11",Office Supplies,Paper
9676,TEC-AC-10003989,"Enermax Numeric Keypad, Bluetooth",Technology,Accessories
9677,OFF-LA-10001215,"Harbour Creations File Folder Labels, Laser Printer Compatible",Office Supplies,Labels
9678,OFF-AP-10002629,"Cuisinart Stove, White",Office Supplies,Appliances
9679,FUR-BO-10000889,"Safco 3-Shelf Cabinet, Mobile",Furniture,Bookcases
9680,OFF-SU-10000198,"Fiskars Scissors, Steel",Office Supplies,Supplies
9681,OFF-BI-10001135,"Avery Hole Reinforcements, Durable",Office Supplies,Binders
9682,TEC-AC-10003814,"Belkin Router, Programmable",Technology,Accessories
9683,TEC-AC-10003294,"Enermax Flash Drive, USB",Technology,Accessories
9684,FUR-CH-10001588,"Hon Executive Leather Armchair, Red",Furniture,Chairs
9685,OFF-PA-10001523,"Enermax Cards & Envelopes, Premium",Office Supplies,Paper
9686,OFF-ST-10000136,Letter Size File,Office Supplies,Storage
9687,TEC-MA-10001695,Zebra GK420t Direct Thermal/Thermal Transfer Printer,Technology,Machines
9688,TEC-MA-10004063,"Okidata Printer, Durable",Technology,Machines
9689,OFF-NOV-10000141,"Novimex Round Labels, 5000 Label Set",Office Supplies,Labels
9690,TEC-CO-10003017,"Sharp Ink, Laser",Technology,Copiers
9691,OFF-ST-10000676,Fellowes Econo/Stor Drawers,Office Supplies,Storage
9692,FUR-HAR-10004129,"Harbour Creations Swivel Stool, Set of Two",Furniture,Chairs
9693,OFF-ST-10000378,"Tenex Box, Wire Frame",Office Supplies,Storage
9694,FUR-BO-10000668,"Sauder Classic Bookcase, Mobile",Furniture,Bookcases
9695,OFF-LA-10002883,"Avery Removable Labels, Alphabetical",Office Supplies,Labels
9696,FUR-TA-10002487,"Bevis Training Table, with Bottom Storage",Furniture,Tables
9697,FUR-FU-10001045,"Eldon Photo Frame, Durable",Furniture,Furnishings
9698,TEC-PH-10002296,"Nokia Headset, Full Size",Technology,Phones
9699,TEC-PH-10004577,"Samsung Office Telephone, with Caller ID",Technology,Phones
9700,TEC-MA-10002193,"Panasonic Card Printer, Red",Technology,Machines
9701,FUR-BO-10001567,"Bush Westfield Collection Bookcases, Dark Cherry Finish, Fully Assembled",Furniture,Bookcases
9702,TEC-ENE-10004236,"Enermax Flash Drive, Bluetooth",Technology,Accessories
9703,OFF-EN-10000094,"Jiffy Interoffice Envelope, Security-Tint",Office Supplies,Envelopes
9704,OFF-AVE-10004412,"Avery Color Coded Labels, Alphabetical",Office Supplies,Labels
9705,TEC-CO-10003212,"HP Copy Machine, High-Speed",Technology,Copiers
9706,OFF-ST-10001590,"Eldon Folders, Blue",Office Supplies,Storage
9707,TEC-MA-10002040,"Panasonic Card Printer, Durable",Technology,Machines
9708,TEC-MA-10002864,"Panasonic Card Printer, Durable",Technology,Machines
9709,FUR-CH-10003606,SAFCO Folding Chair Trolley,Furniture,Chairs
9710,OFF-SU-10003624,"Stiletto Scissors, High Speed",Office Supplies,Supplies
9711,OFF-AR-10001770,"Binney & Smith Markers, Water Color",Office Supplies,Art
9712,OFF-TEN-10000766,"Tenex Folders, Industrial",Office Supplies,Storage
9713,FUR-FU-10002170,"Eldon Stacking Tray, Durable",Furniture,Furnishings
9714,FUR-CH-10003054,"Novimex Executive Leather Armchair, Adjustable",Furniture,Chairs
9715,OFF-BI-10004442,"Wilson Jones Binder, Durable",Office Supplies,Binders
9716,OFF-EN-10002725,"Ames Manila Envelope, Set of 50",Office Supplies,Envelopes
9717,OFF-PA-10000740,Xerox 1982,Office Supplies,Paper
9718,OFF-LA-10000760,"Harbour Creations Removable Labels, Laser Printer Compatible",Office Supplies,Labels
9719,TEC-CO-10003226,"Canon Fax Machine, Laser",Technology,Copiers
9720,FUR-LES-10004098,"Lesro Round Table, Rectangular",Furniture,Tables
9721,TEC-CO-10000259,"Hewlett Ink, Color",Technology,Copiers
9722,OFF-FA-10003213,"Stockwell Paper Clips, Assorted Sizes",Office Supplies,Fasteners
9723,TEC-CO-10001192,"HP Personal Copier, Digital",Technology,Copiers
9724,FUR-HON-10000344,"Hon Rocking Chair, Red",Furniture,Chairs
9725,OFF-FA-10001086,"Accos Rubber Bands, Assorted Sizes",Office Supplies,Fasteners
9726,OFF-SU-10004727,"Stiletto Letter Opener, Easy Grip",Office Supplies,Supplies
9727,FUR-CH-10000182,"Office Star Bag Chairs, Adjustable",Furniture,Chairs
9728,OFF-BI-10003718,"Avery Index Tab, Clear",Office Supplies,Binders
9729,TEC-CO-10001093,"HP Personal Copier, Digital",Technology,Copiers
9730,TEC-MA-10004603,"Okidata Printer, Durable",Technology,Machines
9731,OFF-AR-10000120,"BIC Canvas, Fluorescent",Office Supplies,Art
9732,FUR-ADV-10001283,"Advantus Frame, Black",Furniture,Furnishings
9733,OFF-SU-10000738,"Acme Shears, Steel",Office Supplies,Supplies
9734,FUR-BO-10003181,"Safco Corner Shelving, Metal",Furniture,Bookcases
9735,FUR-FU-10003095,"Linden 12"" Wall Clock With Oak Frame",Furniture,Furnishings
9736,TEC-AC-10002015,"Logitech Router, Programmable",Technology,Accessories
9737,OFF-AME-10000360,"Ames Interoffice Envelope, Security-Tint",Office Supplies,Envelopes
9738,OFF-FA-10004206,"Advantus Staples, 12 Pack",Office Supplies,Fasteners
9739,FUR-BO-10003282,"Ikea Classic Bookcase, Mobile",Furniture,Bookcases
9740,FUR-TA-10000136,"Chromcraft Conference Table, Adjustable Height",Furniture,Tables
9741,TEC-PH-10003137,"Nokia Signal Booster, Cordless",Technology,Phones
9742,TEC-MA-10004323,"Konica Calculator, Durable",Technology,Machines
9743,OFF-SU-10000817,"Acme Box Cutter, Serrated",Office Supplies,Supplies
9744,OFF-STI-10000937,"Stiletto Scissors, High Speed",Office Supplies,Supplies
9745,TEC-AC-10002607,"Enermax Mouse, USB",Technology,Accessories
9746,FUR-TA-10004440,"Chromcraft Wood Table, Fully Assembled",Furniture,Tables
9747,OFF-ST-10004631,"Rogers Trays, Industrial",Office Supplies,Storage
9748,OFF-LA-10004320,"Avery Legal Exhibit Labels, Alphabetical",Office Supplies,Labels
9749,OFF-EN-10003721,"Jiffy Business Envelopes, Security-Tint",Office Supplies,Envelopes
9750,FUR-BO-10001255,"Ikea Library with Doors, Mobile",Furniture,Bookcases
9751,TEC-STA-10002459,"StarTech Printer, Durable",Technology,Machines
9752,OFF-SU-10000925,"Fiskars Box Cutter, High Speed",Office Supplies,Supplies
9753,TEC-AC-10001312,"Logitech Numeric Keypad, Erganomic",Technology,Accessories
9754,TEC-PH-10001137,"Samsung Speaker Phone, with Caller ID",Technology,Phones
9755,FUR-BO-10001003,"Dania 3-Shelf Cabinet, Traditional",Furniture,Bookcases
9756,OFF-EN-10003547,"Jiffy Interoffice Envelope, Set of 50",Office Supplies,Envelopes
9757,OFF-FA-10002791,"OIC Push Pins, Assorted Sizes",Office Supplies,Fasteners
9758,OFF-AP-10002321,"Hoover Microwave, Silver",Office Supplies,Appliances
9759,TEC-MA-10003337,Okidata B401 Printer,Technology,Machines
9760,TEC-AC-10003451,"Logitech Flash Drive, Erganomic",Technology,Accessories
9761,OFF-EN-10003785,"GlobeWeis Mailers, Set of 50",Office Supplies,Envelopes
9762,FUR-CH-10001191,"Office Star Steel Folding Chair, Red",Furniture,Chairs
9763,FUR-BO-10004238,"Ikea Corner Shelving, Pine",Furniture,Bookcases
9764,OFF-AR-10002153,"Sanford Pens, Fluorescent",Office Supplies,Art
9765,TEC-SHA-10000501,"Sharp Wireless Fax, High-Speed",Technology,Copiers
9766,TEC-MA-10003176,Okidata B400 Printer,Technology,Machines
9767,OFF-SAN-10000722,"SanDisk Computer Printout Paper, Premium",Office Supplies,Paper
9768,FUR-BO-10001779,"Safco Stackable Bookrack, Pine",Furniture,Bookcases
9769,OFF-PA-10000527,"Enermax Note Cards, Premium",Office Supplies,Paper
9770,OFF-BI-10003090,"Avery Binder Covers, Clear",Office Supplies,Binders
9771,TEC-AC-10004420,Cherry 142-key Programmable Keyboard,Technology,Accessories
9772,TEC-MEM-10000723,"Memorex Mouse, Bluetooth",Technology,Accessories
9773,TEC-PH-10000289,"Samsung Audio Dock, Full Size",Technology,Phones
9774,TEC-AC-10004001,Logitech Wireless Headset H600 Over-The-Head Design,Technology,Accessories
9775,OFF-PA-10002356,"Xerox Parchment Paper, Recycled",Office Supplies,Paper
9776,OFF-PA-10002522,"Green Bar Note Cards, 8.5 x 11",Office Supplies,Paper
9777,OFF-LA-10000685,"Avery Shipping Labels, Laser Printer Compatible",Office Supplies,Labels
9778,OFF-LA-10001669,"Smead Color Coded Labels, Adjustable",Office Supplies,Labels
9779,OFF-LA-10000560,"Smead File Folder Labels, Alphabetical",Office Supplies,Labels
9780,TEC-AC-10001032,"Enermax Numeric Keypad, Bluetooth",Technology,Accessories
9781,OFF-ACC-10000375,"Accos Staples, 12 Pack",Office Supplies,Fasteners
9782,OFF-HON-10002389,"Hon Legal Exhibit Labels, 5000 Label Set",Office Supplies,Labels
9783,FUR-BEV-10000388,"Bevis Coffee Table, Rectangular",Furniture,Tables
9784,FUR-TA-10004371,"Lesro Round Table, Adjustable Height",Furniture,Tables
9785,TEC-ENE-10004052,"Enermax Flash Drive, Erganomic",Technology,Accessories
9786,TEC-CO-10000172,"Hewlett Ink, Digital",Technology,Copiers
9787,TEC-PH-10001732,"Samsung Audio Dock, Cordless",Technology,Phones
9788,OFF-AP-10000055,Belkin F9S820V06 8 Outlet Surge,Office Supplies,Appliances
9789,OFF-EN-10001712,"Kraft Interoffice Envelope, Set of 50",Office Supplies,Envelopes
9790,TEC-PH-10001163,"Motorola Speaker Phone, Cordless",Technology,Phones
9791,OFF-FA-10002636,"Accos Staples, 12 Pack",Office Supplies,Fasteners
9792,OFF-AR-10001227,Newell 338,Office Supplies,Art
9793,OFF-SU-10001586,"Kleencut Trimmer, Steel",Office Supplies,Supplies
9794,OFF-BRE-10000157,"Breville Toaster, Red",Office Supplies,Appliances
9795,FUR-FU-10001934,Magnifier Swing Arm Lamp,Furniture,Furnishings
9796,OFF-EN-10003853,"Cameo Peel and Seal, Recycled",Office Supplies,Envelopes
9797,OFF-AVE-10000802,"Avery Removable Labels, Adjustable",Office Supplies,Labels
9798,FUR-TA-10000403,"Barricks Computer Table, Fully Assembled",Furniture,Tables
9799,FUR-BO-10002906,"Ikea Corner Shelving, Traditional",Furniture,Bookcases
9800,TEC-AC-10002522,"Memorex Router, Erganomic",Technology,Accessories
9801,OFF-ACC-10003909,"Accos Push Pins, Assorted Sizes",Office Supplies,Fasteners
9802,OFF-EN-10002002,"Cameo Peel and Seal, Security-Tint",Office Supplies,Envelopes
9803,TEC-PH-10002114,Xiaomi Mi3,Technology,Phones
9804,FUR-BO-10000791,"Dania Library with Doors, Traditional",Furniture,Bookcases
9805,TEC-MA-10004842,"Konica Calculator, Red",Technology,Machines
9806,FUR-CH-10002297,"Novimex Bag Chairs, Set of Two",Furniture,Chairs
9807,TEC-PH-10002962,"Motorola Smart Phone, Full Size",Technology,Phones
9808,FUR-TA-10004219,"Bevis Computer Table, with Bottom Storage",Furniture,Tables
9809,OFF-EN-10000378,"Jiffy Mailers, Set of 50",Office Supplies,Envelopes
9810,OFF-FA-10001115,"Accos Push Pins, Assorted Sizes",Office Supplies,Fasteners
9811,OFF-BI-10002412,"Avery Hole Reinforcements, Economy",Office Supplies,Binders
9812,OFF-AR-10001244,"BIC Canvas, Easy-Erase",Office Supplies,Art
9813,OFF-SU-10004799,"Elite Ruler, Steel",Office Supplies,Supplies
9814,OFF-EN-10001768,"Kraft Clasp Envelope, with clear poly window",Office Supplies,Envelopes
9815,OFF-LA-10003898,"Hon Removable Labels, 5000 Label Set",Office Supplies,Labels
9816,OFF-FA-10002831,"OIC Staples, Assorted Sizes",Office Supplies,Fasteners
9817,OFF-ST-10000439,"Rogers Lockers, Single Width",Office Supplies,Storage
9818,FUR-FU-10004031,"Advantus Frame, Durable",Furniture,Furnishings
9819,OFF-LA-10000818,"Hon Round Labels, Alphabetical",Office Supplies,Labels
9820,OFF-BI-10002524,"Cardinal Index Tab, Durable",Office Supplies,Binders
9821,FUR-TA-10001100,"Lesro Training Table, Adjustable Height",Furniture,Tables
9822,FUR-ELD-10004973,"Eldon Clock, Black",Furniture,Furnishings
9823,TEC-PH-10002251,"Motorola Speaker Phone, Cordless",Technology,Phones
9824,OFF-BI-10004581,"Cardinal Binding Machine, Economy",Office Supplies,Binders
9825,OFF-PA-10002231,"Green Bar Computer Printout Paper, Premium",Office Supplies,Paper
9826,OFF-EN-10004479,"Ames Clasp Envelope, Security-Tint",Office Supplies,Envelopes
9827,FUR-TA-10000038,"Chromcraft Conference Table, Adjustable Height",Furniture,Tables
9828,OFF-SU-10002653,"Kleencut Letter Opener, High Speed",Office Supplies,Supplies
9829,OFF-FA-10002964,"Accos Clamps, 12 Pack",Office Supplies,Fasteners
9830,OFF-EN-10001870,"Kraft Peel and Seal, Security-Tint",Office Supplies,Envelopes
9831,TEC-AC-10001600,"Belkin Numeric Keypad, Bluetooth",Technology,Accessories
9832,OFF-EN-10004677,"Jiffy Manila Envelope, Set of 50",Office Supplies,Envelopes
9833,FUR-TA-10004757,"Barricks Training Table, with Bottom Storage",Furniture,Tables
9834,OFF-AR-10001479,"Binney & Smith Pencil Sharpener, Easy-Erase",Office Supplies,Art
9835,FUR-CH-10001701,"Hon Chairmat, Set of Two",Furniture,Chairs
9836,TEC-PH-10004536,Avaya 5420 Digital phone,Technology,Phones
9837,OFF-EN-10000358,"Cameo Business Envelopes, Recycled",Office Supplies,Envelopes
9838,TEC-CO-10000119,"HP Fax Machine, Color",Technology,Copiers
9839,TEC-AC-10003463,"Enermax Numeric Keypad, USB",Technology,Accessories
9840,OFF-SU-10001397,"Acme Box Cutter, Steel",Office Supplies,Supplies
9841,TEC-MA-10000752,Texas Instrument TI-15 Fraction Calculator,Technology,Machines
9842,OFF-PA-10001691,"Green Bar Note Cards, Premium",Office Supplies,Paper
9843,OFF-EN-10003520,"Cameo Clasp Envelope, Set of 50",Office Supplies,Envelopes
9844,OFF-EN-10002119,"Ames Manila Envelope, Security-Tint",Office Supplies,Envelopes
9845,FUR-BO-10001619,O'Sullivan Cherrywood Estates Traditional Bookcase,Furniture,Bookcases
9846,TEC-PH-10002713,"Samsung Headset, Cordless",Technology,Phones
9847,OFF-AP-10001018,"Hoover Toaster, Silver",Office Supplies,Appliances
9848,OFF-PA-10001537,"Green Bar Note Cards, 8.5 x 11",Office Supplies,Paper
9849,OFF-BI-10003519,"Acco 3-Hole Punch, Economy",Office Supplies,Binders
9850,OFF-PA-10001595,"Enermax Memo Slips, 8.5 x 11",Office Supplies,Paper
9851,OFF-FA-10001754,Stockwell Gold Paper Clips,Office Supplies,Fasteners
9852,OFF-ST-10004341,"Tenex File Cart, Single Width",Office Supplies,Storage
9853,TEC-PH-10001824,"Samsung Speaker Phone, Cordless",Technology,Phones
9854,TEC-LOG-10001871,"Logitech Router, USB",Technology,Accessories
9855,TEC-MA-10004255,Konica Minolta magicolor 1690MF Multifunction Printer,Technology,Machines
9856,FUR-DAN-10002167,"Dania Library with Doors, Mobile",Furniture,Bookcases
9857,OFF-SU-10000171,"Stiletto Shears, Easy Grip",Office Supplies,Supplies
9858,TEC-AC-10003569,"Logitech Numeric Keypad, Erganomic",Technology,Accessories
9859,OFF-HOO-10001987,"Hoover Coffee Grinder, Red",Office Supplies,Appliances
9860,TEC-AC-10000926,NETGEAR RangeMax WNR1000 Wireless Router,Technology,Accessories
9861,OFF-LA-10000901,"Smead File Folder Labels, 5000 Label Set",Office Supplies,Labels
9862,OFF-PA-10002941,"Green Bar Computer Printout Paper, Premium",Office Supplies,Paper
9863,OFF-SU-10003277,"Elite Ruler, Serrated",Office Supplies,Supplies
9864,OFF-EN-10000359,"Ames Clasp Envelope, Recycled",Office Supplies,Envelopes
9865,TEC-MA-10000010,Hewlett-Packard Deskjet 3050a All-in-One Color Inkjet Printer,Technology,Machines
9866,OFF-LA-10002323,"Harbour Creations Shipping Labels, 5000 Label Set",Office Supplies,Labels
9867,FUR-LES-10004420,"Lesro Coffee Table, with Bottom Storage",Furniture,Tables
9868,TEC-PH-10002483,Motorola Moto X,Technology,Phones
9869,TEC-CAN-10001376,"Canon Fax and Copier, High-Speed",Technology,Copiers
9870,OFF-PA-10002645,"Green Bar Computer Printout Paper, Recycled",Office Supplies,Paper
9871,OFF-PA-10001246,Xerox 215,Office Supplies,Paper
9872,OFF-GRE-10004359,"Green Bar Message Books, 8.5 x 11",Office Supplies,Paper
9873,OFF-ACM-10002131,"Acme Ruler, Easy Grip",Office Supplies,Supplies
9874,FUR-SAF-10003402,"SAFCO Bag Chairs, Black",Furniture,Chairs
9875,OFF-SU-10002900,"Kleencut Trimmer, Easy Grip",Office Supplies,Supplies
9876,FUR-FU-10000444,"Advantus Stacking Tray, Erganomic",Furniture,Furnishings
9877,OFF-EN-10003604,"Jiffy Clasp Envelope, Set of 50",Office Supplies,Envelopes
9878,OFF-EN-10002891,"GlobeWeis Mailers, with clear poly window",Office Supplies,Envelopes
9879,OFF-AP-10002552,"Hamilton Beach Stove, White",Office Supplies,Appliances
9880,OFF-PA-10003510,"Enermax Message Books, Recycled",Office Supplies,Paper
9881,OFF-EN-10001449,"Kraft Manila Envelope, with clear poly window",Office Supplies,Envelopes
9882,OFF-XER-10003329,"Xerox Computer Printout Paper, Multicolor",Office Supplies,Paper
9883,OFF-CAM-10000192,"Cameo Interoffice Envelope, with clear poly window",Office Supplies,Envelopes
9884,OFF-BI-10002975,"Wilson Jones Index Tab, Clear",Office Supplies,Binders
9885,TEC-MA-10001009,"Panasonic Inkjet, Red",Technology,Machines
9886,TEC-MA-10000124,"Konica Card Printer, White",Technology,Machines
9887,OFF-FA-10004374,"Accos Paper Clips, Bulk Pack",Office Supplies,Fasteners
9888,TEC-NOK-10003743,"Nokia Signal Booster, VoIP",Technology,Phones
9889,OFF-FA-10003897,"Stockwell Push Pins, Metal",Office Supplies,Fasteners
9890,OFF-FA-10000134,"Stockwell Push Pins, Assorted Sizes",Office Supplies,Fasteners
9891,FUR-BO-10000321,"Dania Floating Shelf Set, Mobile",Furniture,Bookcases
9892,FUR-TA-10003152,"Lesro Round Table, Adjustable Height",Furniture,Tables
9893,FUR-TA-10001192,"Hon Training Table, Fully Assembled",Furniture,Tables
9894,OFF-ST-10003324,Belkin OmniView SE Rackmount Kit,Office Supplies,Storage
9895,TEC-PH-10003303,"Cisco Office Telephone, Cordless",Technology,Phones
9896,FUR-FU-10001252,"Eldon Frame, Duo Pack",Furniture,Furnishings
9897,OFF-FA-10004175,"Stockwell Push Pins, Assorted Sizes",Office Supplies,Fasteners
9898,OFF-LA-10001417,"Hon File Folder Labels, Alphabetical",Office Supplies,Labels
9899,FUR-TA-10001726,"Bevis Coffee Table, Fully Assembled",Furniture,Tables
9900,FUR-CH-10003353,"Hon Executive Leather Armchair, Black",Furniture,Chairs
9901,OFF-PA-10000081,"SanDisk Computer Printout Paper, Premium",Office Supplies,Paper
9902,OFF-FA-10003977,"Stockwell Rubber Bands, 12 Pack",Office Supplies,Fasteners
9903,FUR-FU-10004816,"Advantus Door Stop, Duo Pack",Furniture,Furnishings
9904,TEC-AC-10000633,"Enermax Memory Card, USB",Technology,Accessories
9905,FUR-HAR-10003770,"Harbour Creations Steel Folding Chair, Set of Two",Furniture,Chairs
9906,OFF-AR-10000293,"BIC Sketch Pad, Water Color",Office Supplies,Art
9907,OFF-XER-10000566,"Xerox Note Cards, 8.5 x 11",Office Supplies,Paper
9908,FUR-FU-10001351,"Rubbermaid Photo Frame, Black",Furniture,Furnishings
9909,OFF-EN-10004784,"Kraft Business Envelopes, Recycled",Office Supplies,Envelopes
9910,OFF-ST-10001597,"Tenex Box, Single Width",Office Supplies,Storage
9911,OFF-HON-10000278,"Hon Shipping Labels, Laser Printer Compatible",Office Supplies,Labels
9912,OFF-SU-10004373,"Kleencut Scissors, Steel",Office Supplies,Supplies
9913,TEC-AC-10002153,"Logitech Memory Card, Bluetooth",Technology,Accessories
9914,FUR-TA-10001622,"Lesro Coffee Table, with Bottom Storage",Furniture,Tables
9915,FUR-BO-10003022,"Dania 3-Shelf Cabinet, Metal",Furniture,Bookcases
9916,TEC-PH-10001961,"Cisco Speaker Phone, Full Size",Technology,Phones
9917,FUR-CH-10001191,"Hon Bag Chairs, Adjustable",Furniture,Chairs
9918,OFF-AR-10002710,"Sanford Pens, Easy-Erase",Office Supplies,Art
9919,OFF-AR-10000246,Newell 318,Office Supplies,Art
9920,OFF-LA-10001404,Avery 517,Office Supplies,Labels
9921,TEC-MA-10004587,"Konica Inkjet, White",Technology,Machines
9922,TEC-AC-10003668,"Enermax Mouse, Programmable",Technology,Accessories
9923,OFF-XER-10004820,"Xerox Computer Printout Paper, Premium",Office Supplies,Paper
9924,OFF-EN-10002955,"Jiffy Interoffice Envelope, with clear poly window",Office Supplies,Envelopes
9925,OFF-AP-10000252,Harmony HEPA Quiet Air Purifiers,Office Supplies,Appliances
9926,OFF-FA-10002444,"Stockwell Clamps, 12 Pack",Office Supplies,Fasteners
9927,OFF-ST-10001743,"Tenex Folders, Wire Frame",Office Supplies,Storage
9928,TEC-AC-10002545,"Logitech Router, Bluetooth",Technology,Accessories
9929,OFF-PA-10004438,Xerox 1907,Office Supplies,Paper
9930,FUR-SAF-10002846,"Safco Classic Bookcase, Pine",Furniture,Bookcases
9931,OFF-LA-10001154,"Hon Shipping Labels, Adjustable",Office Supplies,Labels
9932,OFF-SU-10000289,"Kleencut Ruler, Easy Grip",Office Supplies,Supplies
9933,OFF-PA-10002552,Xerox 1958,Office Supplies,Paper
9934,OFF-ST-10002221,"Rogers Lockers, Industrial",Office Supplies,Storage
9935,FUR-CH-10004455,"Harbour Creations Swivel Stool, Red",Furniture,Chairs
9936,OFF-AP-10004785,"Cuisinart Microwave, Silver",Office Supplies,Appliances
9937,FUR-TA-10001226,"Hon Conference Table, Rectangular",Furniture,Tables
9938,TEC-CO-10001317,"Sharp Fax Machine, Digital",Technology,Copiers
9939,OFF-ST-10001290,"Rogers Box, Industrial",Office Supplies,Storage
9940,OFF-ST-10000794,"Tenex Trays, Wire Frame",Office Supplies,Storage
9941,OFF-BI-10000172,"Ibico Index Tab, Clear",Office Supplies,Binders
9942,OFF-SAN-10002020,"SanDisk Parchment Paper, Multicolor",Office Supplies,Paper
9943,FUR-TA-10002256,"Hon Wood Table, Fully Assembled",Furniture,Tables
9944,FUR-BO-10001943,"Safco Library with Doors, Traditional",Furniture,Bookcases
9945,TEC-SAM-10003538,"Samsung Speaker Phone, Full Size",Technology,Phones
9946,OFF-EN-10003540,"Cameo Mailers, Set of 50",Office Supplies,Envelopes
9947,OFF-AR-10004219,"Sanford Pencil Sharpener, Easy-Erase",Office Supplies,Art
9948,TEC-AC-10002013,"SanDisk Numeric Keypad, Bluetooth",Technology,Accessories
9949,FUR-BO-10002204,"Bush Classic Bookcase, Pine",Furniture,Bookcases
9950,FUR-CH-10000089,"Hon Rocking Chair, Black",Furniture,Chairs
9951,FUR-FU-10004960,"Seth Thomas 12"" Clock w/ Goldtone Case",Furniture,Furnishings
9952,OFF-EN-10004493,"GlobeWeis Manila Envelope, Security-Tint",Office Supplies,Envelopes
9953,FUR-TA-10002101,"Bevis Conference Table, Fully Assembled",Furniture,Tables
9954,FUR-TA-10000927,"Bevis Conference Table, Fully Assembled",Furniture,Tables
9955,FUR-TA-10004416,"Bevis Wood Table, Adjustable Height",Furniture,Tables
9956,FUR-TA-10003594,"Hon Conference Table, with Bottom Storage",Furniture,Tables
9957,FUR-TA-10004054,"Lesro Conference Table, with Bottom Storage",Furniture,Tables
9958,FUR-TA-10004832,"Hon Conference Table, with Bottom Storage",Furniture,Tables
9959,OFF-AP-10003866,"Breville Microwave, Red",Office Supplies,Appliances
9960,TEC-PH-10001413,"Motorola Audio Dock, with Caller ID",Technology,Phones
9961,OFF-SU-10003428,"Kleencut Box Cutter, High Speed",Office Supplies,Supplies
9962,OFF-BI-10003342,"Cardinal Binder, Economy",Office Supplies,Binders
9963,TEC-CO-10002467,"Sharp Personal Copier, Laser",Technology,Copiers
9964,OFF-EN-10004564,"Jiffy Mailers, Set of 50",Office Supplies,Envelopes
9965,FUR-CH-10002693,"Harbour Creations Swivel Stool, Set of Two",Furniture,Chairs
9966,TEC-PH-10001651,"Samsung Speaker Phone, VoIP",Technology,Phones
9967,TEC-MA-10002844,"Konica Calculator, Durable",Technology,Machines
9968,TEC-AC-10003400,"Memorex Flash Drive, USB",Technology,Accessories
9969,OFF-HON-10004825,"Hon File Folder Labels, Adjustable",Office Supplies,Labels
9970,OFF-PA-10003673,Strathmore Photo Mount Cards,Office Supplies,Paper
9971,FUR-CH-10000005,"Office Star Executive Leather Armchair, Adjustable",Furniture,Chairs
9972,FUR-TA-10003386,"Hon Round Table, with Bottom Storage",Furniture,Tables
9973,FUR-FU-10001541,"Tenex Photo Frame, Black",Furniture,Furnishings
9974,FUR-CH-10000423,"Hon Chairmat, Set of Two",Furniture,Chairs
9975,FUR-TA-10002351,"Hon Training Table, Adjustable Height",Furniture,Tables
9976,TEC-PH-10002645,LG G2,Technology,Phones
9977,OFF-ADV-10003050,"Advantus Rubber Bands, Bulk Pack",Office Supplies,Fasteners
9978,TEC-AC-10003416,"Memorex Mouse, USB",Technology,Accessories
9979,TEC-MA-10001302,"Panasonic Calculator, Durable",Technology,Machines
9980,OFF-FEL-10004016,"Fellowes Shelving, Blue",Office Supplies,Storage
9981,TEC-PH-10004655,"Motorola Office Telephone, Cordless",Technology,Phones
9982,FUR-FU-10004236,"Deflect-O Light Bulb, Black",Furniture,Furnishings
9983,FUR-TEN-10004147,"Tenex Clock, Erganomic",Furniture,Furnishings
9984,TEC-PH-10002200,Samsung Galaxy Note 2,Technology,Phones
9985,OFF-SU-10004848,"Kleencut Shears, High Speed",Office Supplies,Supplies
9986,TEC-AC-10000264,"Memorex Memory Card, Erganomic",Technology,Accessories
9987,TEC-KON-10004519,"Konica Card Printer, Red",Technology,Machines
9988,OFF-PA-10001448,"Xerox Note Cards, Recycled",Office Supplies,Paper
9989,TEC-AC-10003343,"Logitech Flash Drive, Erganomic",Technology,Accessories
9990,OFF-EN-10003398,"Jiffy Peel and Seal, Security-Tint",Office Supplies,Envelopes
9991,OFF-LA-10002123,"Smead Legal Exhibit Labels, Alphabetical",Office Supplies,Labels
9992,FUR-BO-10001746,"Dania 3-Shelf Cabinet, Pine",Furniture,Bookcases
9993,TEC-PH-10003400,"Motorola Signal Booster, VoIP",Technology,Phones
9994,OFF-EAT-10003702,"Eaton Note Cards, Premium",Office Supplies,Paper
9995,OFF-FA-10002577,"Stockwell Push Pins, 12 Pack",Office Supplies,Fasteners
9996,TEC-MA-10002134,"Konica Inkjet, Wireless",Technology,Machines
9997,TEC-AC-10003262,"Belkin Router, Erganomic",Technology,Accessories
9998,OFF-SU-10001087,"Elite Shears, Easy Grip",Office Supplies,Supplies
9999,OFF-ST-10000022,"Eldon Folders, Industrial",Office Supplies,Storage
10000,OFF-LA-10003155,"Novimex Round Labels, Laser Printer Compatible",Office Supplies,Labels
10001,OFF-PA-10004641,"SanDisk Cards & Envelopes, Multicolor",Office Supplies,Paper
10002,TEC-CO-10004263,"Hewlett Personal Copier, Laser",Technology,Copiers
10003,OFF-AP-10002497,"Hamilton Beach Coffee Grinder, White",Office Supplies,Appliances
10004,OFF-AP-10000027,Hoover Commercial SteamVac,Office Supplies,Appliances
10005,TEC-MOT-10000554,"Motorola Smart Phone, Full Size",Technology,Phones
10006,TEC-PH-10004162,"Samsung Speaker Phone, Cordless",Technology,Phones
10007,OFF-LA-10004972,"Avery File Folder Labels, 5000 Label Set",Office Supplies,Labels
10008,FUR-TA-10004005,"Bevis Coffee Table, Rectangular",Furniture,Tables
10009,OFF-FA-10004339,"Stockwell Staples, Metal",Office Supplies,Fasteners
10010,OFF-SU-10004514,"Elite Letter Opener, Easy Grip",Office Supplies,Supplies
10011,OFF-AP-10001298,"Breville Stove, Black",Office Supplies,Appliances
10012,TEC-PH-10000019,"Motorola Audio Dock, Full Size",Technology,Phones
10013,OFF-SU-10002750,"Kleencut Box Cutter, Steel",Office Supplies,Supplies
10014,TEC-CO-10002663,"Sharp Wireless Fax, Laser",Technology,Copiers
10015,FUR-TA-10000789,"Lesro Training Table, with Bottom Storage",Furniture,Tables
10016,TEC-CO-10000777,"Brother Personal Copier, Laser",Technology,Copiers
10017,TEC-PH-10002353,"Samsung Signal Booster, Full Size",Technology,Phones
10018,FUR-CH-10003558,"Hon Swivel Stool, Black",Furniture,Chairs
10019,OFF-PA-10001294,"Enermax Cards & Envelopes, Multicolor",Office Supplies,Paper
10020,FUR-CH-10000568,"Hon Bag Chairs, Black",Furniture,Chairs
10021,OFF-FA-10002683,"Stockwell Staples, Assorted Sizes",Office Supplies,Fasteners
10022,OFF-PA-10001849,"SanDisk Cards & Envelopes, Recycled",Office Supplies,Paper
10023,FUR-FU-10000361,"Eldon Stacking Tray, Duo Pack",Furniture,Furnishings
10024,OFF-FA-10003954,"Stockwell Rubber Bands, Assorted Sizes",Office Supplies,Fasteners
10025,TEC-CO-10004252,"HP Ink, Color",Technology,Copiers
10026,OFF-SU-10001337,"Fiskars Box Cutter, Easy Grip",Office Supplies,Supplies
10027,TEC-MOT-10001244,"Motorola Audio Dock, with Caller ID",Technology,Phones
10028,FUR-CH-10002924,"Novimex Steel Folding Chair, Set of Two",Furniture,Chairs
10029,TEC-CO-10000601,"Brother Ink, Laser",Technology,Copiers
10030,OFF-EN-10002630,"Ames Business Envelopes, Recycled",Office Supplies,Envelopes
10031,OFF-AP-10000653,"Cuisinart Blender, White",Office Supplies,Appliances
10032,TEC-CO-10004343,"HP Wireless Fax, Color",Technology,Copiers
10033,FUR-TEN-10000558,"Tenex Frame, Erganomic",Furniture,Furnishings
10034,OFF-FA-10003799,"Accos Clamps, Metal",Office Supplies,Fasteners
10035,OFF-AP-10003354,"KitchenAid Microwave, White",Office Supplies,Appliances
10036,FUR-TA-10003078,"Hon Training Table, Fully Assembled",Furniture,Tables
10037,TEC-MA-10003953,"Epson Inkjet, Durable",Technology,Machines
10038,FUR-BO-10000895,"Sauder Stackable Bookrack, Pine",Furniture,Bookcases
10039,FUR-FU-10000980,"Advantus Photo Frame, Duo Pack",Furniture,Furnishings
10040,FUR-HON-10003593,"Hon Steel Folding Chair, Adjustable",Furniture,Chairs
10041,TEC-MA-10002981,I.R.I.S IRISCard Anywhere 5 Card Scanner,Technology,Machines
10042,OFF-FA-10001621,"Accos Rubber Bands, 12 Pack",Office Supplies,Fasteners
10043,OFF-PA-10001409,"Green Bar Memo Slips, Multicolor",Office Supplies,Paper
10044,TEC-CO-10003236,Canon Image Class D660 Copier,Technology,Copiers
10045,OFF-LA-10002523,"Smead Removable Labels, Laser Printer Compatible",Office Supplies,Labels
10046,TEC-MA-10004116,"StarTech Inkjet, Wireless",Technology,Machines
10047,FUR-RUB-10004036,"Rubbermaid Stacking Tray, Erganomic",Furniture,Furnishings
10048,FUR-HON-10001627,"Hon Swivel Stool, Adjustable",Furniture,Chairs
10049,FUR-LES-10000874,"Lesro Computer Table, Fully Assembled",Furniture,Tables
10050,FUR-BO-10000892,"Bush Corner Shelving, Mobile",Furniture,Bookcases
10051,TEC-CO-10001629,"Sharp Copy Machine, Color",Technology,Copiers
10052,TEC-AC-10004171,"SanDisk Numeric Keypad, Bluetooth",Technology,Accessories
10053,OFF-PA-10001620,"SanDisk Memo Slips, Recycled",Office Supplies,Paper
10054,FUR-FU-10001902,"Deflect-O Stacking Tray, Durable",Furniture,Furnishings
10055,OFF-EN-10000353,"Jiffy Mailers, with clear poly window",Office Supplies,Envelopes
10056,FUR-HON-10001015,"Hon Training Table, Rectangular",Furniture,Tables
10057,OFF-ST-10002220,"Fellowes File Cart, Blue",Office Supplies,Storage
10058,FUR-FU-10001746,"Advantus Stacking Tray, Durable",Furniture,Furnishings
10059,TEC-MOT-10002855,"Motorola Speaker Phone, with Caller ID",Technology,Phones
10060,OFF-ST-10004159,"Eldon Lockers, Blue",Office Supplies,Storage
10061,TEC-MA-10002109,"HP Officejet Pro 8600 e-All-In-One Printer, Copier, Scanner, Fax",Technology,Machines
10062,OFF-AR-10001612,"Boston Pens, Easy-Erase",Office Supplies,Art
10063,FUR-HAR-10001374,"Harbour Creations Executive Leather Armchair, Red",Furniture,Chairs
10064,FUR-BO-10000700,"Sauder Floating Shelf Set, Metal",Furniture,Bookcases
10065,OFF-AP-10001815,"Hoover Refrigerator, Black",Office Supplies,Appliances
10066,OFF-EN-10004904,"Cameo Manila Envelope, Set of 50",Office Supplies,Envelopes
10067,FUR-CH-10002373,"Office Star Rocking Chair, Set of Two",Furniture,Chairs
10068,OFF-EN-10000927,"Ames Business Envelopes, Set of 50",Office Supplies,Envelopes
10069,OFF-AP-10003615,"Hamilton Beach Blender, Black",Office Supplies,Appliances
10070,OFF-KIT-10003683,"KitchenAid Stove, Silver",Office Supplies,Appliances
10071,FUR-TA-10004484,"Barricks Wood Table, Adjustable Height",Furniture,Tables
10072,TEC-MA-10003079,"Panasonic Card Printer, Wireless",Technology,Machines
10073,OFF-LA-10000155,"Novimex Round Labels, Alphabetical",Office Supplies,Labels
10074,TEC-BRO-10000348,"Brother Copy Machine, High-Speed",Technology,Copiers
10075,FUR-HON-10004932,"Hon Conference Table, with Bottom Storage",Furniture,Tables
10076,FUR-FU-10001935,"Eldon Light Bulb, Black",Furniture,Furnishings
10077,OFF-FA-10004687,"Advantus Thumb Tacks, Bulk Pack",Office Supplies,Fasteners
10078,OFF-FA-10003450,"Advantus Paper Clips, Metal",Office Supplies,Fasteners
10079,FUR-CH-10000333,"SAFCO Swivel Stool, Black",Furniture,Chairs
10080,TEC-MA-10002316,"Konica Printer, Durable",Technology,Machines
10081,OFF-EAT-10002122,"Eaton Cards & Envelopes, Premium",Office Supplies,Paper
10082,TEC-MA-10004613,"Okidata Phone, White",Technology,Machines
10083,OFF-ACC-10004910,"Accos Rubber Bands, Metal",Office Supplies,Fasteners
10084,TEC-AC-10002842,"Belkin Memory Card, Bluetooth",Technology,Accessories
10085,OFF-LA-10001075,"Hon Removable Labels, Laser Printer Compatible",Office Supplies,Labels
10086,FUR-TA-10003291,"Bevis Computer Table, Fully Assembled",Furniture,Tables
10087,OFF-KIT-10000717,"KitchenAid Toaster, White",Office Supplies,Appliances
10088,TEC-AC-10001114,Microsoft Wireless Mobile Mouse 4000,Technology,Accessories
10089,OFF-AVE-10001367,"Avery Legal Exhibit Labels, Alphabetical",Office Supplies,Labels
10090,OFF-CAM-10004271,"Cameo Mailers, Recycled",Office Supplies,Envelopes
10091,OFF-EN-10003176,"Cameo Manila Envelope, Set of 50",Office Supplies,Envelopes
10092,OFF-SU-10000925,"Acme Shears, Easy Grip",Office Supplies,Supplies
10093,OFF-FA-10003542,"Stockwell Staples, Bulk Pack",Office Supplies,Fasteners
10094,TEC-MA-10003607,"Okidata Receipt Printer, Red",Technology,Machines
10095,OFF-ST-10004479,"Eldon Shelving, Industrial",Office Supplies,Storage
10096,TEC-ENE-10000235,"Enermax Mouse, Programmable",Technology,Accessories
10097,OFF-HOO-10002920,"Hoover Stove, Black",Office Supplies,Appliances
10098,OFF-STO-10002042,"Stockwell Staples, Metal",Office Supplies,Fasteners
10099,FUR-FU-10003462,"Rubbermaid Photo Frame, Black",Furniture,Furnishings
10100,OFF-FA-10000146,"Stockwell Rubber Bands, Assorted Sizes",Office Supplies,Fasteners
10101,OFF-KRA-10002441,"Kraft Business Envelopes, Recycled",Office Supplies,Envelopes
10102,FUR-CH-10001021,"Office Star Rocking Chair, Red",Furniture,Chairs
10103,TEC-AC-10002348,"Enermax Memory Card, USB",Technology,Accessories
10104,OFF-AP-10000604,"Hamilton Beach Coffee Grinder, Black",Office Supplies,Appliances
10105,OFF-AP-10003965,"Cuisinart Stove, White",Office Supplies,Appliances
10106,TEC-AC-10001745,"Memorex Flash Drive, Programmable",Technology,Accessories
10107,OFF-AP-10001124,Belkin 8 Outlet SurgeMaster II Gold Surge Protector with Phone Protection,Office Supplies,Appliances
10108,FUR-BAR-10002710,"Barricks Coffee Table, Adjustable Height",Furniture,Tables
10109,OFF-BI-10004486,"Wilson Jones 3-Hole Punch, Durable",Office Supplies,Binders
10110,TEC-BEL-10003311,"Belkin Keyboard, USB",Technology,Accessories
10111,TEC-MA-10000366,"Epson Card Printer, Red",Technology,Machines
10112,FUR-LES-10003538,"Lesro Coffee Table, Fully Assembled",Furniture,Tables
10113,OFF-SU-10004932,"Stiletto Ruler, Easy Grip",Office Supplies,Supplies
10114,OFF-LA-10000495,"Hon Round Labels, Laser Printer Compatible",Office Supplies,Labels
10115,FUR-SAF-10001322,"Safco Stackable Bookrack, Traditional",Furniture,Bookcases
10116,FUR-CH-10002816,"Harbour Creations Swivel Stool, Adjustable",Furniture,Chairs
10117,OFF-BI-10004146,"Acco Binding Machine, Recycled",Office Supplies,Binders
10118,OFF-BI-10002859,"Acco Binder, Clear",Office Supplies,Binders
10119,OFF-AR-10000799,Col-Erase Pencils with Erasers,Office Supplies,Art
10120,OFF-FA-10001030,"Stockwell Paper Clips, Assorted Sizes",Office Supplies,Fasteners
10121,OFF-EN-10003668,"Ames Business Envelopes, Recycled",Office Supplies,Envelopes
10122,FUR-TA-10000283,"Hon Wood Table, with Bottom Storage",Furniture,Tables
10123,TEC-CAN-10004556,"Canon Fax and Copier, Laser",Technology,Copiers
10124,OFF-SU-10002323,"Elite Shears, Steel",Office Supplies,Supplies
10125,OFF-PA-10001531,"Eaton Parchment Paper, 8.5 x 11",Office Supplies,Paper
10126,TEC-MA-10000154,"Panasonic Receipt Printer, Red",Technology,Machines
10127,FUR-FU-10004096,"Deflect-O Light Bulb, Erganomic",Furniture,Furnishings
10128,OFF-LA-10004312,"Hon File Folder Labels, Laser Printer Compatible",Office Supplies,Labels
10129,FUR-TA-10003641,"Barricks Wood Table, with Bottom Storage",Furniture,Tables
10130,OFF-PA-10002741,Xerox 1980,Office Supplies,Paper
10131,OFF-BRE-10004872,"Breville Blender, Black",Office Supplies,Appliances
10132,FUR-CH-10004792,"SAFCO Swivel Stool, Set of Two",Furniture,Chairs
10133,FUR-FU-10000507,"Tenex Photo Frame, Duo Pack",Furniture,Furnishings
10134,FUR-TA-10002931,"Hon Round Table, with Bottom Storage",Furniture,Tables
10135,OFF-AP-10000258,"Hamilton Beach Blender, Black",Office Supplies,Appliances
10136,FUR-BO-10004648,"Sauder Library with Doors, Pine",Furniture,Bookcases
10137,OFF-EN-10000947,"GlobeWeis Mailers, Security-Tint",Office Supplies,Envelopes
10138,FUR-FU-10004245,"Career Cubicle Clock, 8 1/4"", Black",Furniture,Furnishings
10139,OFF-PA-10001971,"Eaton Memo Slips, Premium",Office Supplies,Paper
10140,TEC-PH-10004006,Panasonic KX - TS880B Telephone,Technology,Phones
10141,OFF-SU-10001066,"Kleencut Box Cutter, Easy Grip",Office Supplies,Supplies
10142,OFF-PA-10000859,Unpadded Memo Slips,Office Supplies,Paper
10143,OFF-EN-10004206,Multimedia Mailers,Office Supplies,Envelopes
10144,OFF-EN-10001476,"Ames Interoffice Envelope, Set of 50",Office Supplies,Envelopes
10145,OFF-BI-10001927,"Ibico Binding Machine, Durable",Office Supplies,Binders
10146,FUR-CH-10003180,"Novimex Steel Folding Chair, Adjustable",Furniture,Chairs
10147,OFF-EN-10004956,"Kraft Manila Envelope, with clear poly window",Office Supplies,Envelopes
10148,OFF-FA-10002708,"Stockwell Staples, 12 Pack",Office Supplies,Fasteners
10149,FUR-BEV-10001853,"Bevis Computer Table, Adjustable Height",Furniture,Tables
10150,TEC-AC-10000540,"Logitech Mouse, Erganomic",Technology,Accessories
10151,FUR-ADV-10000600,"Advantus Clock, Duo Pack",Furniture,Furnishings
10152,OFF-ST-10001335,"Tenex Trays, Blue",Office Supplies,Storage
10153,OFF-EN-10000606,"Jiffy Peel and Seal, Set of 50",Office Supplies,Envelopes
10154,OFF-BI-10001546,"Acco Index Tab, Clear",Office Supplies,Binders
10155,TEC-MA-10002629,"Konica Inkjet, Wireless",Technology,Machines
10156,OFF-LA-10004969,"Novimex Legal Exhibit Labels, Adjustable",Office Supplies,Labels
10157,OFF-FA-10003716,"OIC Rubber Bands, Metal",Office Supplies,Fasteners
10158,OFF-AR-10004116,"Sanford Sketch Pad, Water Color",Office Supplies,Art
10159,OFF-AR-10004918,"Binney & Smith Pens, Fluorescent",Office Supplies,Art
10160,FUR-FU-10004907,"Advantus Light Bulb, Durable",Furniture,Furnishings
10161,OFF-BI-10002281,"Ibico Binder Covers, Clear",Office Supplies,Binders
10162,TEC-AC-10004696,"Logitech Mouse, Programmable",Technology,Accessories
10163,OFF-AR-10001535,"Binney & Smith Sketch Pad, Blue",Office Supplies,Art
10164,FUR-FU-10003826,"Eldon Door Stop, Duo Pack",Furniture,Furnishings
10165,FUR-FU-10002709,"Advantus Clock, Erganomic",Furniture,Furnishings
10166,FUR-TA-10001642,"Lesro Round Table, Rectangular",Furniture,Tables
10167,FUR-FU-10002069,"Advantus Door Stop, Durable",Furniture,Furnishings
10168,OFF-AP-10003210,"Cuisinart Toaster, White",Office Supplies,Appliances
10169,OFF-LA-10004094,"Avery Removable Labels, 5000 Label Set",Office Supplies,Labels
10170,FUR-ADV-10004223,"Advantus Clock, Black",Furniture,Furnishings
10171,TEC-CO-10001919,"Brother Fax Machine, Color",Technology,Copiers
10172,TEC-PH-10000286,"Motorola Signal Booster, with Caller ID",Technology,Phones
10173,OFF-PA-10001281,Computer Printout Paper with Letter-Trim Fine Perforations,Office Supplies,Paper
10174,OFF-LA-10004055,Color-Coded Legal Exhibit Labels,Office Supplies,Labels
10175,FUR-BO-10002580,"Safco Classic Bookcase, Pine",Furniture,Bookcases
10176,OFF-ST-10002763,"Fellowes Lockers, Wire Frame",Office Supplies,Storage
10177,FUR-DAN-10002741,"Dania Corner Shelving, Pine",Furniture,Bookcases
10178,TEC-OKI-10004199,"Okidata Receipt Printer, White",Technology,Machines
10179,OFF-AR-10000422,Pencil and Crayon Sharpener,Office Supplies,Art
10180,FUR-BUS-10004644,"Bush Library with Doors, Pine",Furniture,Bookcases
10181,TEC-MA-10003486,"StarTech Phone, White",Technology,Machines
10182,TEC-LOG-10001123,"Logitech Memory Card, Bluetooth",Technology,Accessories
10183,FUR-FU-10004049,"Eldon Light Bulb, Erganomic",Furniture,Furnishings
10184,FUR-TA-10003055,"Lesro Round Table, Fully Assembled",Furniture,Tables
10185,OFF-LA-10004411,"Avery File Folder Labels, 5000 Label Set",Office Supplies,Labels
10186,FUR-BO-10002889,"Dania Stackable Bookrack, Pine",Furniture,Bookcases
10187,TEC-MA-10002249,"StarTech Calculator, Wireless",Technology,Machines
10188,TEC-SAN-10004215,"SanDisk Keyboard, Bluetooth",Technology,Accessories
10189,OFF-AP-10003431,"Hamilton Beach Toaster, Red",Office Supplies,Appliances
10190,OFF-PA-10003232,"Green Bar Cards & Envelopes, Recycled",Office Supplies,Paper
10191,TEC-MA-10001411,"Epson Calculator, Wireless",Technology,Machines
10192,TEC-PH-10001754,"Cisco Office Telephone, with Caller ID",Technology,Phones
10193,OFF-CAM-10002734,"Cameo Clasp Envelope, with clear poly window",Office Supplies,Envelopes
10194,OFF-EN-10002034,"Ames Peel and Seal, with clear poly window",Office Supplies,Envelopes
10195,OFF-BI-10000707,"Wilson Jones 3-Hole Punch, Economy",Office Supplies,Binders
10196,FUR-BO-10001436,"Bush Corner Shelving, Traditional",Furniture,Bookcases
10197,TEC-PH-10003486,"Apple Audio Dock, Cordless",Technology,Phones
10198,FUR-HON-10002941,"Hon Swivel Stool, Set of Two",Furniture,Chairs
10199,TEC-AC-10004393,"Belkin Flash Drive, Programmable",Technology,Accessories
10200,OFF-PA-10004433,"Green Bar Parchment Paper, Premium",Office Supplies,Paper
10201,FUR-RUB-10003518,"Rubbermaid Door Stop, Erganomic",Furniture,Furnishings
10202,TEC-MA-10004584,"Epson Calculator, Wireless",Technology,Machines
10203,FUR-TA-10001930,"Bevis Computer Table, with Bottom Storage",Furniture,Tables
10204,OFF-AP-10000136,"Hamilton Beach Refrigerator, White",Office Supplies,Appliances
10205,FUR-SAU-10002167,"Sauder 3-Shelf Cabinet, Metal",Furniture,Bookcases
10206,OFF-FA-10004362,"Stockwell Thumb Tacks, Metal",Office Supplies,Fasteners
10207,FUR-TA-10003690,"Hon Computer Table, Fully Assembled",Furniture,Tables
10208,OFF-BI-10003725,"Cardinal 3-Hole Punch, Economy",Office Supplies,Binders
10209,TEC-AC-10001608,"Memorex Flash Drive, USB",Technology,Accessories
10210,OFF-LA-10003388,Avery 5,Office Supplies,Labels
10211,OFF-AR-10002280,Staples,Office Supplies,Art
10212,OFF-PA-10004379,"Enermax Computer Printout Paper, Premium",Office Supplies,Paper
10213,OFF-EAT-10000854,"Eaton Parchment Paper, Recycled",Office Supplies,Paper
10214,OFF-SU-10002135,"Fiskars Shears, Easy Grip",Office Supplies,Supplies
10215,OFF-FA-10003727,"OIC Rubber Bands, Assorted Sizes",Office Supplies,Fasteners
10216,OFF-NOV-10001753,"Novimex Round Labels, Alphabetical",Office Supplies,Labels
10217,TEC-PH-10004570,"Apple Speaker Phone, Cordless",Technology,Phones
10218,TEC-PH-10001555,"Motorola Signal Booster, Full Size",Technology,Phones
10219,FUR-CH-10000790,"Hon Chairmat, Adjustable",Furniture,Chairs
10220,OFF-FA-10000459,"OIC Paper Clips, 12 Pack",Office Supplies,Fasteners
10221,TEC-CO-10003019,"Brother Fax Machine, High-Speed",Technology,Copiers
10222,OFF-SU-10001512,"Stiletto Shears, Easy Grip",Office Supplies,Supplies
10223,OFF-EN-10003448,"Peel & Seel Recycled Catalog Envelopes, Brown",Office Supplies,Envelopes
10224,OFF-FA-10003399,"Accos Paper Clips, Metal",Office Supplies,Fasteners
10225,FUR-BO-10002042,"Bush Classic Bookcase, Metal",Furniture,Bookcases
10226,FUR-CH-10001317,"Harbour Creations Rocking Chair, Red",Furniture,Chairs
10227,OFF-AR-10003281,"Stanley Highlighters, Blue",Office Supplies,Art
10228,OFF-FA-10000474,"OIC Staples, 12 Pack",Office Supplies,Fasteners
10229,OFF-AR-10000205,"BIC Canvas, Easy-Erase",Office Supplies,Art
10230,TEC-PH-10003870,"Samsung Signal Booster, VoIP",Technology,Phones
10231,FUR-BO-10003985,"Sauder Classic Bookcase, Traditional",Furniture,Bookcases
10232,FUR-FU-10000729,"Eldon Clock, Durable",Furniture,Furnishings
10233,OFF-ST-10002822,"Tenex File Cart, Blue",Office Supplies,Storage
10234,FUR-BO-10001872,"Bush Stackable Bookrack, Pine",Furniture,Bookcases
10235,OFF-SU-10000514,"Kleencut Shears, High Speed",Office Supplies,Supplies
10236,OFF-AP-10004499,"Cuisinart Stove, Red",Office Supplies,Appliances
10237,TEC-AC-10003422,"Enermax Keyboard, Programmable",Technology,Accessories
10238,FUR-ADV-10000002,"Advantus Photo Frame, Duo Pack",Furniture,Furnishings
10239,OFF-SU-10003483,"Fiskars Letter Opener, Easy Grip",Office Supplies,Supplies
10240,OFF-AR-10003532,"BIC Pencil Sharpener, Easy-Erase",Office Supplies,Art
10241,FUR-TA-10004711,"Lesro Conference Table, Adjustable Height",Furniture,Tables
10242,OFF-KIT-10003337,"KitchenAid Microwave, Silver",Office Supplies,Appliances
10243,TEC-AC-10000510,"SanDisk Flash Drive, Bluetooth",Technology,Accessories
10244,OFF-PA-10004761,"Green Bar Memo Slips, Premium",Office Supplies,Paper
10245,OFF-SAN-10004426,"SanDisk Note Cards, Premium",Office Supplies,Paper
10246,OFF-LA-10000114,"Novimex Removable Labels, 5000 Label Set",Office Supplies,Labels
10247,FUR-CHR-10000585,"Chromcraft Coffee Table, Adjustable Height",Furniture,Tables
10248,OFF-ST-10000701,"Rogers Shelving, Single Width",Office Supplies,Storage
10249,FUR-CH-10002417,"Hon Rocking Chair, Red",Furniture,Chairs
10250,TEC-BRO-10001852,"Brother Fax and Copier, Digital",Technology,Copiers
10251,FUR-OFF-10001187,"Office Star Chairmat, Black",Furniture,Chairs
10252,OFF-LA-10001188,"Novimex Shipping Labels, Adjustable",Office Supplies,Labels
10253,FUR-SAU-10003933,"Sauder Classic Bookcase, Mobile",Furniture,Bookcases
10254,OFF-EN-10000826,"GlobeWeis Manila Envelope, Set of 50",Office Supplies,Envelopes
10255,OFF-SU-10003545,"Fiskars Box Cutter, Serrated",Office Supplies,Supplies
10256,OFF-SU-10000047,"Kleencut Box Cutter, Steel",Office Supplies,Supplies
10257,OFF-SU-10001185,"Acme Letter Opener, Steel",Office Supplies,Supplies
10258,OFF-LA-10003057,"Harbour Creations Legal Exhibit Labels, Adjustable",Office Supplies,Labels
10259,OFF-AP-10004350,"KitchenAid Refrigerator, Red",Office Supplies,Appliances
10260,FUR-BO-10000120,"Sauder Stackable Bookrack, Mobile",Furniture,Bookcases
10261,OFF-AP-10000509,"Hoover Refrigerator, Black",Office Supplies,Appliances
10262,TEC-CO-10001275,"Brother Fax and Copier, Digital",Technology,Copiers
10263,FUR-TA-10002095,"Lesro Training Table, Fully Assembled",Furniture,Tables
10264,FUR-BO-10003530,"Safco Classic Bookcase, Metal",Furniture,Bookcases
10265,TEC-MA-10003349,"Panasonic Calculator, Wireless",Technology,Machines
10266,OFF-PA-10004673,"Xerox Message Books, Multicolor",Office Supplies,Paper
10267,OFF-PA-10002333,"Universal Ultra Bright White Copier/Laser Paper, 8 1/2"" x 11"", Ream",Office Supplies,Paper
10268,FUR-FU-10004181,"Rubbermaid Photo Frame, Black",Furniture,Furnishings
10269,OFF-ST-10004835,Plastic Stacking Crates & Casters,Office Supplies,Storage
10270,TEC-AC-10003947,"SanDisk Keyboard, Bluetooth",Technology,Accessories
10271,TEC-PH-10004389,Nokia Lumia 925,Technology,Phones
10272,OFF-FA-10003546,"Stockwell Thumb Tacks, Metal",Office Supplies,Fasteners
10273,FUR-BO-10001233,"Ikea 3-Shelf Cabinet, Mobile",Furniture,Bookcases
10274,OFF-LA-10000779,"Hon Removable Labels, Laser Printer Compatible",Office Supplies,Labels
10275,OFF-AVE-10000418,"Avery Color Coded Labels, 5000 Label Set",Office Supplies,Labels
10276,FUR-BO-10000668,"Ikea Corner Shelving, Traditional",Furniture,Bookcases
10277,OFF-AR-10001988,Bulldog Table or Wall-Mount Pencil Sharpener,Office Supplies,Art
10278,OFF-LA-10001538,"Hon File Folder Labels, 5000 Label Set",Office Supplies,Labels
10279,FUR-CH-10003168,"Office Star Swivel Stool, Set of Two",Furniture,Chairs
10280,OFF-AR-10002392,"Binney & Smith Highlighters, Blue",Office Supplies,Art
10281,TEC-MA-10000755,"Panasonic Phone, Durable",Technology,Machines
10282,OFF-JIF-10003677,"Jiffy Peel and Seal, Set of 50",Office Supplies,Envelopes
10283,FUR-RUB-10004420,"Rubbermaid Door Stop, Black",Furniture,Furnishings
10284,OFF-BI-10004562,"Acco Binder, Clear",Office Supplies,Binders
10285,OFF-BRE-10001197,"Breville Refrigerator, Black",Office Supplies,Appliances
10286,OFF-AP-10002670,Belkin 8-Outlet Premiere SurgeMaster II Surge Protectors,Office Supplies,Appliances
10287,FUR-BO-10001155,"Ikea 3-Shelf Cabinet, Metal",Furniture,Bookcases
10288,FUR-FU-10003150,"Eldon Door Stop, Erganomic",Furniture,Furnishings
10289,OFF-AP-10002794,"KitchenAid Microwave, Black",Office Supplies,Appliances
10290,OFF-ST-10002515,"Eldon Lockers, Wire Frame",Office Supplies,Storage
10291,FUR-SAF-10000351,"SAFCO Chairmat, Black",Furniture,Chairs
10292,TEC-AC-10002380,Sony 8GB Class 10 Micro SDHC R40 Memory Card,Technology,Accessories
10293,FUR-TA-10004524,"Bevis Round Table, with Bottom Storage",Furniture,Tables
10294,OFF-FA-10000349,"OIC Push Pins, 12 Pack",Office Supplies,Fasteners
10295,OFF-ACC-10000687,"Accos Clamps, 12 Pack",Office Supplies,Fasteners
10296,OFF-BI-10000724,"Avery Hole Reinforcements, Recycled",Office Supplies,Binders
10297,TEC-AC-10004938,"Memorex Router, Bluetooth",Technology,Accessories
10298,FUR-TA-10000671,"Barricks Conference Table, with Bottom Storage",Furniture,Tables
10299,OFF-BI-10000419,"Wilson Jones 3-Hole Punch, Recycled",Office Supplies,Binders
10300,TEC-PAN-10001172,"Panasonic Receipt Printer, Durable",Technology,Machines
10301,OFF-AR-10000540,"Binney & Smith Markers, Water Color",Office Supplies,Art
10302,OFF-PA-10003333,"Eaton Note Cards, 8.5 x 11",Office Supplies,Paper
10303,OFF-ENE-10000935,"Enermax Memo Slips, Premium",Office Supplies,Paper
10304,OFF-LA-10002974,"Novimex Shipping Labels, Adjustable",Office Supplies,Labels
10305,OFF-EN-10002096,"GlobeWeis Mailers, Recycled",Office Supplies,Envelopes
10306,FUR-CH-10003696,"Novimex Bag Chairs, Black",Furniture,Chairs
10307,TEC-MEM-10002280,"Memorex Flash Drive, Erganomic",Technology,Accessories
10308,TEC-MA-10003173,Hewlett-Packard 300S Scientific Calculator,Technology,Machines
10309,OFF-AR-10001338,"Boston Canvas, Easy-Erase",Office Supplies,Art
10310,FUR-FU-10003217,"Tenex Frame, Durable",Furniture,Furnishings
10311,OFF-AR-10000767,"Binney & Smith Sketch Pad, Water Color",Office Supplies,Art
10312,OFF-EN-10001533,"Kraft Mailers, with clear poly window",Office Supplies,Envelopes
10313,TEC-MA-10002306,"Epson Phone, White",Technology,Machines
10314,OFF-EN-10003018,"GlobeWeis Clasp Envelope, Set of 50",Office Supplies,Envelopes
10315,OFF-AR-10001571,"Stanley Pens, Blue",Office Supplies,Art
10316,OFF-PA-10002258,"Green Bar Message Books, 8.5 x 11",Office Supplies,Paper
10317,TEC-MA-10003787,"Panasonic Inkjet, Wireless",Technology,Machines
10318,FUR-IKE-10002147,"Ikea 3-Shelf Cabinet, Traditional",Furniture,Bookcases
10319,OFF-AVE-10002102,"Avery File Folder Labels, Adjustable",Office Supplies,Labels
10320,OFF-AP-10002203,Eureka Disposable Bags for Sanitaire Vibra Groomer I Upright Vac,Office Supplies,Appliances
10321,FUR-BO-10003647,"Ikea Classic Bookcase, Pine",Furniture,Bookcases
10322,OFF-LA-10003967,"Smead Color Coded Labels, Adjustable",Office Supplies,Labels
10323,TEC-MA-10003101,"Panasonic Printer, Red",Technology,Machines
10324,OFF-EN-10004521,"Ames Manila Envelope, Security-Tint",Office Supplies,Envelopes
10325,OFF-ENE-10003066,"Enermax Memo Slips, Multicolor",Office Supplies,Paper
10326,TEC-MA-10001570,Cisco Desktop Collaboration Experience DX650 IP Video Phone,Technology,Machines
10327,FUR-SAF-10001428,"Safco Corner Shelving, Pine",Furniture,Bookcases
10328,OFF-STI-10001957,"Stiletto Ruler, Serrated",Office Supplies,Supplies
10329,OFF-BRE-10004073,"Breville Refrigerator, Red",Office Supplies,Appliances
10330,FUR-TA-10002951,"Barricks Round Table, Adjustable Height",Furniture,Tables
10331,OFF-AR-10004260,Boston 1799 Powerhouse Electric Pencil Sharpener,Office Supplies,Art
10332,FUR-TA-10003358,"Hon Round Table, Rectangular",Furniture,Tables
10333,TEC-PH-10003916,"Motorola Office Telephone, with Caller ID",Technology,Phones
10334,OFF-FA-10000907,"OIC Rubber Bands, Bulk Pack",Office Supplies,Fasteners
10335,OFF-HAM-10000430,"Hamilton Beach Blender, Black",Office Supplies,Appliances
10336,OFF-AP-10003884,"Fellowes Smart Surge Ten-Outlet Protector, Platinum",Office Supplies,Appliances
10337,OFF-HON-10001723,"Hon Color Coded Labels, 5000 Label Set",Office Supplies,Labels
10338,TEC-MA-10003673,Hewlett-Packard Desktjet 6988DT Refurbished Printer,Technology,Machines
10339,FUR-HON-10002837,"Hon Round Table, with Bottom Storage",Furniture,Tables
10340,OFF-AP-10000934,"Hamilton Beach Stove, Black",Office Supplies,Appliances
10341,FUR-TA-10003510,"Hon Computer Table, Fully Assembled",Furniture,Tables
10342,TEC-CO-10003813,"Sharp Ink, Color",Technology,Copiers
10343,TEC-AC-10004992,Kingston Digital DataTraveler 64GB USB 2.0,Technology,Accessories
10344,OFF-AP-10004274,"Hamilton Beach Blender, Black",Office Supplies,Appliances
10345,TEC-MOT-10001927,"Motorola Speaker Phone, VoIP",Technology,Phones
10346,TEC-CO-10003568,"HP Copy Machine, Color",Technology,Copiers
10347,FUR-BAR-10001039,"Barricks Coffee Table, Fully Assembled",Furniture,Tables
10348,OFF-ST-10004326,"Rogers Box, Single Width",Office Supplies,Storage
10349,OFF-FA-10000196,"OIC Paper Clips, Bulk Pack",Office Supplies,Fasteners
10350,FUR-FU-10000546,"Eldon Door Stop, Erganomic",Furniture,Furnishings
10351,FUR-TA-10000861,"Barricks Conference Table, with Bottom Storage",Furniture,Tables
10352,OFF-AP-10000195,"Cuisinart Stove, Black",Office Supplies,Appliances
10353,TEC-BRO-10004178,"Brother Wireless Fax, Laser",Technology,Copiers
10354,FUR-BO-10000820,"Sauder 3-Shelf Cabinet, Metal",Furniture,Bookcases
10355,OFF-EN-10004212,"Kraft Manila Envelope, Recycled",Office Supplies,Envelopes
10356,OFF-CUI-10002269,"Cuisinart Refrigerator, Red",Office Supplies,Appliances
10357,FUR-TA-10003782,"Lesro Training Table, Rectangular",Furniture,Tables
10358,OFF-STO-10001693,"Stockwell Paper Clips, Assorted Sizes",Office Supplies,Fasteners
10359,OFF-FA-10000790,"Stockwell Rubber Bands, Bulk Pack",Office Supplies,Fasteners
10360,FUR-BO-10000268,"Ikea 3-Shelf Cabinet, Traditional",Furniture,Bookcases
10361,OFF-AP-10002899,"Breville Toaster, Silver",Office Supplies,Appliances
10362,FUR-FU-10000674,"Rubbermaid Photo Frame, Erganomic",Furniture,Furnishings
10363,OFF-FA-10003703,"Accos Clamps, Assorted Sizes",Office Supplies,Fasteners
10364,OFF-AR-10002144,"Stanley Pens, Blue",Office Supplies,Art
10365,FUR-CH-10003772,"Office Star Chairmat, Red",Furniture,Chairs
10366,FUR-BO-10001452,"Dania Stackable Bookrack, Pine",Furniture,Bookcases
10367,OFF-ST-10003811,"Smead Lockers, Single Width",Office Supplies,Storage
10368,OFF-SU-10001595,"Kleencut Shears, Serrated",Office Supplies,Supplies
10369,FUR-CH-10002938,"Novimex Chairmat, Red",Furniture,Chairs
10370,OFF-FA-10004563,"Stockwell Clamps, Assorted Sizes",Office Supplies,Fasteners
10371,OFF-SU-10001412,"Fiskars Scissors, High Speed",Office Supplies,Supplies
10372,FUR-TA-10003307,"Barricks Conference Table, Fully Assembled",Furniture,Tables
10373,TEC-CO-10002323,"Brother Copy Machine, Color",Technology,Copiers
10374,OFF-SU-10001889,"Kleencut Letter Opener, Easy Grip",Office Supplies,Supplies
10375,FUR-FU-10002122,"Rubbermaid Frame, Duo Pack",Furniture,Furnishings
10376,OFF-SU-10000452,"Fiskars Letter Opener, Steel",Office Supplies,Supplies
10377,OFF-LA-10000425,"Smead Legal Exhibit Labels, Alphabetical",Office Supplies,Labels
10378,OFF-AR-10001598,"BIC Highlighters, Easy-Erase",Office Supplies,Art
10379,OFF-AP-10002008,"Hamilton Beach Microwave, Silver",Office Supplies,Appliances
10380,OFF-FA-10001272,"OIC Thumb Tacks, Assorted Sizes",Office Supplies,Fasteners
10381,TEC-CO-10003217,"Canon Wireless Fax, Laser",Technology,Copiers
10382,TEC-AC-10002389,"Enermax Mouse, USB",Technology,Accessories
10383,FUR-TA-10000593,"Chromcraft Training Table, Fully Assembled",Furniture,Tables
10384,OFF-PA-10003875,"Enermax Memo Slips, Multicolor",Office Supplies,Paper
10385,FUR-CH-10004642,"Hon Steel Folding Chair, Set of Two",Furniture,Chairs
10386,TEC-PH-10004707,"Samsung Signal Booster, Cordless",Technology,Phones
10387,OFF-ADV-10000425,"Advantus Clamps, Metal",Office Supplies,Fasteners
10388,FUR-TA-10004531,"Chromcraft Coffee Table, Rectangular",Furniture,Tables
10389,FUR-TA-10003449,"Chromcraft Coffee Table, Rectangular",Furniture,Tables
10390,TEC-MA-10003674,Hewlett-Packard Deskjet 5550 Printer,Technology,Machines
10391,FUR-BO-10004935,"Ikea Stackable Bookrack, Mobile",Furniture,Bookcases
10392,OFF-FA-10003749,"Advantus Rubber Bands, 12 Pack",Office Supplies,Fasteners
10393,OFF-STO-10000876,"Stockwell Push Pins, 12 Pack",Office Supplies,Fasteners
10394,TEC-MA-10002898,"StarTech Printer, Durable",Technology,Machines
10395,OFF-ENE-10002104,"Enermax Note Cards, Premium",Office Supplies,Paper
10396,TEC-MA-10000232,"Konica Card Printer, Durable",Technology,Machines
10397,OFF-LA-10002337,"Smead Shipping Labels, 5000 Label Set",Office Supplies,Labels
10398,OFF-LA-10004964,"Smead Shipping Labels, Adjustable",Office Supplies,Labels
10399,OFF-AR-10001130,"Quartet Alpha White Chalk, 12/Pack",Office Supplies,Art
10400,TEC-AC-10003417,"SanDisk Memory Card, Programmable",Technology,Accessories
10401,TEC-MA-10000858,"Panasonic Printer, White",Technology,Machines
10402,OFF-SU-10002002,"Fiskars Scissors, Steel",Office Supplies,Supplies
10403,OFF-BI-10002005,"Acco Index Tab, Clear",Office Supplies,Binders
10404,TEC-MA-10001792,"Epson Inkjet, White",Technology,Machines
10405,TEC-CO-10001343,"Canon Fax Machine, Digital",Technology,Copiers
10406,FUR-CH-10000920,"Novimex Executive Leather Armchair, Adjustable",Furniture,Chairs
10407,FUR-CH-10000604,"Office Star Rocking Chair, Set of Two",Furniture,Chairs
10408,OFF-CAM-10001141,"Cameo Manila Envelope, Security-Tint",Office Supplies,Envelopes
10409,OFF-PA-10003389,"Enermax Message Books, Recycled",Office Supplies,Paper
10410,OFF-FA-10003332,"Accos Push Pins, 12 Pack",Office Supplies,Fasteners
10411,OFF-FA-10003850,"Stockwell Push Pins, 12 Pack",Office Supplies,Fasteners
10412,OFF-SU-10003879,"Kleencut Shears, High Speed",Office Supplies,Supplies
10413,OFF-PA-10003205,"Wirebound Message Forms, Four 2 3/4 x 5 Forms per Page, Pink Paper",Office Supplies,Paper
10414,OFF-AP-10000285,"Breville Microwave, Silver",Office Supplies,Appliances
10415,OFF-ST-10001776,"Eldon Trays, Wire Frame",Office Supplies,Storage
10416,OFF-AP-10002041,"Cuisinart Toaster, White",Office Supplies,Appliances
10417,OFF-FA-10004243,"OIC Staples, Assorted Sizes",Office Supplies,Fasteners
10418,OFF-AR-10004746,"Binney & Smith Highlighters, Easy-Erase",Office Supplies,Art
10419,FUR-TA-10002582,"Barricks Coffee Table, Rectangular",Furniture,Tables
10420,TEC-CO-10003633,"Canon Ink, Laser",Technology,Copiers
10421,FUR-TA-10001833,"Bevis Round Table, Fully Assembled",Furniture,Tables
10422,FUR-BO-10000008,"Sauder Library with Doors, Traditional",Furniture,Bookcases
10423,OFF-LA-10002770,"Novimex Color Coded Labels, Adjustable",Office Supplies,Labels
10424,TEC-AC-10000462,"Logitech Keyboard, Programmable",Technology,Accessories
10425,TEC-MA-10001841,"Konica Printer, White",Technology,Machines
10426,OFF-PA-10004627,"Eaton Computer Printout Paper, Multicolor",Office Supplies,Paper
10427,OFF-AP-10000423,"Breville Refrigerator, Red",Office Supplies,Appliances
10428,TEC-MA-10003326,"Epson Printer, Red",Technology,Machines
10429,OFF-AP-10000916,"KitchenAid Microwave, Black",Office Supplies,Appliances
10430,TEC-AC-10001455,"Logitech Memory Card, Erganomic",Technology,Accessories
10431,OFF-LA-10004112,"Hon Shipping Labels, Alphabetical",Office Supplies,Labels
10432,OFF-EN-10000182,"Jiffy Peel and Seal, Security-Tint",Office Supplies,Envelopes
10433,OFF-AR-10001645,"Boston Pens, Blue",Office Supplies,Art
10434,OFF-PA-10003729,Xerox 1998,Office Supplies,Paper
10435,OFF-LA-10000707,"Avery Legal Exhibit Labels, Adjustable",Office Supplies,Labels
10436,TEC-PH-10002590,"Motorola Audio Dock, Cordless",Technology,Phones
10437,OFF-PA-10003640,"Eaton Cards & Envelopes, Recycled",Office Supplies,Paper
10438,OFF-EN-10001823,"Cameo Mailers, Recycled",Office Supplies,Envelopes
10439,FUR-IKE-10003771,"Ikea Corner Shelving, Traditional",Furniture,Bookcases
10440,FUR-DEF-10000720,"Deflect-O Door Stop, Duo Pack",Furniture,Furnishings
10441,OFF-SU-10002429,"Fiskars Box Cutter, Steel",Office Supplies,Supplies
10442,TEC-PH-10000038,"Nokia Speaker Phone, with Caller ID",Technology,Phones
10443,OFF-SU-10002611,"Fiskars Ruler, Serrated",Office Supplies,Supplies
10444,OFF-AP-10002244,"Breville Refrigerator, White",Office Supplies,Appliances
10445,OFF-ST-10002250,"Smead Folders, Industrial",Office Supplies,Storage
10446,TEC-CO-10001678,"Brother Fax Machine, Digital",Technology,Copiers
10447,OFF-EN-10004981,"Ames Interoffice Envelope, with clear poly window",Office Supplies,Envelopes
10448,OFF-PA-10000522,"Green Bar Message Books, Multicolor",Office Supplies,Paper
10449,FUR-FU-10000669,"Eldon Stacking Tray, Duo Pack",Furniture,Furnishings
10450,OFF-BI-10000960,"Wilson Jones Hole Reinforcements, Clear",Office Supplies,Binders
10451,OFF-AP-10001692,"KitchenAid Stove, Black",Office Supplies,Appliances
10452,OFF-BRE-10003558,"Breville Refrigerator, White",Office Supplies,Appliances
10453,FUR-CH-10000689,"SAFCO Chairmat, Red",Furniture,Chairs
10454,FUR-CH-10002317,Global Enterprise Series Seating Low-Back Swivel/Tilt Chairs,Furniture,Chairs
10455,OFF-AP-10004372,"Hoover Coffee Grinder, White",Office Supplies,Appliances
10456,TEC-MA-10000572,"Epson Card Printer, Red",Technology,Machines
10457,OFF-BI-10000216,"Mead 1st Gear 2"" Zipper Binder, Asst. Colors",Office Supplies,Binders
10458,OFF-SU-10003355,"Acme Trimmer, Steel",Office Supplies,Supplies
10459,TEC-AC-10003920,"Belkin Keyboard, Bluetooth",Technology,Accessories
10460,OFF-EN-10003854,"Jiffy Clasp Envelope, Security-Tint",Office Supplies,Envelopes
10461,FUR-TA-10001602,"Barricks Round Table, Adjustable Height",Furniture,Tables
10462,TEC-MA-10004408,"Konica Inkjet, Durable",Technology,Machines
10463,FUR-BO-10000311,"Safco Floating Shelf Set, Metal",Furniture,Bookcases
10464,OFF-SU-10001791,"Elite Box Cutter, Serrated",Office Supplies,Supplies
10465,OFF-SU-10001980,"Acme Letter Opener, High Speed",Office Supplies,Supplies
10466,TEC-PH-10000879,"Cisco Smart Phone, Full Size",Technology,Phones
10467,TEC-PH-10002867,"Apple Signal Booster, Cordless",Technology,Phones
10468,TEC-PH-10003220,"Cisco Headset, VoIP",Technology,Phones
10469,OFF-EN-10001727,"Jiffy Business Envelopes, Recycled",Office Supplies,Envelopes
10470,OFF-SU-10001343,"Elite Scissors, High Speed",Office Supplies,Supplies
10471,FUR-TA-10003771,"Hon Computer Table, Adjustable Height",Furniture,Tables
10472,FUR-BO-10004316,"Bush 3-Shelf Cabinet, Pine",Furniture,Bookcases
10473,FUR-CH-10002273,"Harbour Creations Rocking Chair, Black",Furniture,Chairs
10474,OFF-ST-10003293,"Smead File Cart, Single Width",Office Supplies,Storage
10475,TEC-CO-10002681,"HP Personal Copier, Digital",Technology,Copiers
10476,TEC-AC-10002148,"Belkin Keyboard, Programmable",Technology,Accessories
10477,FUR-CH-10000774,"SAFCO Rocking Chair, Set of Two",Furniture,Chairs
10478,FUR-FU-10003219,"Eldon Frame, Erganomic",Furniture,Furnishings
10479,TEC-MA-10002093,"StarTech Card Printer, Durable",Technology,Machines
10480,OFF-ST-10004794,"Rogers Shelving, Blue",Office Supplies,Storage
10481,FUR-BEV-10004805,"Bevis Conference Table, Rectangular",Furniture,Tables
10482,TEC-EPS-10001129,"Epson Inkjet, White",Technology,Machines
10483,OFF-AP-10002960,"Hamilton Beach Toaster, Black",Office Supplies,Appliances
10484,TEC-AC-10003052,"SanDisk Mouse, Programmable",Technology,Accessories
10485,OFF-NOV-10002610,"Novimex File Folder Labels, Alphabetical",Office Supplies,Labels
10486,FUR-TA-10000687,"Bevis Conference Table, with Bottom Storage",Furniture,Tables
10487,FUR-CH-10002980,"Hon Executive Leather Armchair, Red",Furniture,Chairs
10488,OFF-AR-10002331,"Binney & Smith Canvas, Blue",Office Supplies,Art
10489,FUR-BO-10001585,"Sauder Floating Shelf Set, Mobile",Furniture,Bookcases
10490,FUR-CH-10004026,"SAFCO Rocking Chair, Adjustable",Furniture,Chairs
10491,TEC-MA-10002368,"Panasonic Receipt Printer, White",Technology,Machines
10492,OFF-EN-10002066,"Kraft Interoffice Envelope, with clear poly window",Office Supplies,Envelopes
10493,TEC-MA-10000379,"Okidata Phone, Wireless",Technology,Machines
10494,FUR-FU-10000204,"Advantus Door Stop, Durable",Furniture,Furnishings
10495,OFF-ACC-10004782,"Accos Staples, Metal",Office Supplies,Fasteners
10496,OFF-AP-10003240,"Breville Stove, Black",Office Supplies,Appliances
10497,OFF-AP-10003135,"KitchenAid Toaster, White",Office Supplies,Appliances
10498,FUR-BUS-10004622,"Bush Corner Shelving, Pine",Furniture,Bookcases
10499,FUR-TA-10003405,"Lesro Computer Table, Adjustable Height",Furniture,Tables
10500,OFF-BI-10002734,"Wilson Jones Binder Covers, Clear",Office Supplies,Binders
10501,OFF-PA-10003681,"Green Bar Message Books, Premium",Office Supplies,Paper
10502,FUR-BO-10002529,"Safco Library with Doors, Metal",Furniture,Bookcases
10503,TEC-AC-10004666,Maxell iVDR EX 500GB Cartridge,Technology,Accessories
10504,OFF-BI-10000051,"Ibico Binding Machine, Economy",Office Supplies,Binders
10505,OFF-EN-10003049,"GlobeWeis Clasp Envelope, Security-Tint",Office Supplies,Envelopes
10506,OFF-SU-10004317,"Kleencut Box Cutter, Easy Grip",Office Supplies,Supplies
10507,OFF-PA-10003424,"""While you Were Out"" Message Book, One Form per Page",Office Supplies,Paper
10508,FUR-BO-10000112,"Bush Birmingham Collection Bookcase, Dark Cherry",Furniture,Bookcases
10509,OFF-KIT-10001213,"KitchenAid Refrigerator, Black",Office Supplies,Appliances
10510,OFF-EN-10001038,"Jiffy Mailers, Set of 50",Office Supplies,Envelopes
10511,TEC-PAN-10004279,"Panasonic Phone, Durable",Technology,Machines
10512,OFF-PA-10003527,"Xerox Memo Slips, 8.5 x 11",Office Supplies,Paper
10513,FUR-TA-10004820,"Barricks Wood Table, Fully Assembled",Furniture,Tables
10514,FUR-TA-10001276,"Lesro Training Table, Fully Assembled",Furniture,Tables
10515,FUR-TA-10000355,"Bevis Wood Table, with Bottom Storage",Furniture,Tables
10516,TEC-PH-10003078,"Cisco Speaker Phone, with Caller ID",Technology,Phones
10517,OFF-EN-10002808,"Cameo Business Envelopes, Set of 50",Office Supplies,Envelopes
10518,FUR-FU-10003336,"Eldon Door Stop, Erganomic",Furniture,Furnishings
10519,OFF-BI-10004193,"Avery Index Tab, Clear",Office Supplies,Binders
10520,OFF-EN-10001621,"GlobeWeis Business Envelopes, Security-Tint",Office Supplies,Envelopes
10521,FUR-TA-10004649,"Barricks Round Table, Rectangular",Furniture,Tables
10522,OFF-AP-10000818,"Hoover Blender, Black",Office Supplies,Appliances
10523,FUR-TA-10003568,"Chromcraft Conference Table, Rectangular",Furniture,Tables
10524,TEC-PH-10000127,iOttie XL Car Mount,Technology,Phones
10525,OFF-LA-10001026,"Harbour Creations File Folder Labels, 5000 Label Set",Office Supplies,Labels
10526,OFF-LA-10002900,"Harbour Creations File Folder Labels, Alphabetical",Office Supplies,Labels
10527,FUR-HON-10001622,"Hon Chairmat, Red",Furniture,Chairs
10528,FUR-CH-10004992,"Hon Bag Chairs, Red",Furniture,Chairs
10529,TEC-CO-10000407,"HP Copy Machine, Color",Technology,Copiers
10530,TEC-AC-10000115,"SanDisk Keyboard, USB",Technology,Accessories
10531,OFF-SU-10000697,"Kleencut Ruler, Serrated",Office Supplies,Supplies
10532,FUR-LES-10002616,"Lesro Conference Table, with Bottom Storage",Furniture,Tables
10533,FUR-TA-10004748,"Bevis Coffee Table, Fully Assembled",Furniture,Tables
10534,OFF-AP-10004041,"KitchenAid Microwave, White",Office Supplies,Appliances
10535,FUR-BEV-10002803,"Bevis Conference Table, Fully Assembled",Furniture,Tables
10536,FUR-BO-10003404,"Global Adaptabilites Bookcase, Cherry/Storm Gray Finish",Furniture,Bookcases
10537,TEC-MA-10004626,Lexmark 20R1285 X6650 Wireless All-in-One Printer,Technology,Machines
10538,OFF-PA-10002001,Xerox 1984,Office Supplies,Paper
10539,FUR-BAR-10000560,"Barricks Round Table, with Bottom Storage",Furniture,Tables
10540,OFF-EN-10000975,"Ames Manila Envelope, Set of 50",Office Supplies,Envelopes
10541,OFF-EN-10001733,"Cameo Interoffice Envelope, with clear poly window",Office Supplies,Envelopes
10542,OFF-PA-10000673,"Post-it Important Message Note Pad, Neon Colors, 50 Sheets/Pad",Office Supplies,Paper
10543,OFF-EN-10003979,"Kraft Clasp Envelope, with clear poly window",Office Supplies,Envelopes
10544,FUR-NOV-10000669,"Novimex Chairmat, Set of Two",Furniture,Chairs
10545,TEC-CO-10003420,"Sharp Wireless Fax, High-Speed",Technology,Copiers
10546,OFF-AR-10003620,"Boston Pencil Sharpener, Water Color",Office Supplies,Art
10547,OFF-AR-10003896,"Stride Job 150 Highlighters, Chisel Tip, Assorted Colors",Office Supplies,Art
10548,OFF-AP-10000162,"Breville Microwave, Black",Office Supplies,Appliances
10549,FUR-CH-10001187,"Novimex Chairmat, Set of Two",Furniture,Chairs
10550,FUR-CH-10002435,"Novimex Executive Leather Armchair, Black",Furniture,Chairs
10551,TEC-PH-10002699,"Cisco Signal Booster, Full Size",Technology,Phones
10552,FUR-FU-10002019,"Eldon Light Bulb, Durable",Furniture,Furnishings
10553,OFF-EN-10004801,"Ames Clasp Envelope, Security-Tint",Office Supplies,Envelopes
10554,OFF-EN-10004030,"Kraft Mailers, Security-Tint",Office Supplies,Envelopes
10555,TEC-MA-10001031,Socket Bluetooth Cordless Hand Scanner (CHS),Technology,Machines
10556,OFF-ST-10003331,"Rogers File Cart, Single Width",Office Supplies,Storage
10557,OFF-EN-10002427,"Ames Manila Envelope, Recycled",Office Supplies,Envelopes
10558,OFF-ACM-10004150,"Acme Ruler, Serrated",Office Supplies,Supplies
10559,TEC-MA-10003441,"Okidata Inkjet, Wireless",Technology,Machines
10560,FUR-FU-10002055,"Eldon Light Bulb, Black",Furniture,Furnishings
10561,OFF-LA-10004916,"Harbour Creations Shipping Labels, Laser Printer Compatible",Office Supplies,Labels
10562,OFF-BI-10003253,"Ibico Index Tab, Economy",Office Supplies,Binders
10563,FUR-BEV-10001048,"Bevis Conference Table, with Bottom Storage",Furniture,Tables
10564,TEC-MA-10003066,Wasp CCD Handheld Bar Code Reader,Technology,Machines
10565,FUR-BO-10000807,"Sauder Floating Shelf Set, Mobile",Furniture,Bookcases
10566,FUR-TA-10000490,"Lesro Training Table, with Bottom Storage",Furniture,Tables
10567,TEC-MA-10001098,"StarTech Printer, Durable",Technology,Machines
10568,TEC-MA-10003251,"Konica Phone, White",Technology,Machines
10569,OFF-LA-10002688,"Hon File Folder Labels, Adjustable",Office Supplies,Labels
10570,OFF-AP-10000672,"KitchenAid Stove, White",Office Supplies,Appliances
10571,OFF-BI-10001089,"Acco Binding Machine, Clear",Office Supplies,Binders
10572,FUR-CH-10003894,"Harbour Creations Steel Folding Chair, Adjustable",Furniture,Chairs
10573,TEC-CO-10001162,"HP Fax and Copier, Color",Technology,Copiers
10574,OFF-PA-10004673,"Green Bar Memo Slips, Recycled",Office Supplies,Paper
10575,FUR-TA-10000519,"Bevis Computer Table, Fully Assembled",Furniture,Tables
10576,OFF-AR-10004790,Staples,Office Supplies,Art
10577,FUR-TA-10000991,"Lesro Computer Table, Adjustable Height",Furniture,Tables
10578,FUR-TA-10003637,"Lesro Coffee Table, with Bottom Storage",Furniture,Tables
10579,OFF-ST-10001073,"Eldon File Cart, Single Width",Office Supplies,Storage
10580,OFF-EN-10003920,"Jiffy Business Envelopes, Set of 50",Office Supplies,Envelopes
10581,OFF-LA-10004166,"Avery Legal Exhibit Labels, 5000 Label Set",Office Supplies,Labels
10582,OFF-PA-10001639,"Enermax Memo Slips, 8.5 x 11",Office Supplies,Paper
10583,OFF-STO-10001916,"Stockwell Clamps, Metal",Office Supplies,Fasteners
10584,TEC-PH-10004626,"Cisco Smart Phone, with Caller ID",Technology,Phones
10585,OFF-AP-10004698,"Breville Microwave, Red",Office Supplies,Appliances
10586,TEC-CO-10003166,"Canon Fax Machine, Color",Technology,Copiers
10587,OFF-LA-10003119,"Hon Color Coded Labels, 5000 Label Set",Office Supplies,Labels
10588,OFF-PA-10003919,Xerox 1989,Office Supplies,Paper
10589,OFF-PA-10003981,"SanDisk Note Cards, Premium",Office Supplies,Paper
10590,OFF-SU-10001891,"Stiletto Box Cutter, Easy Grip",Office Supplies,Supplies
10591,OFF-AR-10002818,Panasonic KP-310 Heavy-Duty Electric Pencil Sharpener,Office Supplies,Art
10592,FUR-TA-10002935,"Bevis Coffee Table, Adjustable Height",Furniture,Tables
10593,TEC-MA-10002525,"StarTech Phone, Durable",Technology,Machines
10594,OFF-BI-10002061,"Ibico Binder, Recycled",Office Supplies,Binders
10595,OFF-ELI-10003732,"Elite Letter Opener, Easy Grip",Office Supplies,Supplies
10596,OFF-AP-10002933,"Hoover Blender, Silver",Office Supplies,Appliances
10597,OFF-AR-10000925,"Stanley Canvas, Easy-Erase",Office Supplies,Art
10598,OFF-FA-10004813,"Advantus Clamps, Metal",Office Supplies,Fasteners
10599,OFF-ST-10004431,"Fellowes Trays, Single Width",Office Supplies,Storage
10600,TEC-MA-10004902,"Konica Phone, Wireless",Technology,Machines
10601,OFF-ST-10003807,"Eldon Folders, Wire Frame",Office Supplies,Storage
10602,FUR-IKE-10003053,"Ikea 3-Shelf Cabinet, Mobile",Furniture,Bookcases
10603,TEC-MA-10001128,"StarTech Card Printer, White",Technology,Machines
10604,OFF-EN-10004507,"GlobeWeis Mailers, Set of 50",Office Supplies,Envelopes
10605,OFF-SU-10003046,"Elite Letter Opener, Steel",Office Supplies,Supplies
10606,TEC-CO-10000279,"Hewlett Personal Copier, High-Speed",Technology,Copiers
10607,FUR-CH-10000527,"Office Star Executive Leather Armchair, Adjustable",Furniture,Chairs
10608,OFF-PA-10001578,"Eaton Computer Printout Paper, Multicolor",Office Supplies,Paper
10609,FUR-BO-10004312,"Bush Floating Shelf Set, Traditional",Furniture,Bookcases
10610,OFF-PA-10003739,Xerox 1969,Office Supplies,Paper
10611,FUR-TA-10004154,"Lesro Round Table, Adjustable Height",Furniture,Tables
10612,OFF-AP-10004978,"KitchenAid Coffee Grinder, Red",Office Supplies,Appliances
10613,TEC-MA-10003816,"Epson Calculator, White",Technology,Machines
10614,FUR-FU-10002246,"Tenex Frame, Duo Pack",Furniture,Furnishings
10615,TEC-MA-10004236,"StarTech Inkjet, Durable",Technology,Machines
10616,OFF-AP-10001058,"Cuisinart Microwave, White",Office Supplies,Appliances
10617,OFF-BI-10001284,"Ibico Hole Reinforcements, Clear",Office Supplies,Binders
10618,TEC-MA-10002263,"Panasonic Inkjet, White",Technology,Machines
10619,OFF-AP-10004821,"Hamilton Beach Stove, Black",Office Supplies,Appliances
10620,OFF-AP-10001920,"KitchenAid Microwave, Silver",Office Supplies,Appliances
10621,FUR-NOV-10000283,"Novimex Chairmat, Black",Furniture,Chairs
10622,TEC-AC-10002842,"Memorex Mouse, Bluetooth",Technology,Accessories
10623,OFF-BI-10000631,"Wilson Jones 3-Hole Punch, Economy",Office Supplies,Binders
10624,FUR-CH-10001805,"Office Star Chairmat, Set of Two",Furniture,Chairs
10625,FUR-CHR-10000888,"Chromcraft Computer Table, Fully Assembled",Furniture,Tables
10626,TEC-CO-10002812,"Canon Ink, Color",Technology,Copiers
10627,FUR-TA-10001090,"Chromcraft Round Table, Rectangular",Furniture,Tables
10628,FUR-FU-10001322,"Deflect-O Clock, Durable",Furniture,Furnishings
10629,TEC-AC-10001075,"Belkin Keyboard, USB",Technology,Accessories
10630,FUR-CH-10004007,"SAFCO Steel Folding Chair, Set of Two",Furniture,Chairs
10631,OFF-ST-10001458,"Rogers Folders, Blue",Office Supplies,Storage
10632,OFF-FA-10003991,"Stockwell Staples, Bulk Pack",Office Supplies,Fasteners
10633,OFF-BI-10001049,"Ibico Index Tab, Clear",Office Supplies,Binders
10634,TEC-MA-10004125,Cubify CubeX 3D Printer Triple Head Print,Technology,Machines
10635,TEC-PH-10002517,"Cisco Speaker Phone, Cordless",Technology,Phones
10636,TEC-MA-10001940,"Okidata Card Printer, Wireless",Technology,Machines
10637,OFF-ST-10001414,"Rogers Lockers, Wire Frame",Office Supplies,Storage
10638,OFF-BI-10002277,"Wilson Jones 3-Hole Punch, Recycled",Office Supplies,Binders
10639,OFF-PA-10000655,"Enermax Parchment Paper, Multicolor",Office Supplies,Paper
10640,OFF-AR-10003253,"Boston Pencil Sharpener, Water Color",Office Supplies,Art
10641,OFF-PA-10000318,"Green Bar Parchment Paper, 8.5 x 11",Office Supplies,Paper
10642,OFF-SU-10002414,"Stiletto Ruler, Easy Grip",Office Supplies,Supplies
10643,OFF-PA-10003835,"SanDisk Memo Slips, Premium",Office Supplies,Paper
10644,OFF-AP-10004711,"Breville Refrigerator, Silver",Office Supplies,Appliances
10645,FUR-TA-10001600,"Lesro Coffee Table, Fully Assembled",Furniture,Tables
10646,OFF-AP-10003304,"Cuisinart Microwave, White",Office Supplies,Appliances
10647,FUR-BO-10000623,"Safco Library with Doors, Metal",Furniture,Bookcases
10648,OFF-ST-10001414,Decoflex Hanging Personal Folder File,Office Supplies,Storage
10649,TEC-HEW-10002302,"Hewlett Copy Machine, Color",Technology,Copiers
10650,FUR-TA-10002093,"Chromcraft Wood Table, Adjustable Height",Furniture,Tables
10651,TEC-PH-10000490,"Motorola Audio Dock, Full Size",Technology,Phones
10652,OFF-AP-10002264,"KitchenAid Blender, White",Office Supplies,Appliances
10653,TEC-MA-10001832,"Okidata Card Printer, Durable",Technology,Machines
10654,OFF-SME-10004926,"Smead File Folder Labels, Laser Printer Compatible",Office Supplies,Labels
10655,OFF-BI-10002607,"Ibico Binder Covers, Clear",Office Supplies,Binders
10656,TEC-MA-10004303,"Panasonic Receipt Printer, Durable",Technology,Machines
10657,OFF-BI-10004769,"Wilson Jones Index Tab, Economy",Office Supplies,Binders
10658,OFF-LA-10001194,"Novimex Removable Labels, Adjustable",Office Supplies,Labels
10659,FUR-TA-10001056,"Barricks Conference Table, Adjustable Height",Furniture,Tables
10660,FUR-BO-10003589,"Dania Floating Shelf Set, Traditional",Furniture,Bookcases
10661,TEC-AC-10000025,"SanDisk Memory Card, Bluetooth",Technology,Accessories
10662,FUR-TA-10003228,"Hon Computer Table, Fully Assembled",Furniture,Tables
10663,TEC-MA-10003154,"Panasonic Printer, Red",Technology,Machines
10664,OFF-BI-10000359,"Ibico Binder Covers, Durable",Office Supplies,Binders
10665,OFF-PA-10002558,Xerox 1938,Office Supplies,Paper
10666,OFF-STO-10000041,"Stockwell Staples, 12 Pack",Office Supplies,Fasteners
10667,OFF-BI-10001456,"Avery Binder, Economy",Office Supplies,Binders
10668,OFF-EN-10003544,"Ames Peel and Seal, Recycled",Office Supplies,Envelopes
10669,OFF-FA-10002900,"Stockwell Thumb Tacks, 12 Pack",Office Supplies,Fasteners
10670,OFF-AP-10003621,"KitchenAid Refrigerator, Red",Office Supplies,Appliances
10671,TEC-PH-10001289,"Motorola Smart Phone, Full Size",Technology,Phones
10672,FUR-FU-10001091,"Eldon Photo Frame, Erganomic",Furniture,Furnishings
10673,FUR-FU-10003725,"Advantus Light Bulb, Erganomic",Furniture,Furnishings
10674,OFF-PA-10000308,Xerox 1901,Office Supplies,Paper
10675,TEC-AC-10002364,"Enermax Router, USB",Technology,Accessories
10676,FUR-SAU-10002043,"Sauder Floating Shelf Set, Metal",Furniture,Bookcases
10677,OFF-EN-10001346,"GlobeWeis Interoffice Envelope, Security-Tint",Office Supplies,Envelopes
10678,OFF-AP-10003577,"Cuisinart Blender, Black",Office Supplies,Appliances
10679,OFF-EN-10003520,"Kraft Mailers, Recycled",Office Supplies,Envelopes
10680,OFF-FA-10004108,"Accos Rubber Bands, 12 Pack",Office Supplies,Fasteners
10681,TEC-AC-10002815,"SanDisk Keyboard, Erganomic",Technology,Accessories
10682,FUR-BO-10001507,"Ikea Library with Doors, Traditional",Furniture,Bookcases
10683,FUR-BO-10001876,"Safco Corner Shelving, Pine",Furniture,Bookcases
10684,FUR-TA-10003254,"Bevis Round Table, Adjustable Height",Furniture,Tables
10685,TEC-MA-10003404,"Konica Card Printer, Durable",Technology,Machines
10686,TEC-MA-10003886,"Panasonic Phone, Wireless",Technology,Machines
10687,OFF-SME-10000950,"Smead Color Coded Labels, 5000 Label Set",Office Supplies,Labels
10688,FUR-BUS-10003724,"Bush Corner Shelving, Metal",Furniture,Bookcases
10689,FUR-FU-10003339,"Tenex Clock, Black",Furniture,Furnishings
10690,OFF-AP-10003442,"Hamilton Beach Coffee Grinder, Black",Office Supplies,Appliances
10691,OFF-FA-10003668,"Accos Rubber Bands, 12 Pack",Office Supplies,Fasteners
10692,OFF-ST-10002119,"Rogers Shelving, Industrial",Office Supplies,Storage
10693,OFF-BI-10002711,"Acco Binding Machine, Clear",Office Supplies,Binders
10694,OFF-FA-10001111,"Advantus Rubber Bands, 12 Pack",Office Supplies,Fasteners
10695,OFF-FA-10001039,"Stockwell Clamps, 12 Pack",Office Supplies,Fasteners
10696,TEC-MA-10002952,"StarTech Calculator, White",Technology,Machines
10697,FUR-CH-10002228,"Harbour Creations Steel Folding Chair, Set of Two",Furniture,Chairs
10698,OFF-EN-10001454,"Cameo Manila Envelope, with clear poly window",Office Supplies,Envelopes
10699,OFF-SU-10002327,"Fiskars Ruler, Easy Grip",Office Supplies,Supplies
10700,OFF-AR-10000814,"Binney & Smith Canvas, Fluorescent",Office Supplies,Art
10701,FUR-FU-10002407,"Deflect-O Light Bulb, Duo Pack",Furniture,Furnishings
10702,OFF-KLE-10001381,"Kleencut Scissors, Easy Grip",Office Supplies,Supplies
10703,TEC-EPS-10004965,"Epson Inkjet, Wireless",Technology,Machines
10704,TEC-PH-10003982,"Cisco Speaker Phone, VoIP",Technology,Phones
10705,FUR-IKE-10003251,"Ikea Floating Shelf Set, Mobile",Furniture,Bookcases
10706,OFF-AP-10002057,"Breville Coffee Grinder, Black",Office Supplies,Appliances
10707,OFF-SME-10000258,"Smead Removable Labels, 5000 Label Set",Office Supplies,Labels
10708,TEC-PH-10001468,Panasonic Business Telephones KX-T7736,Technology,Phones
10709,TEC-AC-10001592,"Enermax Flash Drive, Programmable",Technology,Accessories
10710,OFF-PA-10002671,"Enermax Memo Slips, 8.5 x 11",Office Supplies,Paper
10711,OFF-AP-10000534,"KitchenAid Toaster, Silver",Office Supplies,Appliances
10712,OFF-LA-10000220,"Hon Removable Labels, Laser Printer Compatible",Office Supplies,Labels
10713,FUR-TA-10002650,"Hon Wood Table, with Bottom Storage",Furniture,Tables
10714,FUR-TA-10001572,"Hon Wood Table, Rectangular",Furniture,Tables
10715,TEC-MA-10001856,Okidata C610n Printer,Technology,Machines
10716,TEC-PH-10000072,"Cisco Speaker Phone, VoIP",Technology,Phones
10717,TEC-MA-10002242,"StarTech Calculator, Durable",Technology,Machines
10718,TEC-EPS-10001473,"Epson Calculator, Durable",Technology,Machines
10719,OFF-PA-10000206,"Green Bar Message Books, Recycled",Office Supplies,Paper
10720,TEC-MA-10000772,"Okidata Phone, Durable",Technology,Machines
10721,FUR-TA-10004134,"Barricks Training Table, with Bottom Storage",Furniture,Tables
10722,OFF-SU-10002831,"Acme Scissors, High Speed",Office Supplies,Supplies
10723,OFF-SU-10003780,"Elite Ruler, High Speed",Office Supplies,Supplies
10724,OFF-SU-10002230,"Fiskars Trimmer, Serrated",Office Supplies,Supplies
10725,OFF-AP-10003477,"Hamilton Beach Blender, Silver",Office Supplies,Appliances
10726,FUR-TA-10004810,"Barricks Computer Table, Adjustable Height",Furniture,Tables
10727,TEC-MA-10001598,"Panasonic Card Printer, Wireless",Technology,Machines
10728,FUR-CH-10000373,"Hon Steel Folding Chair, Set of Two",Furniture,Chairs
10729,FUR-CH-10003750,"Harbour Creations Rocking Chair, Red",Furniture,Chairs
10730,TEC-HEW-10001056,"Hewlett Ink, High-Speed",Technology,Copiers
10731,FUR-BEV-10001217,"Bevis Wood Table, Fully Assembled",Furniture,Tables
10732,FUR-TA-10003576,"Hon Coffee Table, Adjustable Height",Furniture,Tables
10733,FUR-BO-10000533,"Dania Corner Shelving, Pine",Furniture,Bookcases
10734,FUR-TA-10001289,"Lesro Conference Table, Fully Assembled",Furniture,Tables
10735,FUR-CH-10002275,"Novimex Executive Leather Armchair, Adjustable",Furniture,Chairs
10736,TEC-AC-10000657,"Enermax Memory Card, Bluetooth",Technology,Accessories
10737,TEC-PH-10000611,"Samsung Signal Booster, VoIP",Technology,Phones
10738,OFF-BI-10003364,"Cardinal 3-Hole Punch, Clear",Office Supplies,Binders
10739,OFF-AR-10003688,"Sanford Canvas, Blue",Office Supplies,Art
10740,TEC-CAN-10001256,"Canon Wireless Fax, High-Speed",Technology,Copiers
10741,OFF-PA-10001858,"SanDisk Message Books, Multicolor",Office Supplies,Paper
10742,OFF-EN-10002926,"Cameo Mailers, Set of 50",Office Supplies,Envelopes
10743,OFF-FA-10003531,"Accos Thumb Tacks, Bulk Pack",Office Supplies,Fasteners
10744,FUR-BO-10002206,"Bush Saratoga Collection 5-Shelf Bookcase, Hanover Cherry, *Special Order",Furniture,Bookcases
10745,OFF-HAM-10004471,"Hamilton Beach Coffee Grinder, Silver",Office Supplies,Appliances
10746,OFF-LA-10000473,"Harbour Creations File Folder Labels, Alphabetical",Office Supplies,Labels
10747,FUR-SAF-10000204,"Safco Library with Doors, Metal",Furniture,Bookcases
10748,OFF-BOS-10001753,"Boston Highlighters, Water Color",Office Supplies,Art
10749,FUR-BO-10000655,"Dania Classic Bookcase, Traditional",Furniture,Bookcases
10750,FUR-BO-10004434,"Ikea Library with Doors, Traditional",Furniture,Bookcases
10751,FUR-TA-10001558,"Barricks Training Table, Rectangular",Furniture,Tables
10752,FUR-CH-10001220,"Harbour Creations Chairmat, Set of Two",Furniture,Chairs
10753,TEC-AC-10003987,"Logitech Numeric Keypad, Programmable",Technology,Accessories
10754,OFF-EN-10004173,"Jiffy Manila Envelope, Set of 50",Office Supplies,Envelopes
10755,OFF-SU-10003866,"Acme Ruler, Easy Grip",Office Supplies,Supplies
10756,OFF-PA-10003052,"Green Bar Message Books, Recycled",Office Supplies,Paper
10757,TEC-CO-10002040,"Hewlett Fax and Copier, High-Speed",Technology,Copiers
10758,OFF-AR-10001162,"BIC Pencil Sharpener, Blue",Office Supplies,Art
10759,TEC-CO-10002065,"HP Fax Machine, High-Speed",Technology,Copiers
10760,FUR-BEV-10002193,"Bevis Round Table, Adjustable Height",Furniture,Tables
10761,FUR-FU-10003512,"Eldon Stacking Tray, Erganomic",Furniture,Furnishings
10762,OFF-LA-10003376,"Hon Shipping Labels, Adjustable",Office Supplies,Labels
10763,OFF-AP-10003497,"Breville Coffee Grinder, Black",Office Supplies,Appliances
10764,TEC-MA-10003315,"Panasonic Card Printer, Red",Technology,Machines
10765,FUR-ELD-10001163,"Eldon Frame, Erganomic",Furniture,Furnishings
10766,FUR-TA-10004504,"Lesro Computer Table, with Bottom Storage",Furniture,Tables
10767,FUR-TA-10002557,"Barricks Conference Table, Rectangular",Furniture,Tables
10768,OFF-FA-10000089,Acco Glide Clips,Office Supplies,Fasteners
